Eigvals	84
5.6138077490128815	3.872213764169758	1.514157373727655	1.076509929698256	1.0461902233627869	0.9345895085832018	0.8768618997292903	0.7165553301406972	0.5459287019545876	0.5097086445888939	0.49364052869674413	0.4059883936375059	0.3853147558201561	0.3676812956954318	0.3307081145991747	0.28217563572550236	0.2676962339253334	0.26222380071818646	0.2552052804345896	0.24040219781105188	0.22744524864444365	0.202100381554848	0.1889575190263432	0.1654307605560924	0.16099939656722662	0.14657331281548097	0.13757655704945795	0.13073057929271784	0.12805832028273667	0.12158162848493671	0.12131375065506388	0.11223378956326803	0.10507264543494689	0.10312535176833725	0.09670686573870849	0.09526482513851334	0.08885218497933511	0.08640480312329347	0.08423421360427612	0.08153112499660284	0.07188052588859278	0.07093342806521277	0.06820004356848625	0.06346628019118941	0.061000223200733936	0.057590634654406295	0.055863028064984596	0.05512132746884277	0.05110327627703061	0.04952025397578767	0.04815474166284879	0.04650344351106726	0.04564653482902925	0.04316985362393799	0.04057493290029199	0.03870979226064003	0.03701522667853001	0.0354753512349084	0.035059800010573766	0.033063958445920874	0.02967064731474767	0.028518941925559104	0.027390105096208702	0.025160012728279158	0.023625878245359094	0.02155064553050483	0.020995682444926462	0.020181067552118858	0.017240898905852894	0.015973701158259943	0.014214702426632243	0.013725953882270107	0.01285849934177723	0.011768503817510396	0.011190404232213205	0.009274688224568884	0.005995246492978945	0.005787849969317391	0.004027610777638517	0.001781090782847456	0.0	0.0	0.0	0.0

Proportion explained	84
0.23478187448025384	0.16194455645544217	0.06332541518266044	0.04502202969733064	0.04375399242113714	0.03908660333680406	0.03667230686960363	0.029967931055143796	0.022831947531514192	0.02131714450613535	0.020645140309128743	0.016979333874089543	0.016114716549077528	0.015377246189073919	0.013830945861136342	0.011801210096647845	0.011195649441922148	0.010966780163923117	0.010673250099850243	0.010054152396147905	0.00951226408274484	0.008452285602934147	0.007902621980944022	0.006918680830650635	0.006733351373297353	0.006130020597454605	0.005753756343774145	0.005467442390350964	0.005355682599579638	0.0050848130029167065	0.00507360975873003	0.004693865674028438	0.004394370764861637	0.004312930630526696	0.004044495328012722	0.003984185996035691	0.0037159951807723877	0.003613640250674994	0.003522861389198718	0.0034098122363652697	0.003006202805879433	0.0029665930771122827	0.002852276883094138	0.0026543004135110545	0.0025511644479276094	0.002408567902783368	0.0023363155686167434	0.002305296006841419	0.0021372522061364244	0.0020710467071513167	0.0020139379576552137	0.001944877011371612	0.0019090391922616389	0.0018054588984898073	0.0016969335661550131	0.0016189292533739447	0.0015480587673179392	0.0014836577654875568	0.0014662784928523287	0.0013828079778890753	0.001240892190300581	0.0011927253199316681	0.0011455148633883645	0.0010522474609735467	0.0009880865588357594	0.0009012957301220574	0.0008780859446565067	0.0008440169454916297	0.0007210525803190293	0.0006680555637095199	0.0005944903406231828	0.0005740497939345266	0.0005377709236652096	0.0004921848965328317	0.00046800749140238384	0.0003878880047089449	0.0002507344876283427	0.0002420607056317095	0.00016844360375845035	7.448916160158105e-05	0.0	0.0	0.0	0.0

Species	0	0

Site	84	84
2019.3.14.cow.fecal.1	-0.1268473987376897	0.14661531777012066	0.0056216017823981146	0.007791488401778826	-0.004741522937359249	-0.03997467389403212	0.005528215744754962	-0.012243786638491932	0.01893379612857786	0.036162167766209306	-0.0051296810320057475	0.08062722693064289	0.11209263015144044	-0.04236352055848977	-0.021674710985941707	0.191364823366186	0.032203085483250765	-0.004332526262446851	0.2343772427572826	0.19973993749511848	0.05501058087559263	0.15257808431271971	-0.0050997498307207905	0.048442573916029116	-0.026505966801589394	-0.04955271006056082	0.016063781906483186	0.040796979458612416	-0.009776876036867303	-0.024209761253437746	0.041926092281488185	0.006077350688903543	-0.02542718119824162	0.007521549897676294	0.020728392487455675	-0.002688432634092219	-0.04290850420474776	0.030456290153423042	-0.01900877815850981	0.017862799414315896	0.019386020702173545	-0.052942570573634634	0.024017786107072323	0.038161532346933175	0.011916330936028108	0.00012702353148058446	-0.025581158887722236	0.006823203686468498	0.019278831760496308	0.00855353009665034	-0.001977952796499064	0.007702479226607756	-0.00038763713009371095	0.0001267610594289604	-0.007670220079150143	0.0021807048304048476	0.004435817091134891	0.0005886426586671149	0.00025534687735286586	-0.0037974816426202753	0.007263761940727246	0.0073417498748397465	-0.003088326451401355	0.020455993988147465	-0.0006685335227123743	-0.0056205223488151055	0.014027094380261526	0.0007306993234487304	0.0027813577414554603	-0.0011882316846081424	0.005012686654009328	-0.0009876257785421522	-0.0010502219413893565	-0.008069314651578804	0.0031400265718359265	-0.0009032946901873807	-0.002661167193996481	0.004741000795713286	-0.0018716850782352521	-0.0028266638348965808	-0.0	0.0	0.0	0.0
2019.3.14.cow.fecal.10	-0.13774644852203138	0.22854093102959283	0.011990212134836116	0.010966255372921577	-0.034598916730244025	-0.1258128978870449	0.012773471477080262	-0.006903384153023771	0.051001583673091974	0.05971460325942058	0.010842383295973932	0.08065654317430293	0.020878467078402522	-0.050815194016086355	-0.08830082395666446	-0.02203097509381891	-0.15686784935883713	0.14899572067200398	-0.07375408682621236	0.006265930628616186	-0.0681987021901514	0.11878324858731831	0.18468237577502802	0.07025661071365098	0.015784896070890377	-0.011265820066569494	0.023649225106387648	0.022237464358797566	0.017642534580730024	-0.062397494762599655	-0.03784246224907582	-0.06644678709746343	0.05338374808292332	0.02820709022354794	0.03807461191263768	0.04050189524405902	0.028076748282207527	-0.02644930554545929	0.06017759969896117	0.020847974808739487	-0.03018218736410485	0.00584266864948688	-0.024370047534768607	0.004535984124513783	0.004820169439997489	-0.01999442682848003	0.04647991498913429	0.025810607817626334	0.0007873674556498401	-0.0049644717214330355	0.002771482014102609	-4.596994913212118e-05	-0.008122197966596781	0.0028420047636352817	-0.012780719705463647	0.0026489159825628084	0.001885862418368084	0.013446850409459634	-0.022670325319043477	-0.006607412084517709	-0.020284196704709715	0.0049402936420296275	0.007428007203864715	0.013744882766498618	0.0008671746899364031	0.004798615012598014	-0.0031636818371221192	0.005222412548721656	0.01404933235066137	0.004579955778702434	-0.012046124185072823	-0.0019122671380107795	0.0007671009566462622	-0.0004784977446505717	0.00626572689813803	-0.0017034587873000857	0.002110167943057724	-0.0007675641880519318	-0.0005700837881329342	-0.0009975369077567383	-0.0	0.0	0.0	0.0
2019.3.14.cow.fecal.11	-0.20299056697802292	0.19992077605052733	0.02159029088368351	0.004761790830764535	-0.006504160437473781	-0.03684644462844014	0.009117642577935585	-0.006541135398695409	-0.0035968536572865716	0.009716134424684353	0.006676206163079964	-0.03197721199456818	-0.021909528784598523	0.018573487648965437	-0.005178626837140516	0.024454108212766425	0.022175860415889963	-0.022063288456239633	0.04511917736322002	0.07055249523948996	0.03850083168854467	0.007238668182759966	0.06283678936153163	-0.07687843029611738	-0.004415073443680748	0.0031805113717909414	-0.044538301870392434	-0.03261131991515873	0.008169000249131534	0.0613428271196797	-0.11907278113954982	-0.05256713089716469	-0.06406484433049779	-0.01751762097791217	-0.06516197957766834	0.055759794977847256	0.051648932524292285	-0.06705859182914983	-0.10767699398350296	0.08332803301373615	-0.019505205105770487	-0.010516379793631242	0.004646408186378877	-0.060341320610038295	0.011145826583592363	0.03699646027588751	0.05022469866578139	0.00811754165869404	0.021802151549651767	-0.005107931255281844	-0.010101416683036376	-0.00029539009945703064	0.01666790713498894	0.03094429429640802	-0.0015426365573172787	0.0015482781553598924	-0.006537964229663547	-0.004386467949105291	0.007796885372876597	-6.410522751670849e-05	-0.014525783604896524	-0.010498654781157225	0.007850729942476669	-0.005254904846905037	-0.0182398978929483	0.0020208274777802028	0.01192610491256946	-0.004628326445521224	-0.0003034733378276665	0.004288517901233873	0.0037292579688758707	0.008063204201516922	0.003974475041473494	-0.0022287132817310215	-0.010775233681129561	-0.004907619702031625	-0.0006200144375623227	0.001659213798761729	-0.002254681963575973	-0.002597325153706219	-0.0	0.0	0.0	0.0
2019.3.14.cow.fecal.12	-0.19815313328905582	0.26200412054452377	0.021759044283044194	0.004650052121981027	-0.02056041861479011	-0.09143819284724933	0.020724682026652223	-0.01019918470992784	0.02525429081936337	0.010394355580615761	0.006212810025659847	0.06132436444503602	0.013988403926429239	-0.05467017045699638	-0.03636033246017154	0.01341303042330126	0.03919456430816628	-0.082581136807238	0.009822303214684915	0.048620402559496394	0.001729275709367562	0.009931309271096493	0.00791029990156552	-0.04824551935217382	0.008920319220269037	0.028131271829525607	-0.005898409874515565	-0.05539297812708641	0.03462595334239829	0.03845483403119209	0.021891227686181014	-0.028664179194184056	0.035710770718041504	0.05292168521821121	0.028996907883322466	0.08394356096110847	0.10941896431200927	-0.01664024244699747	0.044877758761600786	-0.02120133290715211	0.047382922820975844	0.04941186722839235	0.017056621133127243	0.027005080391853255	-0.054011023713324655	0.0017115883886228652	-0.04164946038028423	-0.017897479740720843	0.031815779096541055	0.07885881318534761	0.011197741894979308	0.005732412975984715	-0.010798481860251546	-0.005850981820356044	0.03570823190656668	0.016099758778061975	0.01523483057746629	-0.016175132783452437	0.01684461509479816	0.003101769526027795	0.006155768533977859	-0.03402940971583331	-0.014895719221231184	-0.017501077541410927	-0.0015014453272167772	-0.017727866373468376	-0.018089813867898215	0.009781862598111965	-0.008627036206838459	-0.014675408708488857	-0.0002461232987683921	0.009992676752405241	-0.005326061724848962	0.00953002543671351	0.005704264231669063	-0.0012226577695673973	0.003990833447812514	-0.0011902112956025399	0.001595391632283192	-0.0010724158804267065	-0.0	0.0	0.0	0.0
2019.3.14.cow.fecal.13	-0.21507738443780636	0.2384367730183972	0.02611442607106515	-0.001994840236862596	-0.0014500538220745304	-0.049369786369333014	0.018336779175621314	-0.0054504626834939165	-0.0018849716691766256	-0.009136280891156767	0.0003367363032150538	0.0013702646080354984	-0.0006773433367918762	-0.020341724620318878	-0.0157283411186347	-0.002839562507824906	0.03800478022633543	-0.10009401198026135	-0.0666049188322062	0.025326114444641452	0.03795162987769575	-0.006777452932506179	-0.07071462255227068	-0.026191834608161556	-0.03992561538360191	0.0038035449072300084	0.07205839691522727	0.034523164370722816	-0.02586451004941293	0.02559643404197342	-0.017765370337113496	-0.05613669468127303	0.07018384500418758	0.0498270681407924	-0.013211181943093885	0.00041308446285766873	-0.042310195038530896	-0.04220525182875221	0.009291851259085776	0.034486221073417034	0.021255548416833955	-0.003919534571519239	-0.0106731564589697	0.0007888813589263969	0.023801120141254642	-0.011300497022066409	0.0019494599045567955	0.009811345717364523	-0.025486850306353653	-0.020144328514835545	-0.014576293413184028	0.016213912833152093	0.017779617056654786	-0.03610866037116061	0.006385017620387219	0.003418725829169624	0.014173877089003027	-0.0023573493086899893	-0.030881855477374032	0.01013661890857416	0.04927616711452662	0.04190663327757492	0.03141631319416095	0.0009282448484084373	-0.03128327897269978	-0.006266071419573485	0.00854632193272532	-0.012012250164819067	-0.003780333323828489	-0.01198525723529617	-0.027474945019455493	0.006928619118675764	-0.0340029236001923	0.008872357039407407	-0.006735090053565164	-0.010163605775631914	0.013042419806750595	-0.015698602405195952	-0.008018793584245863	-0.0008507668135841179	-0.0	0.0	0.0	0.0
2019.3.14.cow.fecal.13.rep	-0.20762535390668652	0.237797826754548	0.02568870281197696	-0.002286528429872574	-0.0016737977373527974	-0.04802197304901757	0.01719274726645957	-0.00498217632965464	0.002047373727494298	0.003307139253215292	-0.00018603689025646403	-0.003138028926698509	0.004320187616835203	-0.029025805090376045	-0.030484212044519197	0.03578918144859508	0.03038573682881814	-0.12725417623457994	-0.05779676059270998	0.03335073102326645	0.026241200086394724	-0.015272293313346928	-0.07603091022748854	-0.03398693211631425	-0.04335917367630136	0.0021092432061916018	0.08096555548383132	0.05593799281136226	-0.051504158720489066	0.057870083563781836	-0.022901108811784095	-0.03878643793407842	0.06118567695611462	0.06043234694908055	0.02105135197289828	0.01413311227540002	-0.02519526833562943	-0.03349592735616683	0.0236276678490988	0.02105774883034562	-0.008082875614983945	0.009045770022126193	0.02002960993144827	0.01275380991238243	0.027743308721664597	0.00798882807950536	0.0060134953746056015	-0.008125609075689287	-0.05418813197989126	-0.030262297029708847	0.028062844691260344	0.024621926220791922	-0.017557522511236524	0.015523746212652362	-0.01854917805090422	-0.006983850314216985	-0.0029670695996305224	0.020251973412233032	0.013758939344519062	-0.011156008540563901	-0.03703968134393504	-0.005027403874445185	-0.017170943546908707	-0.020910394906718345	0.030217857782967456	0.024154681370551014	-0.021029746318654945	0.013727584522676818	0.013819888122241029	0.022432311425562998	0.02710540665505396	-0.009911740056202696	0.03156953909358749	-0.005248004986175627	0.00980245021350439	0.0027985219226914953	-0.00987920163126316	0.0032310191766549592	0.004125708553970967	-0.0015511823787392803	-0.0	0.0	0.0	0.0
2019.3.14.cow.fecal.14	-0.20719155785031781	0.23783719430839287	0.01777047575842166	-0.007749566822434011	0.0015557604312517257	0.025271298600797527	-0.01017583333773642	0.020260401078082774	-0.007719090393688605	-0.05080016092884493	-0.0011440395882749159	0.07760952421814875	-0.02076716164273811	-0.05074838205320694	0.10399709177506967	-0.027154069810854463	0.012288724270474905	0.03860910107491923	0.0908225983210924	-0.12343822526051865	-0.04255726402657758	0.01831900758463887	-0.020742115741106418	0.0021905658500017237	0.031089629018366937	0.021440196177177375	-0.01060577422732172	0.01122603002348713	-0.04659049137180839	-0.053017652346286796	0.0400304157323673	0.01791643885015113	0.016861083533607643	0.008891756043051056	0.00997641596536524	0.046719816574386376	-0.023769571753780167	0.012890104029556626	-0.008601522791321892	0.03726779300365651	0.04081551895181505	-0.003756471120323729	0.010891330473290986	-0.013565636924144973	0.002666389667385863	0.02561014532164575	0.008804477588262171	-0.03727059479764056	0.009328191337342235	0.0038071466866836513	-0.016742034870407183	0.022818147694881243	-0.03279205627084597	0.02396515155541349	0.0139147122366856	0.0005327522571644636	0.01951592754815474	0.010291964226758063	0.018024503696900025	-0.012491382361110588	0.0056354825253339255	-0.027353439623805712	0.03107075945921818	0.006385655233197225	0.015488586077241297	0.05744993561868055	0.011572905234917637	0.016380331152443157	-0.016599039121919037	-0.0033558796015546225	-0.02223625460546422	-0.00036667404374467763	0.02186068018770305	0.0024653599890667936	-0.025348156762945814	0.0010526074293921062	-0.0012094980515858686	-0.02091935122278188	-0.010714966146169968	0.004373518509562615	-0.0	0.0	0.0	0.0
2019.3.14.cow.fecal.14.rep	-0.19989335129866237	0.20078542482086853	0.01766901887819108	-0.007252630884178876	-0.0012751120267016068	0.038218825132954944	-0.02029919685220427	0.033379415093009505	-0.01972642007715149	-0.07051424612361097	-0.01054449519679074	0.09179258830315229	-0.01442707070919135	-0.06181189750770605	0.11013976388907139	-0.023253584746442964	0.006221024259846906	0.03914725773537216	0.0874536309414869	-0.1413211088638352	-0.04275599333183213	0.03132222137012324	-0.014289217651606565	-0.0031548550395630284	0.025207325925381538	0.028399267468273936	-0.0160033169941956	-0.0012092113985278108	-0.07047986376494655	-0.07135423252688802	0.03230310580460268	0.040988118083216354	0.0025380697680899155	-0.007005857624201531	0.0024404335741592155	0.05079278464714274	-0.0440371878096965	-0.03277415725074168	-0.016268703828960764	0.0334323241749037	0.03129832411469461	0.022708412181214714	-0.0004027496509208364	-0.011938868165352917	0.021216703881698447	0.05741338220012201	0.01929282761973439	-0.018722426030409463	-0.005819295707169024	-0.004853796946528619	-0.003007686358087872	0.009028447094516615	-0.00029451795151222833	0.0011961997462741798	-0.014890179249556037	-0.012547560556338199	-0.010109370016676684	0.013984492900099323	0.00077278017596487	0.012067983930025823	-0.013143797986253989	0.017921788918506574	-0.01090706113503882	-0.020004613370760732	-0.019507314662414583	-0.04688331279250996	-0.03642677614264109	-0.009597037033690197	0.0053347604643845725	0.001007151647978372	0.019553991233738577	-0.0027343884993260015	-0.023658576073414036	0.0030297264447381143	0.02434480768675791	-0.0072866327106847345	0.009550256922346732	0.010718383479135205	0.00979142176801654	-0.005608227884805617	-0.0	0.0	0.0	0.0
2019.3.14.cow.fecal.15	-0.16283062253353728	0.2264234652133737	0.023390736957851196	0.01097868339329705	-0.026035618009865005	-0.1429253557740984	0.02733535526627162	-0.014846526969378245	0.036358086260069346	0.04308060987630619	-0.0052146940991780345	0.13891198156180998	0.08702714753626041	-0.06552579303363504	-0.17568913478026676	0.011375764874490048	-0.050063842316638935	0.0034151674417595874	0.08347771156821801	-0.09706258569256956	-0.09165389560577442	-0.10630370091999332	-0.030552385875571172	-0.07320457081364147	-0.02743805636275572	-0.021171682264995297	-0.019815675075083146	0.003479139700889451	0.05224788223413562	0.03286788508644257	0.028517308859172513	-9.361798810645025e-05	-0.019970882344354908	-0.005534301699266194	-0.0032017632179557258	-0.02283062512743745	-0.02824742527525504	-6.711113451535151e-05	-0.016663226286023392	-0.0021169349202690615	-0.008101047451327998	-0.0039681820166264144	0.0005320555421874027	-0.010341336245302946	-0.0010763124800309812	-0.02098137117176728	0.008682131836020965	0.018766869273483786	0.00983599505446473	-0.007139863995784281	0.0039388218733282495	0.012354143960523194	0.004243371575915647	-0.008015498857829047	-0.0002965747483457369	-0.0036586184534634554	-0.012066060398091091	-0.006727902155871866	0.006077132493558258	0.03434644369088997	-0.0005277260777265952	0.008727503984936229	0.020878546393496022	0.007863199156237032	0.01544765109977168	0.0018455065521451291	-0.005265890764956312	-0.014231456821971371	0.005311547962751196	-0.00871814381819718	0.007869445315915873	0.025253824094361162	0.00489608301535519	0.010499769556763051	0.021087708321195265	-0.0021199840325448753	-0.004602322650277762	0.01494890766674304	-0.014309241903557843	0.01707214888279466	-0.0	0.0	0.0	0.0
2019.3.14.cow.fecal.15.rep	-0.17647720427977234	0.19989865804557144	0.030702576877179345	0.013390304605919997	-0.028836932739758438	-0.1555704634053123	0.032855166874920474	-0.01629477664909902	0.027820227680375564	0.04693611331182163	-0.008097186863150642	0.12843646474775425	0.08852293703775942	-0.04395943889480132	-0.16329571527706635	0.00994253044039125	-0.04096165278106046	0.025372522064490973	0.07970734110957586	-0.08917227682707538	-0.06264061744802568	-0.12109095396638986	-0.04488183387413241	-0.04499814465466749	-0.013285775156885157	-0.014391628582145705	-0.036796190749159643	0.0001096119058037951	0.039961978788490046	0.027294057473875324	0.01684985682845786	-0.0100590943176765	-0.02615018060475901	-0.01472653086602847	-0.020683550704710434	-0.035673362899348415	-0.012065055297121314	0.012446511852404613	0.0007805414456885235	-0.007575047705588722	-0.007100730256433499	-0.001785921394128474	-0.016836431950474916	0.0042634383149596925	0.011185729999313849	-0.008977829970541402	-0.00760000916279736	-0.004641676149050453	-0.014431956600752931	-0.0033840741872433085	0.015180208452955821	-0.013946765140984098	0.006018933692841089	-0.004198334281781381	0.011393700819435464	0.01729692279743769	0.009810557976402966	-0.004193709388153167	-0.00770798318476022	-0.02820726592064849	-0.005660216816973676	-0.0003505815545068991	-0.018675004089655434	-0.0024313892900084144	-0.026548264363650723	0.002825298689017999	0.009736640741791555	0.008566412225881762	0.0018630265212841869	0.008008752366807705	-0.013909541594095626	-0.028732274388459086	0.0028808836453290045	-0.020239640982183272	-0.02080687607881071	0.003340747048507985	0.007463541231567077	-0.011197183092761966	0.02125325470882055	-0.014157820909262438	-0.0	0.0	0.0	0.0
2019.3.14.cow.fecal.16	0.027958945281559414	0.20187621618224064	-0.09842418111854587	-0.046771953212628115	0.09495721779537998	0.462329309086705	-0.12806890973845472	0.054339627919376444	-0.003967432806655114	0.0468605203912957	-0.012301240319337103	0.059921374462281116	0.222279773768868	0.053078138438544316	-0.039044857332023085	-0.13423179598709356	0.008410126370947832	-0.02053514097610133	-0.030460818306184405	0.018428026958287918	0.030614581847018225	-0.004733032469066469	0.018472802757399195	-0.021232893962824816	0.0021000459235620134	0.00843195244780914	-0.005143289870839623	-0.007734666993630385	0.01857852115480085	-0.02458028927871602	-0.007150833616575061	-0.025558788250494582	-0.015684139152483453	-0.006010488631241638	0.015323714580832511	0.01185996474365537	-0.0035322429229383326	0.01187393181057091	-0.026137908250286494	0.011375958867781208	0.014718419918720553	-0.021727046084296518	-0.001401801490912867	0.012415292900267307	-0.008118238105436586	-0.015314944547137931	-0.010198917606844415	-0.008130638260830719	-0.010715526094277953	-0.0349325641984067	0.011419635927678376	0.01346693050283305	-0.013708188433783762	-0.011514683208883847	0.007241484434239152	-0.011268709781060787	0.0015788939780631227	-0.0051526009610759265	-0.012224189372794587	-0.00017119284990315943	-0.011429998894598725	-0.006545368074459596	-0.019203182070571964	0.005936297364715066	-0.020740331558720213	0.0022043100376020783	-0.008666868034007808	0.004270893887015578	-0.003986569771762075	-0.0001406865179242537	0.009593521686814656	0.007131762528713897	0.011704072710452295	0.0070588914684570365	0.0019249603766474653	-0.002597529873514827	-0.0026056072745473118	0.0017649371994113091	-0.005077139548363288	0.0007387298906200393	-0.0	0.0	0.0	0.0
2019.3.14.cow.fecal.17	-0.1587951596108217	0.2547368645060829	-0.020913339766266453	-0.018363105874545767	0.042246446390619315	0.21286235014734753	-0.05748470201768469	0.04495034731522206	-0.020422160394621133	-0.021151872356763943	0.01109954789398041	0.02724018686508993	-0.10417962694789416	-0.06940991465769575	0.06295429969782752	0.12626627184788894	-0.010141762659584323	-0.0306116182944076	-0.006515496545447423	-0.03513516117494661	-0.04558271605851683	-0.0008693493324772994	-0.0028283283591074835	-0.006626154936444754	0.01410916659530494	-0.023541358780266454	0.02182367571524593	0.003874229174393913	-0.027526513207599433	0.028563356691864827	0.03779844594164209	-0.07121633421837674	0.014709887964855256	-0.06520403699277072	0.009115815176031614	-0.021593109114023352	0.016414199280304083	-0.015157154889309825	-0.0043910191866852995	-0.04341477500382773	-0.05664682797084745	-0.009790446804634576	0.013753173041385187	-0.0090218975027463	0.010814017308009653	0.00911765571961644	-0.03405903350373432	0.021221386638877408	-0.002717740954572412	0.01784652511422348	-0.00902114673000866	-0.02306621922733772	0.02632880230517355	0.007691690271816723	-0.014152266302926918	0.009907812546136579	-0.019034357969506335	0.008903662503440615	-0.0068070700124519285	-0.035346466711042517	-0.010672410535016677	-0.023487057672566744	0.04345590194685795	-0.001107238030931856	-0.016836320877009755	0.004591298989445705	0.003055682555188623	0.018616091954277197	0.001666987093882174	0.01775194092759431	-0.0033713354665914175	0.014482673892240833	-0.026306352501220102	0.01047241367382884	0.007022809730086596	0.035545306017150564	-0.010361415358220157	0.0006951885539203319	0.010218234655320575	0.005436563896735949	-0.0	0.0	0.0	0.0
2019.3.14.cow.fecal.17.rep	-0.16201281077592344	0.23481949480946723	-0.022026754539041696	-0.013434643276385856	0.034736030270495516	0.2186019636209135	-0.06245090850228667	0.0484850025158832	-0.02117156453230926	-0.023624637875265843	0.013994606142098668	0.03281331105779922	-0.12110516415562722	-0.06161243127938542	0.07019914644549867	0.11630629940408878	-0.02423826213693018	-0.010888158981924616	-0.009436002157267536	-0.04066697209052651	-0.027385591167091057	-0.011333257977166262	-0.007536725998239614	-0.004406338961397381	0.011459942186522682	-0.021912014542912913	0.02530186306191696	0.001369923958304687	-0.007743255138801922	0.02046635018431706	-0.0029324088219551824	-0.06078558469616864	0.04663827425325477	-0.08241139820335783	-0.008167108631967606	-0.017779116565044092	0.013338082006912102	0.0015120879118180439	-0.004897169137161867	-0.032988648573935776	-0.043209879949104545	0.007453449712126638	-0.027884828138911858	0.024260633885899774	0.01674566713262193	0.0031151663114886725	-0.016841009984057638	-0.016769118017127924	0.013801102375891765	0.02462981538552929	0.01991306834155551	-0.017488869216438316	0.005785617735823223	0.009180963229697475	0.007477422917517711	-0.027012159274947246	-0.011935209139522684	-0.05122248840551165	-0.007276859657884615	0.01715631668759891	-0.017766480846396315	0.02605219164429835	-0.02336040154506176	0.022831789254872496	0.015585013724687131	-0.02226654160540192	-0.01059431233828479	-0.01824098727374573	-0.0019573592100447846	-0.015317753477987474	-0.011246571459861474	-0.01308109074571027	0.030203306443363092	-0.009305746097639598	-0.014198394382721993	-0.028516638964386158	0.004434186777938669	-0.0008256062392667147	-0.01496201328430287	-0.004142215175407459	-0.0	0.0	0.0	0.0
2019.3.14.cow.fecal.18	-0.20378345846620202	0.26864270033671833	0.012858898461018923	0.0049223156055010825	-0.0037227232258868074	-0.014262576223832597	0.007916749950195173	0.0037282286353883423	0.007256569326929959	0.0045829407364109	0.01662189678212889	-0.005391040314769836	-0.05361688822899952	-0.007073831489112896	-0.0202333143422155	-0.08478160371696558	0.04469137521304607	-0.015916367947397526	-0.020888040827790895	0.005376093278888726	-0.008946314074850926	0.03337646113440328	0.07748727881082315	-0.0295653020310682	0.025971972817042933	-0.11433783816575005	-0.016788956149295584	0.0065179216177356026	-0.04398079107932234	0.060926612282334855	0.04808299149257399	0.044322249645747776	-0.013104111249495577	0.011935128628630337	-0.04554393073968069	0.005729040149150121	0.007763017572131187	0.02734510276200819	0.032394495140312465	-0.041972201981565524	-0.02532742415786608	-0.02804935015340234	-0.055134332332525036	-0.014079344897627001	-0.003943215458996807	0.0010221841746941474	-0.010162791002889372	0.014052128389103736	-0.0034003077399477398	0.021435127379697827	0.006443389415911174	-0.010115767509972595	-0.011081729534096696	0.029048385337908402	-0.01677470758931332	-0.0034867169738703966	0.02448691742776038	0.03283500245630014	0.042633063296908205	-0.010267866614418423	0.006794380672374782	0.05979298386003768	-0.025029372709580732	0.008827540958494362	0.0018856186132261675	0.028976142004383983	0.0016277120051650692	-0.0010049146305256477	-0.02950969163463711	0.007958760438886194	0.02461545279797184	0.015390580915162155	-0.015959949921319494	0.01921101770864471	-0.015577018750132544	-0.01181772830856843	0.004141974957721988	0.005386170776588866	0.0024592644545672854	-0.0020043931970807893	-0.0	0.0	0.0	0.0
2019.3.14.cow.fecal.18.rep	-0.20081996614875233	0.2650761969296326	0.010730213332521847	0.0028894249337267177	-0.004935423535137479	-0.008105670360898426	0.0031541790587367373	0.002728118216849103	0.008020171617675733	-0.000985508355432941	0.016229965312232912	-0.024959846009329278	-0.050588491400569195	0.008946166176446415	0.0015999724634010821	-0.08429524011476987	0.054224211873594455	-0.052106565794306524	-0.03611557641812773	0.016593778000058183	0.0077036693021679675	0.0334546716560221	0.08677691629353619	-0.03703189846370136	0.038370024286182726	-0.11313446194893906	-0.018191550724209523	0.011901970994166611	-0.05604424263011083	0.03571130688064023	0.036962674362297034	0.06630412036336436	-0.0033464689034190752	0.0048387587274626885	-0.08652220850136172	-0.0009145399429108244	-0.0060069681248991836	0.039570149795723805	0.0103212426816189	-0.009628460037151548	-0.028296862067845915	-0.0183783456468861	-0.03647118288138217	0.01877980686349481	0.0012269428966270428	-0.007322602399080231	-0.010010130175949466	0.015930008753006156	0.003843714313243501	-0.028930463533673206	-0.01986134500765589	0.05557960702389241	-0.020944111600399766	-0.054998687907998715	-0.0011361355108257677	-0.0027038254560790603	-0.012245299175926016	-0.01357040909310733	0.0030674803797212965	0.019962592374677453	-0.009889316041086789	-0.06211588974665646	0.029952503638020482	-0.01054003898078993	-0.0034095118456525172	-0.020384186546112137	-0.0026590975648760028	-0.004038685970726358	0.01632634552072983	-0.014124813496446629	-0.016314959948313827	-0.01560889415705176	0.006617102654965194	-0.019923409188609277	0.01098553689393967	0.005495167561525915	-0.000985409810931714	2.0498560974753215e-05	-0.001995812690805599	-0.0024555387563222047	-0.0	0.0	0.0	0.0
2019.3.14.cow.fecal.19	-0.20380481802760997	0.20985823029150455	0.029590952245957255	0.009389884188186785	0.007688997323733088	-0.09057441937757175	0.05033757794752355	-0.03369941965542531	-0.02915776619849072	-0.0151002327184202	-0.008729667421867303	-0.0876829866742007	0.1446998240891716	0.09339204227713298	0.08584905210629036	0.0401119226935941	-0.03210961936826862	-0.042025995910038756	-0.03707990708721966	-0.029408045680861746	-0.02475148815054368	-0.04223902720541225	0.0032688515287354453	0.05756814529457847	-0.01440095148728663	-0.019753586617648686	-0.028983270673844104	0.000687453679898203	0.014407221956798581	0.00862144232046957	-0.013921570124669148	0.006680499910664118	-0.020206214401258034	5.650967385046799e-05	0.0219505515902673	-0.0035847340630606383	-0.008560320524279071	-0.004177798710440591	0.01668300816411734	0.01507488626632648	-0.0061577014777708565	-0.011795760978571717	0.024989352094407627	0.0016289820355234578	0.006736363447850525	0.015173877258225783	-0.020185332041865556	0.017135799807651775	-0.011719879841019631	-0.008417577946995188	0.00400638586367007	0.0061603267901246565	0.007505816971534403	0.00796831917585999	-0.02780275156663625	-0.00522297185465371	-0.011682030524269202	0.004154001214626487	0.017256456774736792	0.025284054741032326	-0.0010156851678099065	-0.01967518250521548	0.003881839621828669	0.01778992149721982	0.017716439385148115	-0.023986526737631644	0.021272073284421156	0.008266329935378014	-0.013880126187802927	-0.0009548723991726179	-0.03142616220255812	-0.017396711641900233	0.015580703689924019	0.06617764247285389	-0.0029486901172642308	-0.0015431097043501834	0.005066328129014599	0.012754683835634736	0.007147760396830103	-0.006284529286036001	-0.0	0.0	0.0	0.0
2019.3.14.cow.fecal.19.rep	-0.20426326462712527	0.21059222700403843	0.029886645888980223	0.008586329958286896	0.0037681991359542802	-0.09588475232699985	0.05036536746690951	-0.03495217921959113	-0.025498417577508085	-0.014447050002086926	-0.009684913985186236	-0.08960499960163147	0.1442575039677298	0.0902555942738373	0.08449925202896226	0.037641173563904146	-0.028358013265876208	-0.0462779658493623	-0.026822609928103047	-0.029817116317003213	-0.031111319252355198	-0.040509908960733865	0.01842206313596382	0.049838009115312915	-0.011350699699140062	-0.009364175052692398	-0.02933289794993629	-0.014418604304072906	0.03165377100599194	-0.010776596168488658	0.009664697133389384	0.002419547638113965	-0.021736862011748834	0.0041034842562559315	0.023214348303141022	0.008345062231238116	0.002985538269225862	-0.02157693239329579	0.03418642042482001	0.006401836331078588	-0.002073222388183034	0.011461121369107822	-0.01273466713954657	0.02579075914533839	0.009118553243202921	0.004493757139537823	0.004894524805897872	0.02259237593960776	-0.02318193154617719	-0.010157267308462342	0.004851992298522058	0.0011112603808947931	0.008366501313722009	0.03688345222637689	-0.0074739490190638	0.024786418261081418	0.0018368821940882142	-0.006359104437877075	0.02390519220736598	0.01193952198958361	-0.002200550053911544	-0.011349873658747107	-0.0015251046606626758	0.012184570381998256	0.008221504523433513	-0.029171037473791316	-0.01785252875834708	-0.020262876497521277	-0.017131761141474404	0.006618184258124866	0.026330767158761148	-0.021207832145061396	-0.03157763395249488	-0.03236347668746175	-0.027827861914166436	0.018058991378729284	-0.013568861064899412	-0.011577252926016903	-0.018871986386305245	0.0034151116325446046	-0.0	0.0	0.0	0.0
2019.3.14.cow.fecal.2	-0.155409333336909	0.19134276084186325	0.02097408909418224	0.008419073541862592	-0.025656294542478343	-0.11786057421685228	0.017615724586653884	-0.004889887054657854	0.019163435217693897	0.033011853598289634	0.0013112152989460124	0.037275502635216215	-0.04956786525411189	-0.006640733271344513	-0.07735240793639647	-0.0662184929330543	0.016170758189911472	0.04604276189013192	-0.04318063683882705	0.017335999904746553	0.11194247073531953	-0.004757364986839719	-0.20586112704460469	0.15995199086006767	-0.014327235808466123	-0.06914448098717361	-0.11448836619957206	-0.09148687216035051	-0.10390715094922537	-0.04700592606298281	-0.044609795816906765	-0.055356358004425184	0.02217073650026159	-0.04736343955988993	0.003474283478928277	0.02944415049949648	0.01981106967857686	0.023682128289485883	0.004138299265360157	-0.000634815907660627	-0.019870038712148402	0.00559121759174448	-0.010549949447829617	-0.01467286867376243	0.01622502492557622	-0.012723309406949672	0.008254999761009418	0.006169722696671746	0.015369046300632043	-0.004899848452356353	0.00812617793517634	-0.0054227016027501825	-0.008780246389161138	-0.01599613139929314	0.0014694739734966808	0.008304240931230864	0.007005689867094345	-0.002893675580622901	0.001809232487603113	0.0078079380805038045	-0.003265846854810333	-0.010755750874389082	-0.011649662156979459	0.008496951422076349	0.0034526915612953413	0.005085970939820635	0.006751076910186054	-0.0019513345466128829	0.0014035502450507476	-0.00426397830223987	0.007359230023509681	0.0035156811533439344	-0.003626766491608273	-0.0006664694296283953	0.003168655982631798	0.002598075413815218	-0.0007760604491289208	0.00326415255294976	0.0006671596972622677	0.0031418071452536224	-0.0	0.0	0.0	0.0
2019.3.14.cow.fecal.20	-0.19540120396060098	0.231558696536153	0.008981171220220754	0.02530754982330665	0.012825104292896605	-0.050851653140459425	0.052470920154445023	-0.03611571903330953	-0.03598083181042363	-0.018170610428151445	0.001380507242712887	-0.11900684017329144	0.07238453633007218	0.09918648529381413	0.08117033133518473	0.01771602660894059	0.012373564137307879	-0.05319602688183392	-0.033863031745132874	-0.013655479473415454	-0.018756357510436555	-0.021407206808671354	0.04247371283631428	0.07298004874227172	0.00017377124295287657	-0.048782803523918575	-0.007512090753643996	-0.0017448513713763819	0.02269689524108046	0.0036870592914968075	0.02065856561034645	-0.00836768482761736	-0.009345876107248545	-0.020175748607330072	0.005701687956566985	-0.02148610577318725	-0.010080380111220272	0.015865253986579488	0.013408479353376706	-0.019151962464490847	0.06123448520187029	-0.009593641821566908	0.024234199784242745	-0.030852061215030226	0.014685208715469711	-0.009670279427082765	0.013745917827615058	-0.01804791856863129	0.015073805966032668	0.039074167570541704	0.012787647468613494	-0.027285283257675243	0.02086503525911628	-0.015219549666015459	0.004892179024334017	-0.004822958916821976	0.028901437351010396	0.005974207620661235	-0.03414155152365033	-0.012454195966594354	-0.011826666534492193	0.013853171142995764	0.022115502077237094	-0.015401020963375695	-0.06369132893080573	0.029273808244497195	-0.02483915560341865	0.01332887778791566	0.03135373932030408	-0.026993975824324643	0.016372062327643915	-0.010645109610774533	0.020635600564136613	-0.004121808296359538	-0.007073664999584842	-0.006002641905767884	0.0008978727743575007	0.013706558611922794	0.0005487485846350382	0.005812708244622696	-0.0	0.0	0.0	0.0
2019.3.14.cow.fecal.20.rep	-0.2000960097543205	0.24287475062753647	0.019543701107617068	0.013621050142553465	0.010524453766288558	-0.05645520259063497	0.04430226693218954	-0.028952050780696632	-0.02418979509864402	-0.018111493054831614	0.0010970741955619904	-0.09688506736699021	0.09178547422056701	0.08820273138424989	0.10615213665513266	0.01376652049321543	0.00040816718643847677	-0.054397532625991576	-0.023573002941906247	-0.037478470022613564	-0.03952574442317437	-0.036390592486951645	0.03018814045419718	0.0628383008601465	-0.005506227396875091	-0.0631315507882357	-0.01916398024953641	-0.029303401608882406	0.039160366247128375	0.022467945013434396	0.02210566076926421	-0.01715850211605187	-0.004573723972202304	-0.007853825109812874	-0.008387432251622383	-0.008323902485081839	0.0035897699082207113	-0.009682806921262659	-0.015800777815097113	-0.013754490540111875	0.019759623782280678	-0.004882064638352844	0.011751470677338238	-0.0014005016480474173	-0.014606911847914962	0.020410117262518096	0.008598899133483544	-0.03635960426872369	0.019580444752479453	-0.010195702690494465	-0.023776722514023275	-0.0026255091389932503	0.0008245457984317556	-0.004139625555707354	0.02082744633066263	0.002879236209772055	-0.025709615367504095	0.017970516274596025	-0.01986824248620033	-0.028774429928718166	0.0041502271488981154	0.02350316174284876	-0.030674652141331197	0.006148945660975564	0.03859885733277333	0.007582045607047965	0.021433358809298544	-0.007427041335618777	0.0011348810515480064	0.012695367046701374	-0.01827238098879079	0.036086926835369855	0.002460127856788353	-0.02623342534491507	0.04581676904893837	-0.004520962058301266	0.003368318159096527	-0.016532895073126698	0.0025291737880198347	-0.002832962764215119	-0.0	0.0	0.0	0.0
2019.3.14.cow.fecal.3	-0.1289557005934295	0.24894115383924123	-0.022662625062097392	-0.020966143648395656	0.034500116603687264	0.18671487848558274	-0.06909919995496536	0.044639024740281745	0.00770047916611464	0.0815218174885404	0.025818006902477358	-0.05717120680656466	-0.1380612868103255	0.02284751355567343	-0.06387282085566517	0.13434357078665396	-0.13122455688806164	0.0918210836585836	-0.04307686155572833	0.02038911266089732	-0.0078022061141109125	-0.08025592887467899	0.07023456377450811	0.026643455185293444	0.012211336062755814	-0.010697859821614069	-0.00798715394398684	-0.0434564969603452	-0.030086578683316472	-0.010182116437431941	-0.013565843639259457	0.06712809071153246	0.0007799540414799311	0.032050964835526254	-0.059751466358667044	-0.032463288868655224	-0.02622804148683372	-0.04030668243921007	0.013448069075477045	0.027458445076257547	0.020480184200481987	0.008855198503054558	0.08105759095099767	0.03491872409680953	0.03568284634539134	-0.0020621763197761684	-0.004610106029701857	-0.02443966651811442	-0.002659565600426344	-0.014466145174722316	0.021912196860940425	0.008868165529839336	0.007323512651155085	-0.0009098080951491456	0.00022093120488325923	0.012171323129938046	0.035486352443435405	-0.01981197940611637	0.0036402325267931527	0.020450321449769517	0.0512714040209184	-0.023037307234324674	-0.02683554128159252	-0.010561219606628234	0.008895555842557907	0.010722549762212963	0.008703136718084998	0.0004993054172669865	0.002404441685605482	-0.006325721302249209	0.019834367850409488	0.010311443891356548	-0.004677737451283559	0.0031010212041120183	-0.001006864330227411	-0.0010639635430741564	0.0032800693823387774	-0.0030756272954073835	0.006261746178816628	0.002066857846866343	-0.0	0.0	0.0	0.0
2019.3.14.cow.fecal.4	-0.1758883622047835	0.22510072057428385	0.01766267562048808	6.750276842483835e-05	0.0025970823281221697	-0.05055387308371211	0.016545338596576597	-0.012620360088261059	-0.0024010771555478005	0.036347277281508786	0.002507280152920991	-0.09878862618595256	0.012150284337420164	0.0563416632725899	-0.0234230791341073	0.06335967838555143	-0.031111727699460502	-0.026619709719802546	-0.0044912937004358755	0.004011795312945976	-0.008947010114026925	-0.05256983886117489	0.036906301117678425	-0.10239097626145188	0.018305077201171492	0.12957932294144203	-0.00861022661236925	-0.02534847226565633	-0.18330952331552441	-0.08347002637612465	-0.012023615998774204	-0.06548852897396983	-0.07247989491352294	0.04835572582657679	0.0010649481619333734	-0.0649175071561176	0.020449506768576257	0.06218972378099696	0.0030715254458918706	-0.009545599600419721	0.01040243219844497	-0.003546196609438305	-0.013381632176857764	0.020071762867425395	-0.060699135336109405	-0.016789792414249768	0.003900590628291142	0.0036161960791635597	0.017649039492713476	-0.003167062126070919	-0.024547745496319242	-0.010412434171987896	0.006868578885619998	-0.024911577969991397	-0.00851223706065432	-0.004575479072759987	-0.013040869353739392	0.01162112019000593	-0.0112947769135927	-0.011825665650557333	-0.006355091851193359	0.009951359357095756	-0.004497632304460045	0.014208511443056675	0.009683840070952769	0.006014609900991089	-0.004130099683834368	0.007784017904904325	-0.0034211397051814563	-2.3803560395439548e-05	0.0002975956407740668	-0.003944235089474244	-0.0054994693720499975	-0.0023212088773716956	-0.0002904538503779691	-0.005239836346548521	-0.0022085455595144163	0.005488221004523913	-0.0033459407345360387	-0.0012866791043802744	-0.0	0.0	0.0	0.0
2019.3.14.cow.fecal.5	-0.14815212076258877	0.272075772136785	-0.002840210579587088	-0.005270132425041625	0.027312067430453477	0.02370161767262141	0.0008677831598477802	-0.01196367835062522	0.017391914554228925	0.06442822010419395	0.023059896915739703	-0.1828759700511367	-0.06747131592277984	0.13850651496312036	-0.029003214160299794	-0.10020153345408615	0.046662378085958515	0.11555667860951324	0.1521114867124498	-0.018091637341769003	-0.028423410339313195	0.05582772054131893	-0.048261542503095854	-0.024192588462555807	-0.004723097377117634	0.0310668186119376	0.06088232866342082	-0.012944855555373593	0.025800682094849575	0.04457408229806812	-0.012498165966520872	-0.01234914142835911	0.03155181037693367	-0.0011202888828143922	0.015283190039715025	-0.01564622909065385	0.003921781661524607	-0.0003143821811029389	0.008979078751058895	-0.013969469768902659	-0.01175145214393307	0.033329282944989116	0.005682986825935543	0.02402087079791595	-0.00917102346088364	-0.0029769411772343516	-0.02142138784690383	-0.012204666525109308	0.009314503292714368	-0.007691863572766799	-0.009131865293382417	-0.00726869279929937	-0.012479441770217077	0.01587969451520279	0.01570872511318208	-0.013939495889484914	-0.005159929519306433	0.009043778837907425	0.005279526206035578	-0.012150599716835036	-0.0108158486603846	-0.020226232590816226	-0.009619012191253478	0.006786191829225237	-0.0069133990740269085	0.02139676375802799	0.011610600728893859	-0.06448867959301234	0.037272116200897126	0.012619865625776976	0.0004467598840854009	-0.020246220252906327	-0.01646269017682968	0.01589047286183159	0.0019226636423150538	-0.0016723301543636953	0.005286798751165044	0.0007769659590354444	0.00016070680555478479	0.0026979893898019702	-0.0	0.0	0.0	0.0
2019.3.14.cow.fecal.5.rep	-0.15274564470180516	0.24619650976558116	0.0005179532610806454	-0.002093290620636108	0.02346615105974276	0.01270933256293426	0.004067271766904548	-0.016317966153631132	0.010224820939234207	0.06552997799617455	0.021908170125142616	-0.19152166256418243	-0.06175810844512615	0.14734533526893176	-0.01657149499474158	-0.10043822537751194	0.038587741649076295	0.12444413240629948	0.1559790687059005	-0.018669853297628124	-0.018872129664244595	0.05350441936641177	-0.03474656607884355	-0.02966380938545224	-0.011456966381156468	0.02777791361831876	0.0428086997067959	-0.012992288359181972	0.02675132652236171	0.011905804148484394	-0.0059369222448103515	-0.008091875962802315	0.020803939854842125	0.00011063919070732864	0.029500883924587936	0.003266058151974865	-0.0016352115903663495	-0.011413994385461838	0.008095836046453354	-0.013704575229869082	-0.023655248708366397	-0.005942053968227729	-0.008723603938307045	-0.03184569945109707	0.023528134054516665	-0.01239087450703517	0.0005580020676640756	0.02029217623866704	-0.02626655789224212	-0.006689606819141582	0.01794612628854212	-0.00473733819913454	0.011987285945128507	-0.028585459324879627	-0.008154417971930273	0.017661404487671954	-3.6905983980372835e-05	-0.02256730344322105	-0.008032912262222804	0.009843958810099883	0.015443060052517764	0.014023433884700199	0.004882031745450975	-0.008180627653405761	0.014006531156249545	-0.025777472956717066	-0.013544199156050511	0.0606808131004466	-0.037339688729657455	-0.01541398624788383	-0.0012543453162114629	0.016560990821724565	0.014995472837013572	-0.013839890738770982	-0.0004128506851263959	0.005038613765152475	-0.00450799815886064	0.000584944550404636	0.003254663843159977	-0.00020832445081083912	-0.0	0.0	0.0	0.0
2019.3.14.cow.fecal.6	-0.11871221235795203	0.24230472490324192	-0.02952451583882504	-0.022305676654693622	0.04784623011638126	0.21937929060608236	-0.06629077161916935	0.03795192494773011	0.0037376146178684758	0.04912670955389502	0.023789039103261262	-0.04683446394098173	-0.14349020158076806	-0.01550900993382668	-0.0022903783444097017	0.16942006519070604	-0.07266726671543895	0.04236430867157009	-0.011440271992667839	0.03446815898051616	0.01133107454074356	-0.058578687254336306	-0.10343149824707822	0.03618171118258676	-0.03092782817372492	0.021943287804313722	-0.01581864633012202	0.002271374471161576	0.09170652342245143	0.02317973717823434	-0.03147816170807747	0.09313081179193256	-0.008523858481852505	0.04103936864579107	0.022972193039493372	0.03257801215278903	0.02532306056841342	0.042256672215721554	0.024846718060196154	-0.012930508395072732	0.04760189429916181	-0.011692653933211153	-0.06922442294550371	-0.030414384985026372	-0.05339388810595152	-0.010025529267564053	0.03902694302051685	0.024322441803049388	-0.005497338344760687	-0.016782507551150884	-0.03211693968554471	0.014560922562226287	-0.022411672737087853	-0.00214806265122433	-0.0011274201242114747	0.005018565362491313	-0.0050587940629532435	0.039269912930589	0.002293551150203921	0.00561805522016493	-0.023360792064323906	0.011123079426612276	0.019549445717771882	-0.010842048570335452	-0.014949734963753803	-0.002340610505225023	0.0023993938877490367	0.0017827867385585942	-0.006680571533889512	0.007577017717341331	-0.00674875112885303	-0.006791509416984264	0.0015744664788729906	-0.0027769740100052776	0.008309995275641361	-0.0032515098028931214	-0.0009518889169123341	0.0033897804130343574	-0.005022296456789337	-0.0044764984901331985	-0.0	0.0	0.0	0.0
2019.3.14.cow.fecal.7	-0.19619400757198205	0.23952189658088308	0.027994868549417757	0.0026206516616373164	-0.01299993946729028	-0.09323410645911001	0.023316404300040273	-0.010709568370961856	0.027352933511322647	0.011453916148308112	0.005535917978116864	0.05117024858030452	-0.03893179723856523	-0.05533256194676539	-0.03241243122700099	-0.10085858517445875	0.011206518494520264	0.020814324758046704	-0.0907118716464648	-0.030012740365826802	0.013793368287908893	0.02278849394583171	-0.030296446749384105	0.0518671045935763	0.003952376006084256	0.04458065438264334	0.07572643784406474	0.01232118834565691	0.03252741595441522	0.021100458492728222	-0.044507844588873254	0.031134765667516422	-8.644721655768099e-05	0.025896318330079545	0.018307776199212956	-0.06306491253872822	0.025953911919672848	0.04866848162380056	-0.03454814405654422	-0.035247437351112534	0.022056382033472256	-0.1127311098926696	0.05702330820806571	-0.019342332434438083	-0.03517650299489151	0.036719420395935426	0.01067248264463779	-0.01365887158319183	0.04847555532052741	0.0031310874986992194	0.034835758501555965	-0.0069403635947352	0.009883000114829486	0.029032000560105582	-0.028713586560453395	-0.049964179139467324	-0.009481057465700304	-0.023902869633537632	0.028660525271860266	0.007439874797012343	0.016248296680234583	-0.006560020264264516	0.018486013406757533	0.007008527979149287	0.005703211137734544	-0.01735147367861846	-0.009874582758850751	0.015044101990278454	0.014002887204174587	0.0104408639371515	0.0045686257198536764	-0.004024153616001713	-0.011835799057684268	-0.008552668444924723	0.00021601551425138294	-0.002650571983916031	0.0018493891829731747	-0.008794659406938606	-0.0001410257784591273	-0.0016617904164769387	-0.0	0.0	0.0	0.0
2019.3.14.cow.fecal.7.rep	-0.2094385242382392	0.2262449675326973	0.024245617266055536	-0.006899050794515713	-0.007740845398590971	-0.016545588716734033	0.0011614863425140963	0.00809577891111065	0.004591336498764472	-0.053275233768434106	-0.006823106491939586	0.10790153817305032	-0.02501847677268649	-0.10693746121645475	0.08971356005293649	-0.07563369676870868	0.016175516179617315	0.01446160327116713	-0.05403474616265415	-0.06986733349632783	-0.004532677138441042	0.04088830501471025	0.005321003868357973	0.02182026847017071	0.028769451947967324	0.06640769873653736	0.030997514904215304	0.014139608734039811	0.007266679178950378	0.01834575146392608	-0.03033361026461072	0.01692649970469623	-0.033213386822160816	0.00262410541666474	0.035889456089432246	0.02316586127102804	0.0273212992244312	-0.009824514524738677	-0.01880436713091532	-0.019615194621297967	0.016741351110560597	-0.04742602180110833	-0.0016034747981254552	0.004705865401237131	-0.0009498722115920346	-0.037301521832854616	-0.052558602966507946	0.02158451353931738	-0.05609382207794862	-0.029007826582005715	-0.030885137835039954	-0.02848022633814512	0.02373099781862955	-0.002901825129883509	0.019762173783756776	0.026275611982738176	0.010769150136827516	0.012656160060175482	-0.026755573422169433	-0.015093896270682142	0.025838474780296574	-0.020310915167604002	-0.020440184905480576	-0.0028792890703108797	-0.0054119259256709875	-0.007497115483541378	0.054399602999664724	-0.021347580877202163	-0.0057231674603561945	-0.016242243681713703	0.02245400833941706	0.006321032933652314	0.013348012714275463	-0.008028262091428822	-0.0010186385574811458	-0.0015854337466589237	-0.008740230749275277	0.015973003353423314	-0.0028444278857561282	-0.0029548297375468807	-0.0	0.0	0.0	0.0
2019.3.14.cow.fecal.8	-0.14593090948313223	0.2677830141930642	0.002084220965835703	-0.004872624756147917	-0.0014441613211051334	-0.024085513765006762	-0.0003217002787763688	0.0020550013440491263	0.019853390518547172	0.024575546232956467	0.024378686073275372	-0.08465607981225283	-0.17365032109681933	0.012010838166490864	-0.043232132083873206	-0.06892495614230248	0.005038037268902716	0.0064643234715330705	-0.128691729684948	0.045260192366903734	0.06148868571741858	0.015600026102224936	-0.03919220278858754	-0.03921609267489925	0.0025998085067071674	0.012890681813770585	-0.09928003994573464	0.15158952894110353	0.06868223151189086	-0.07009397435779587	0.14211589218899026	-0.03037325993378617	-0.0715963406667744	0.007787891145705259	0.041666307973503715	0.004725884036281368	-0.03946051818011001	-0.041458858862913464	-0.04538671216649368	0.02928845490926674	-0.010902807162859398	0.01769719680573818	0.01762419066291214	0.013182840869305854	-0.010042884184930602	-0.011285772764752042	-0.0007477153810401359	0.006248942386499986	0.02540808621369467	0.014342297435655857	0.02533086737071973	0.007041563978729262	0.002941666338747531	0.009388470854511005	0.019300858307269016	0.0020597544193910592	-0.0021968388054757764	0.007844237712218415	-0.004371272157584081	-0.011745523415286225	-0.0018651342500248056	0.0008429718910892562	-0.003708946246482732	0.005833352092792712	0.002943465820952815	-0.015982914890541097	0.0032031117076508926	-0.003990905475738697	0.002581192145552322	0.006558401287096306	-0.0023055630928551837	0.0018015524955382334	0.006561536041953524	0.00092837787519518	-0.005271427980274812	-0.0008830609595822508	7.825666522719637e-05	3.9183792075852675e-05	0.0012723457991581616	0.0005060577038263274	-0.0	0.0	0.0	0.0
2019.3.14.cow.fecal.9	-0.2173875293565279	0.1985230638864153	0.03555224077999166	0.0022703931386588165	0.005737783490120539	-0.09275509861910011	0.040894008482305726	-0.023841902747284996	-0.012204283460524273	0.005403064944369858	-0.010214435085854732	-0.010789179502562446	0.029294984197253363	-0.018028364305933242	-0.07202743178891784	0.003759117054953561	0.03196637337924675	-0.04176572609622513	-0.04706653961089573	0.04782193686524876	0.023462073103351338	0.015512523996689492	0.018214156914312822	-0.019064289305609543	0.026343284043171353	0.03185485436606241	0.02104358653575852	0.024091762034755004	0.03886970791855026	-0.07392269323857414	-0.030904889388671298	0.0653455820770582	0.029944501347532543	-0.08226140386649838	-0.024532197693130666	-0.015777062869077423	-0.008910487383169005	0.00986335865197	-0.03293048964101905	0.013579131360344138	-0.026608632427898658	0.06452936447217966	0.006806345938945087	-0.012766499512306758	-0.00377661715184032	-0.006068052606175635	-0.017860960825266673	-0.02784478233961574	-0.015652056544650027	0.003496833677468192	-0.002597549683383407	-0.049814406179304764	-0.03124622806414529	0.0254868247140583	0.0027660936081414064	-0.03283231036493043	0.017586442921001227	-0.01732612320870901	0.00017006262211009197	0.014017245295191832	0.00534141598618602	0.013491087591863628	0.0005883477156000624	-0.02793203332072047	0.005911267490202583	0.03353068860910604	0.00999371869975144	0.013229416156078581	-0.0228515614062604	-0.016722818607679248	-0.014107459933656596	-0.025900344816432226	-0.02042837448216059	-0.004418679924600938	0.029405791180760255	0.013851415151996224	-0.010627354818615603	0.012306659190853029	-0.009519182331238912	-0.006077528005701918	-0.0	0.0	0.0	0.0
2019.3.14.cow.fecal.9.rep	-0.19857943244709075	0.2330920167497479	0.026385960918309904	0.00102695185891473	0.009389942750896843	-0.09113379914672597	0.04597848029970572	-0.03713666079276474	0.00010408074863326067	0.02550348574915089	-0.004569222806369646	-0.031008119948814458	0.046552965393277496	-0.023800331940212867	-0.07876588096916728	0.04080283480039905	0.03306996969904161	-0.08578898133868626	-0.03516029735543894	0.05602109636944662	0.0027298052163569277	0.024102714918615535	0.030860841704431045	0.012627852634377951	0.027241619568362116	0.03691495081883443	0.04636351009192689	-0.016452843272538344	0.017332107085543873	-0.09789445974350829	-0.03497134742480906	0.11053871868452503	0.03532027530366011	-0.07961903872746344	0.022827339842195902	-0.0007136443983883287	-0.008241951071809276	0.040519553360352505	-0.03386562272911112	-0.02422481968225315	-0.014501923732095962	0.03730038970147654	-0.014081711750081867	-0.01778212042176073	0.000667938626306722	0.010755740971125392	-0.0013198616709866001	0.015324815621788617	-0.020629887163411024	-0.00436968870242359	-0.0245417780440448	0.008914364764798748	0.0012943627413185112	-0.017473142153749056	0.011148069988835321	0.015682894936868447	-0.033256151646423114	-0.014737276431166652	-0.006707011104029449	-0.014873851436469734	-0.005812373698830626	0.0013040752073737248	-0.003133774066615366	-0.018927039285818757	0.004969991478022668	-0.014039199356106964	-0.0093340776862592	-0.015012038076361648	0.009956592146517075	0.019979005186609975	0.008548848605241887	0.031304222261193185	0.013549804875077714	0.01141647577411258	-0.03336309911048261	-0.006942874932201836	0.008206584799185093	-0.013039094926365223	0.011628510697625107	0.007599735442714893	-0.0	0.0	0.0	0.0
2019.3.14.cow.nasal.1	0.5296264342666307	0.08921309841772906	0.3031250023142342	0.06084956368417035	-0.18356190306017334	0.013787030837106704	-0.29968760311803916	-0.22977484539422688	0.01648354878439741	-0.0967182262642081	0.015330293616257769	-0.02114027925475303	0.0016410379959645321	-0.00885418387846186	-0.007394256535868565	-0.01023174350007326	-0.017792115207187976	-0.003703248963471701	0.006397664114364138	0.010417755473786762	-0.0004769977559376396	-0.0012962025424447764	0.002034128858559752	-0.008405333346817674	-0.03251860051750512	0.0012353874589194032	-0.018102712611297617	-0.02160821391082845	-0.001940711479715256	-0.005582247499934828	0.004834631007718302	0.02253854383691907	0.021266448825252495	-0.014953652501169545	0.04379459978878452	-0.06800580216925207	0.02811380746507619	-0.023364476615640704	0.003905964341013857	0.03727148354264046	0.006523323777924584	-0.018593054927962854	-0.026377259992749383	-0.009939915485440893	0.021722900539483808	-0.0036701452686378226	-0.02381705838623268	-0.0340607031764512	0.0028394142253742897	-0.01487928932956667	0.008001316507651488	0.0029925901372584644	0.0070743682378311855	-0.0022245517677349606	0.007054282373698713	-0.0030420980761430116	0.030685879879650897	0.028184528927255426	0.017366493229265163	0.0033845038818500384	-0.007399167712269625	-0.00628309845097911	0.0007521866138795269	-0.007362177100846451	0.01581508251289331	0.00039014686011583404	-0.02594870589569485	-0.009348550514929563	0.022992554288570957	-0.005993744767046164	-0.027784197061245283	0.03564463028303772	-0.009251774573707726	-0.006322215012958781	-0.02038598933128183	0.004254912298753623	-0.01102422230923891	0.016198366060436096	-0.0030807804790380453	-0.008776252296249069	-0.0	0.0	0.0	0.0
2019.3.14.cow.nasal.13	0.5533548693887967	0.04804300597072867	0.21007780529945572	0.04840891714417389	0.04838242923153291	0.014017142920509488	0.12375442215712798	0.0818231334815659	-0.0032830339889775295	-0.055830605743764715	0.14726629923503667	0.10739672827855141	-0.032888899700421435	0.08358315576599125	0.041587889303110095	0.014071772494885369	0.16610921147382532	0.11295763424442122	-0.08249922936962278	0.1358310818810667	-0.2305950362594748	-0.04636323836704786	0.00646572476125852	-0.04661062756150939	-0.12993165248413985	-0.03956373683308014	-0.044029898021263586	0.0004185153310357939	-0.033424688261849446	-0.0258046709662115	-0.010729949619558591	0.004128397617188922	0.03474568010057422	0.008989095169717692	0.02684396997128789	0.011573995846027947	-0.0010261995607367285	0.013496929388072336	-0.02768437053629667	-0.010688243584306222	0.025795988004071378	-0.005915240986692583	0.008782995900195758	-6.683198613667042e-05	0.004574902775663581	0.001103758306969312	0.010896995220133201	0.005918254425925391	-0.008255995993234956	-0.009747697999931845	0.0011921409122357196	-0.02206222751424585	-0.015333451140657501	3.595609642693992e-05	0.008217216063381766	-0.0021664842147771425	-0.00866920224259345	-0.014580236784218261	0.00039094922866581727	-0.00795375073888698	0.0029044004535908096	-0.004429818802689933	0.0003022105695435872	-0.0011936274015852744	-0.0022332751611005928	-0.004843650685804621	0.00638979796677025	0.0015259157697409815	-0.0005480855560596419	0.0005657229967370195	0.006938277691607516	-0.004606134211161492	-0.0009424968837446385	0.0029990349975087434	0.0012055662070424725	-0.0003720576449050221	6.091714686834084e-05	-0.0021078379366426033	-0.0009826325352255134	-0.0005208903320538154	-0.0	0.0	0.0	0.0
2019.3.14.cow.nasal.14	0.3747409378139106	0.04087114662635941	-0.13628296267987508	-0.02224654311535545	0.056414354863899965	0.012660663699797348	0.06999411358297256	0.0556830172800356	0.5709536733630987	-0.16635709374832403	-0.3184083790131581	-0.02288641734339339	-0.0053085524090362895	0.06781575766571374	-0.003786082734695831	0.05126988561523531	0.017140961828500105	0.018736059395784283	-0.01894949342764916	-0.02948598115191441	0.03795012219629936	0.005008736496607122	0.014883392650023395	-0.03504965419713543	-0.012227244091933667	-0.02427851376163434	-0.016723786563410233	0.00030767860664924747	-0.0032043475308157123	-0.004109682708768398	-0.002492163446421395	0.003462352645554923	0.01875191113848362	-0.011329282819484634	0.01379769670253553	-0.007314234315130602	0.015978103229049856	0.003934686808066596	-0.0018799987584092203	0.003663924032390184	0.009054391434390793	-0.01147129018000352	-0.0013612403622069503	-0.0005242601565436828	0.002833010754772497	0.005262781683461495	-0.0018273944672679723	-0.011271266813867822	-0.0089154088777643	-0.002886462764803051	0.0002189537321223383	-0.00310984945173974	0.0005943261784754502	0.0005659823377206209	0.00017643336860176303	-0.0016791730140072868	-0.004002080813366067	0.0006096536073400889	-0.002007412835693774	-0.0010463313416025377	-0.00011346088054431027	0.0017605747201338842	0.00020261712007565858	-0.0030306876850865905	-0.0009829956414699624	-0.0018397654706333278	0.0030987794816054867	0.0004125661062499414	-0.0026598437573428753	-0.0009306969106090319	0.0023597727421266353	-0.00412955172011292	-0.0006479308795613811	0.002031550839535275	0.0011089810528839802	0.0010452983671738732	0.0010833672422990285	-0.002384456722668219	0.00012345728481018842	0.0013690811417825012	-0.0	0.0	0.0	0.0
2019.3.14.cow.nasal.15	0.5773634319673543	0.10618527276097943	0.3368791704324633	0.02318887105286828	-0.15900429066399951	0.01303202738847761	-0.2089283610050879	-0.19025096599866553	-0.047789358759733856	-0.017846749964845435	-0.09548806532644821	-0.016983210736396182	0.008417979502518413	-0.01452597721008031	-0.013489524626697303	0.02570140240524442	0.026088000288247676	0.02953919888372897	-0.015058542615119064	-0.03604494434469507	0.038295948744073785	-0.0019636088539461533	-0.003189764465305872	0.009531335628822087	0.03946330595083829	-0.021011580095523938	0.03476630366494933	0.0072450260377703735	-0.003863516257063399	0.005344244734169647	0.011722137224585802	0.004451547285743196	-0.012368094114068045	0.015762799979743624	0.002606201882206144	0.005622154700406052	0.021020287865839024	-0.007105596620404089	0.0066003987872025	0.01324550162410936	-0.019424958935419425	0.025025905448561238	0.006348323503078523	-0.012530479953892226	-0.021576005155902436	-0.0050681428461019145	-0.022344131161046252	0.011120115627522492	0.03669717800171354	-0.0048608661871547216	-0.019555398923213965	0.048105169770721705	0.01981944978966011	0.02317154064553658	-0.007450449916134841	0.021351616213308017	-0.02255816490875745	-0.019139876774115515	-0.015011386199400125	0.012288572726427737	-0.0001709856063656156	0.021716338731681908	-0.005461121216046008	0.0006752705135891742	-0.021409348000684655	0.010233631749660783	0.015028387230991112	0.009954143459826283	-0.011796024657639077	0.004005545770708331	0.01709617862810083	-0.02400403513431847	0.00845120395166987	-0.0025985025456733857	0.013558679660160639	-0.0047637838718342165	0.0030389236374695006	-0.0074581926395044275	0.004084107596862707	0.004677211299497787	-0.0	0.0	0.0	0.0
2019.3.14.cow.nasal.15.rep	0.5365480246072554	0.06709818570916994	0.3147406126109881	-0.0187344667043456	0.03244704123008569	-0.0017153068029034883	0.1671369406117846	0.25000150683198474	-0.08612709438233995	0.14070993726662606	-0.028633230503273877	0.02495038820847989	-0.008566675108890878	-0.006734913606640115	0.02514765243015508	0.022867311215809268	0.022311875039156725	-0.009650275411413311	-0.008295228432545845	-0.08559675346542897	0.09508045217318725	0.035332736474788885	0.0396501720531615	-0.02295626796520659	-0.06478771228961307	-0.014098798723766258	-0.00529074417066292	-0.00907513312020506	-0.001480243909650572	-0.006632744595945625	0.007385324382595389	0.00783806171184939	0.009909879498232143	0.010403949307101317	0.03258413749254735	-0.001394173211415077	0.015313952208943923	0.0030710682801380843	0.003355659601046755	-0.020501481445401846	-0.008318434332130404	0.0019387867414329624	0.01829782043111547	-0.02964338776125143	-0.013209740466001261	0.0009305836904632613	-0.031900852200886995	-0.0020089988230142463	0.031330718003217586	-0.04193109096429135	-0.009414313497739966	0.03569128372005859	-0.00232776223451841	0.03534257490651958	-0.011101651248787314	0.035825406344490995	-0.03348671359644346	-0.01531112762227448	-0.015306793656973981	0.0238185839247462	0.00614209459999983	0.021684707603533773	-0.024732802083594418	-0.006971188285172689	-0.006170825241032555	0.015009955548030514	-0.007838190339319304	0.001597404843887593	0.009521335426605226	-0.014405892289194528	-0.012768416238564307	-0.005451014226487325	-0.0036780671472574607	0.0009597972495738434	-0.007953691476346374	0.010956261603608648	-0.0030518221220395326	0.002719776559412841	0.002202396798802415	0.0007650162119301956	-0.0	0.0	0.0	0.0
2019.3.14.cow.nasal.18.rep	0.5637026887748557	0.11868624559085401	0.31862561932639266	0.0769444925265286	-0.1881927879118384	0.017053956813530433	-0.2639570036150109	-0.17547291374839277	0.06268558001167651	-0.11617662426853602	0.07555238230108868	-0.03705783577607365	0.020461690134950788	-0.007845533881530541	-0.019786596620969647	-0.006628829999784348	-0.01502931308211421	-0.007668305679531366	0.009600050496919187	0.032558191162820785	-0.02237994681507898	-0.025840555608135803	-0.023337055801670625	0.01635835937975176	0.08517384882910385	0.009874584037573913	0.030899827982851912	0.02188541421053232	0.012523429848877981	-0.001633139711864339	-0.018370936823180282	-0.03830690271302795	-0.03251868374285269	0.0037833553622337026	-0.05756273970316087	0.08229759958198851	-0.054071629475702446	0.02929688647350695	-0.0017533599328272177	-0.061859170985595194	0.006366510614002202	0.00131627821984617	0.02508022753359591	0.014676705916546394	-0.0058180523780891735	0.013072787133214487	0.03397975717971757	0.019523032638780094	-0.024253443676065568	0.01156972308039482	0.007691662484595008	-0.029221044834262383	-0.01601070388914183	-0.007849870683861287	-0.005723864223250935	-0.004898426931698446	-0.012739920203168557	-0.007863029237748027	-0.00583254906752243	-0.004498858862676977	0.006960223468540513	-0.005464645212005009	-0.0021998076208863127	0.0031343324375213816	0.0043520479536696115	-0.004148784914421223	0.006214704044746118	-0.00010391946413716304	-0.006796045585517154	-0.00216053036326902	0.003624879962334683	-0.009508670860686907	-0.00038058693521823123	0.006681642658710698	0.003056340805633503	0.002960250236426862	0.005068091434096606	-0.0058080355119776925	-0.00032357723778314086	0.0032759362391287868	-0.0	0.0	0.0	0.0
2019.3.14.cow.nasal.2	0.4981895235065227	-0.010030851730350114	0.23942691571290778	-0.010741553787998338	0.09206702944328046	0.01649662297211871	0.2252151993460289	0.3114757973394319	0.12596951688241786	0.010020544763329569	0.11613271295559378	-0.02750762992958228	-0.0020874985623580648	-0.02148600111158414	0.022508611232735166	-0.055323939824139155	-0.0974417984532478	-0.07860833672209788	0.053447237038998924	0.024207362511312242	0.01583019923211964	-0.02365828501788483	-0.025018353075428573	0.02624607530970192	0.07872409152027543	0.026414425923480332	0.033468531393057506	0.007528553837327747	0.027454057908346364	-0.001445336241310674	-0.018737730553115263	-0.03444395528464246	-0.03475937332550778	-0.0010942359584364101	-0.05229258224706762	0.05340452270482895	-0.060169380676919695	0.013001617262513329	0.012908255187586417	-0.05122754819982211	-0.001160832723943024	0.007842518962753614	0.014040103755930221	0.003800928299142155	-0.0031564780289858097	0.0023179739495948685	0.019228462676427093	0.005379375312967457	0.008552406489195342	0.0036875470212916453	0.008418704715682348	-0.0036478086088962435	-0.001360804130702101	-0.0004747970291926541	-0.002212479035178751	0.010101673554371337	0.012092783853288217	0.011392163467458988	0.0045764991045875725	0.005829214712419133	-0.0035516656573030534	0.0012715696437923445	-0.003893270601995208	-0.006134504374634508	0.010779863074300029	0.0020082741194527155	-0.007193985262297844	-0.0021272008911388048	0.017186072712404184	-0.005889081313875733	-0.012339188120034645	0.017790486152814953	-0.005539117409067222	-0.0034888445227056874	-0.011462542775647297	0.002836917165965527	-0.0074140482935465355	0.00816903887290569	-0.001786777342778464	-0.005805202552054452	-0.0	0.0	0.0	0.0
2019.3.14.cow.nasal.3	0.480270392010273	0.07008532922860405	-0.051571879028218956	-0.21787081148249354	-0.16450129476102826	-0.016988543714013732	0.04180160477464307	-0.003434199345786328	-0.14865340879081448	0.21285137450459307	-0.39372049593982567	0.0663191298532855	-0.10735576587290445	0.03105492770385853	0.09335445711293153	-0.11769429407873538	-0.12167579500210508	-0.11418972709122438	0.0522512786493995	0.11798487980069983	-0.14781460571731475	-0.007750129875270035	-0.03960260459113865	0.014562164842409126	0.014925343373845849	0.007220857771237413	-0.015871575251011717	0.015421106198350418	-0.004164504182703425	-0.004573890351139641	-0.014434811665982606	0.0094441313598182	-0.000737780206301569	-0.004605476370238997	-0.01074129555984095	-0.010635950093410092	0.00881549066797842	0.0018233546158862106	0.0034756377944158254	0.007164281350584352	0.002353057581794948	0.0009101211945443641	0.0008220003736064166	0.002569328680843782	0.010829481829603662	-0.0005956297937543691	0.002600462003958917	-0.0028016396652996707	-0.005137682734857567	0.00859768808008156	-0.0026062630013922515	-0.009448771852142778	0.0010919398191810725	-0.006167729269232439	0.0014695583016319468	-0.006532555455004939	0.005056690433033856	-0.0006093041511321192	-0.0013796272225865178	-0.0013217747631755791	-0.0006729943532006404	-0.00015159829529893919	0.004622168142498962	0.001772290227239591	0.0020344529947780247	-0.0029940345428848265	0.0024107716326508682	0.001136450003627732	-0.001145561436154769	0.004427722439505107	0.0022509737596313343	-0.0009545267628879372	-0.00044422490800026255	0.0009105941547078843	0.00047250755659539645	-0.0012934531794925098	0.0001810998470074228	-0.0009125313595688196	-0.00022025475556378417	0.0002440334937885276	-0.0	0.0	0.0	0.0
2019.3.14.cow.nasal.6	0.6049758740190103	0.10125974876612058	0.32096008211763155	0.02662825474862854	-0.001819818048734203	0.019877971942999454	0.09789597706391592	0.15286506912742706	0.039772907421587136	0.0034256449243773718	0.1893169207827086	-0.009867700207177225	0.0031265247763082814	-0.02404309312358015	0.01279570872969803	-0.04000723841762771	-0.09677090504611499	-0.09984923655351217	0.047191707748166944	-0.0443546242450566	0.07495981691420465	0.06114725733156997	0.02169330129124647	0.012628366389649627	-0.04309798734402676	0.0428512133275346	-0.04759486992250679	-0.028161079346757757	0.0023780938590654446	0.0398331943820094	0.019190408658138088	0.03951917173230496	0.02490092664227329	-0.02768428402019991	0.01639221736618505	-0.08599628808432815	0.029650861281799976	-0.009866162511809174	0.008785921641700813	0.07670804034845882	-0.006659480521637017	0.0065821419452371435	-0.02586512886737274	0.020073154611764076	0.009090399877684124	-0.007736513771410984	0.017193547972571062	0.005045797210089183	-0.023949286714103443	0.03506409563325229	0.0003329927001047776	-0.020886290516234123	0.0072403575268164405	-0.027710531516205585	0.0061681322572090585	-0.029744476664464486	0.01399601705212622	0.003746448981140267	0.006752436728894271	-0.02241408301805722	-0.0018826361357055649	-0.012891043588294206	0.0211210990280888	0.010119506483871965	-0.00296706339648711	-0.008454556336760257	0.0143053218627197	0.003638006679010066	-0.019729010857549655	0.01482246901135524	0.020118296389618692	-0.012136744655814984	0.007473505038806345	0.0020998625039277173	0.015609403759184218	-0.009464148770821103	0.009353572377368021	-0.009178928299119211	0.0004887052991139813	0.004418463157357236	-0.0	0.0	0.0	0.0
2019.3.14.cow.nasal.7	-0.098387243983726	0.11717875232579773	0.007596233965534461	-0.030704351918315862	0.08796972807546867	-0.019669426758345227	0.10902924834840436	-0.06815004516722985	0.0603063157120213	-0.08634657428346833	-0.047141186589196735	0.08715467804275676	-0.02449175682108012	-0.08750934803980984	0.11756616555852047	-0.0011149089151581213	0.16250977315011192	0.043504988406905636	-0.03594977581662276	0.055283977573427276	-0.04803310660953895	0.007551833905878078	-0.0035374824157226718	0.08842301150053561	0.01074228799855527	0.12830192239321053	0.02514660541068869	-0.054064173931929464	0.027978364446357543	0.07056771124733638	0.013226750581902511	0.02081623489965418	-0.07792506607075061	0.007195110112193773	-0.024610839665688545	-0.049248747101947245	-0.04358391235940562	0.0004503703239486491	0.04330228774721459	0.048206542864327954	-0.05563486421854987	0.05834225843849663	0.0014738455838314327	0.0007895964042794982	0.0030477411026196568	-0.034778331971848785	0.0311122265263487	0.029338248457960254	0.0183665819161034	0.01577557749679814	0.0025183046978005928	0.028254028824459772	0.008013184265704234	-0.011560294796044627	-0.007986260375257567	0.006597039571961005	0.00396548627814339	-0.004077635836534304	0.009134376611297635	0.011069879601566256	0.007462337521134852	0.004916442493567461	-0.013773555252594168	0.0192348126806446	-0.004094937931068859	0.01693063539457808	-0.019559141317193343	-0.0017220787399114493	0.0011674455203216005	0.002452424443957991	-0.01137902506400586	0.005522775512623482	0.007729232084092128	-0.005487808691990433	0.0017458414196503574	0.0023680606693496165	0.0004650673547097085	0.004532322520557568	0.004212905222154443	0.0006654836108332355	-0.0	0.0	0.0	0.0
2019.3.14.cow.oral.1	0.4109119907489817	0.06365293300820828	-0.25414864990205477	0.0023440194353210836	0.38279932100908626	-0.2622996348447591	-0.40077734104161644	0.11649270850275972	-0.034062749597328336	0.031820639134142056	0.01001358777899336	0.002894907765172524	-0.0049340698339141046	-0.00734717576171512	0.04585789894638399	-0.00919623149668561	-0.01260310415814889	-0.025973560531796246	0.004265198376490361	-0.014206664807527308	0.021281541150737476	0.013653973713612601	0.015432428231987637	-0.012178494129340705	-0.03441906824367737	-0.003565433058896064	-0.006608230553264719	0.00255955854128384	0.0017506257116848328	0.004755426422348334	-0.000980330602777663	0.007263459534964923	0.0044632247033800365	-0.008156220538956536	-0.0001959254848519841	0.018359282547489596	-0.01173628496796891	0.014866084458518943	-0.007175004569943399	-0.010959429530882414	0.0037274186150701057	0.0032914905019490047	0.007988240252767247	-0.00024214436959620186	-0.010199632628160744	-0.013919358986485829	0.0014981658009657931	0.008209493692030393	-0.010902002139351568	-0.009097741436988577	0.007991598679845726	-0.0217400963537473	-0.006685078986646053	-0.007107989985843194	-0.00018753199125328825	-0.008935841157042	0.0025482844645286834	-0.011588415989734074	-0.005912611828056716	0.02627950742126393	0.012501851783210284	-0.02235704064482341	-0.024699845493262162	0.030160771606954972	-0.041282183207533775	0.013898381982289864	-0.0262829254672824	-0.0034091407697599304	-0.01627596805284479	0.03492263183236984	-0.013555691799493255	0.00903761719401539	-0.0006889149557333253	0.0015779171414974612	0.008078867489789435	-0.006527197977580611	-0.01501700258730649	-0.0058515777510874025	0.002602655592893509	-0.0007602631513535982	-0.0	0.0	0.0	0.0
2019.3.14.cow.oral.1.rep	0.4155633503531567	0.024898772600690008	-0.24340455054232846	-0.01988425559840141	0.4152423163101813	-0.24550488510184765	-0.34365199162324894	0.08258972245196863	-0.04613302419910327	0.013101701520808149	0.006936745148115983	0.00999462260678649	-0.005583709548498607	-0.019521112846344474	0.029475113755000892	-0.01110337998595521	0.009890002306084323	0.0005138314400975076	0.001121712499566069	0.005665755827566687	0.007377368946614735	-0.012029391205062297	0.002507063832975281	-0.00383925674407547	-0.011823290906304051	0.0007187972051133695	0.010206761348273138	-0.016662542214248503	0.0017849981107190085	0.004413946237376946	0.0006719952047215668	-0.0010498128486337297	-0.0038524256259929892	0.0018140326112259311	-0.003777075752129188	-0.020427304882458232	-0.00498094871510107	-0.004767386000975312	0.011546886044233979	0.002295961311710428	-0.0005276834800752339	0.015775075763014835	0.0006220493395871031	9.829586275730466e-05	0.004278491028198609	0.011295410097997394	0.014373081424331349	0.0042696823389884	0.01386381620795447	0.010674773104157712	-0.00439575163431348	0.013670230986641406	0.005359958547957067	0.007882247193973116	-0.0013227124073705043	0.01176926702169652	-0.005198242148374387	0.008322097909417276	0.005478155736112776	-0.029699150478768307	-0.011987930143064193	0.022759114121298215	0.02552816975902698	-0.02975429131367427	0.04407966085297664	-0.013892862815960194	0.03191317533776641	0.006396367226989836	0.01953293030060336	-0.037033665909410075	0.016044045074791145	-0.009937401534502503	0.0008921751865861517	-0.0010257368226177957	-0.009234567636218514	0.007353953514075678	0.016160573595717476	0.005370695715504296	-0.00317624329337986	8.429459358193812e-05	-0.0	0.0	0.0	0.0
2019.3.14.cow.oral.12	0.13147951177941136	-0.2536570056405304	-0.046707362532957465	-0.01149410494138973	0.17825654322557882	0.07269579300490175	0.18876778529683133	-0.24155103734158953	0.028032814173255625	-0.05404493783026499	0.008007862303361528	-0.07066395765642824	-0.01530682166894595	-0.12200305733777068	0.023156368780283005	-0.06442738672724563	-0.07282027723845887	-0.02417096426123811	0.05508415332770152	-0.022067351639308855	0.026371557915523737	-0.07444349894219895	0.01202456577511792	0.011162197252929707	-0.05968302597926259	-0.09020925833686869	0.06318678851869172	0.0054988284116488165	-0.04223238928617531	-0.031141649874494835	-0.0021498903205494175	0.03354262559620862	0.009858903922912244	0.06516476684030957	0.030899155905210987	0.0016525987940046657	-0.01482034154635763	0.005506315360416158	-0.032487129444398896	-0.011048906037392316	-0.004198001340583686	0.08280074884089189	0.01796401033058051	-0.03296707324785727	-0.006092081392653213	-0.003865861037512823	-0.021904239597840904	0.06049369651712267	0.035184828309381945	-0.011012123019470046	0.005292487941343928	-0.028939560110742144	0.004971688717623477	0.021691680988647002	0.011369270975973782	0.008554294566399412	0.011228538746414352	-0.022686113215128843	-0.003306441098924049	-0.0142648737581239	-0.002725886760821706	-0.01973719122221501	0.02295131375413023	0.024450001573337286	-0.0026222193610885088	-0.0023092559619371615	0.007187508888937162	0.008422730511513207	0.004646591627227893	0.010250585287870864	0.008553671099605581	0.009435076416593923	0.0006743248370583217	-0.004512266095815735	0.00243507877000287	-0.015394714346108737	8.633406254754741e-05	0.00489767408143957	-0.005464160601982803	-0.00795161533574195	-0.0	0.0	0.0	0.0
2019.3.14.cow.oral.13.rep	0.07918269932366757	0.16702373969263884	-0.11667700154573955	-0.07294171517414559	0.1577091452237526	0.467015459966569	-0.06935876494581943	-0.011450719001421042	-0.015031746684356561	0.04903103154359058	-0.008303321537804898	0.08310398282730146	0.19385331280864077	0.019034176013136495	-0.07204631605382865	-0.08191654640534761	0.030222847645614094	0.011069780046374503	-0.03428602877419871	0.03768868143720708	0.026641212314236388	-0.0053399383502107075	-0.013337476445307	0.01988278735696779	0.0010759099573213308	0.0118746900425094	-0.01106968472234114	-0.003200782256965445	-0.0011475261629258393	6.208636248554732e-05	0.008949333705408189	0.0023611810929163425	0.011651431011191225	0.027185120929947	-0.008344163248929531	-0.004622775079305118	0.004075654600519911	0.002580503088378484	0.010148663044227908	0.01145190972169502	-0.012275618168381658	0.02900856110162715	0.004759215709881213	-0.014079601153735008	0.008555441955791145	0.00963650089586724	0.01262854197679702	0.008065261518217934	0.01720245488966555	0.035245077323452625	-0.009212433806502711	-0.01081993230212354	0.017072972232239657	0.00960057195809173	-0.0022187415304589105	0.0045484180921334764	-0.006937212692422656	0.009855635209396321	0.013835718385588981	-0.004239729120750967	0.007535425760128544	0.010206320058351608	0.015489060246228236	2.8871128213297755e-05	0.023097806151452422	-0.0003300824477142917	0.004180259074449302	-0.0018454651136968164	0.002762290380430375	-0.00038041722098174	-0.010464290557447856	-0.008627023571728102	-0.012451081527728152	-0.00905036144413167	-0.004244148054747743	0.004040821770974515	0.0028558110870489763	-0.0006419061663010008	0.0074995137053984265	0.0003006317391785317	-0.0	0.0	0.0	0.0
2019.3.14.cow.oral.15	0.47982519986550287	-0.016957021954071606	0.14420060489028694	-0.06986317723425334	0.08703913363565081	-0.023831204473435952	0.17204971203740504	-0.041832107652489375	-0.22267502389475868	0.11350222365670892	-0.23368179511590093	-0.014561525698114107	0.0406076194663393	0.007735665562740206	-0.057551465599949676	0.13358789083841266	0.15184442846922172	0.1308138333730803	-0.058094037230217103	-0.11871400983632407	0.12796563035040967	0.0016956030999778636	0.0317029272096747	-0.020121117408689635	0.01799289525960662	-0.011651542323744919	0.02365503584374698	0.0011017629806871641	0.014460840759109363	0.007356015893062505	0.004900947663082821	-0.020572600748131935	-0.006482913163010465	0.004374723106151666	-0.02149421912316692	0.024402679544035674	-0.023288115345379393	0.0029753924687344335	-0.007070369710213011	-0.012757140129906797	0.009551508983385191	-0.00694133657592886	-0.008561592521288611	0.020016640819751106	0.003633550537120585	-3.5456172129330396e-05	0.028966541253539858	0.0012145570146222604	-0.030501039021974263	0.021286345748708954	0.016136171053638244	-0.03549397770660466	-0.009500727725357195	-0.02841885763848015	0.009588201263488114	-0.026223706918987236	0.02523163598770923	0.018029948616369067	0.014691781245891317	-0.017253323307116666	-0.003937660490873379	-0.024431502093679912	0.015192920652051117	0.005413994858387895	0.010570503282660739	-0.012533625639561898	-0.002176841739892658	-0.006287863010882063	-0.0005256157385296733	0.005117022039671238	0.0010279371087132895	0.014130410894736725	0.0002392500408182579	0.0008967609413116638	-0.0004537479631777362	-0.00490819306957602	0.001128622059635445	0.0008162356725563869	-0.0037220756947163917	-0.0022892801237592874	-0.0	0.0	0.0	0.0
2019.3.14.cow.oral.16	0.41811879565916127	0.03287681445777947	-0.2701236431657188	0.14528941743236637	0.12266663816987179	0.014389277964003971	0.19673164772354562	-0.2669499261426991	-0.08238473200986961	-0.1089533273412088	0.08639454828767948	0.2339090799644364	-0.12103200773665522	0.3033418213363731	-0.0667717327212893	0.05056281308544263	-0.09110958043323657	-0.0873058154679178	-0.010722059411033156	-0.05589617234419624	0.03360545694610973	0.09411089814068013	-0.006835360396812481	0.007046600733547334	0.041843701623380344	0.021471492616156235	0.004956067614379966	0.000506745972615336	-0.013542094839808413	0.042428870368629044	0.010696159333766216	0.009608849476111802	-0.027130903969860464	0.021051450534312136	0.018207433675408193	0.010493094821865539	0.0014803720488867878	0.006026776082578232	-0.013197784029373515	-0.009749096643711925	0.007786311234813962	0.003603449474541096	-0.008114662143905783	-0.007454463088052921	0.01459564078507611	0.0017500136461234073	0.008475529928289854	-0.0012075172846182523	-0.004670748192045405	-0.012406716688226878	-0.007673949645112503	-0.009987377274728843	-0.011752894567309725	0.004783876375917523	0.006294994464229385	0.0007521656459049203	-0.011048231444205326	-0.0158365712642777	0.0020372229938161795	0.0014159336721498263	0.0075928647673147096	0.005402178247653942	-0.010148791550892258	-0.0021772839419145268	0.00218098717927018	0.003344291826715299	-0.006471596804077424	-0.002333145569492401	0.0021885771239494693	-0.005621422197646405	-0.007841333015039769	-0.0011988268714763484	-0.00047793351954829045	-0.00038717352369458253	-0.002203150521975302	0.006662017474476848	0.00023776193547579296	0.0021723074926562383	0.0019355111009370706	0.0017088675033525385	-0.0	0.0	0.0	0.0
2019.3.14.cow.oral.17	0.11626247904493237	0.04033712217593139	-0.048422143419513584	-0.03281634780149587	0.2212915711539332	0.0502601634083574	0.19044104222633773	-0.3104392978433211	-0.05283814850141509	-0.07434206371052914	0.0014976763436780533	-0.0844394888235922	-0.02960359454094178	-0.20854387991036089	0.07649800139559655	-0.044192834011820885	-0.05344673750583072	-8.044047924676972e-05	0.049917925953889275	0.044889941217942306	0.0523216567366365	-0.0030576905126855907	0.05261074782583552	-0.04574830808113275	-0.09030562105581225	0.037145892372143316	-0.09065731306256015	-0.0052473509037809524	0.03523668449848611	-0.02453290415994915	-0.06258430763074378	-0.03278782597227564	0.024349232895944033	0.0013720761966318803	-0.02151339252781398	0.00033592120234531817	-0.02946892547351892	-0.009195598747117634	0.002854937163853625	-0.05911187613066416	0.0006889494288418539	-0.055083116944151654	-0.01799112258575881	0.014320946090845704	0.001215609867849482	-0.004293402581591261	-0.004174976938969082	-0.0382125444387001	-0.011365212109722153	-0.0032563514303611645	0.009531712302795387	0.01170552087019696	-0.01601587349978265	-0.005102442469014444	-0.002094333584376565	0.001524960350260554	0.0033207359093677335	0.015733380435357606	0.005366304199497586	0.011083821430029454	0.0013411920703071164	0.009346322112540354	-0.016657688852517543	-0.0075538256671013595	0.0017188544046805856	-0.0010279352716746418	-0.007862011651340229	-0.008904639197406387	-0.007715913152235124	-0.008614926986593845	-0.009009526597992496	-0.015228617221833725	0.0015433263210149707	-0.0002896659986278547	0.0022304536368506216	0.01206366221451251	0.004258947992219368	-0.0032318143980307797	0.009705361949773774	0.010265063949554003	-0.0	0.0	0.0	0.0
2019.3.14.cow.oral.2	0.3971740220186516	-0.18576235324217513	-0.0044960263320131125	-0.038030670434800184	0.3181363320872375	-0.052890205319837645	0.1911149288614621	0.03912178819124057	-0.0703589173032412	-0.11243078509589838	0.042795459172063656	-0.09586279524952386	0.041489258461506556	-0.04327032762849883	-0.10061544187998321	0.015103521176905646	-0.006090904073136826	0.06604397439147516	-0.009335934847624017	0.0707755128781698	-0.09238610994728715	-0.05885383914832484	-0.063612008956768	0.03476310293273829	0.17861581609632635	-0.03583451299076375	0.050326109999194284	0.03852985926424533	-0.022152961273740807	-0.020072535154112867	0.0024830133578267054	-0.0038374840604883846	-0.018487191472100782	-0.004193861236369706	0.016180202750448205	-0.0010790073778975764	0.07047557696871042	-0.0363363354342725	-0.007511086658009997	0.044845761522279724	-0.0026695634904611303	-0.03488276663929947	-0.030900671915634923	-0.0036184270020354972	0.008987653435236463	0.009196851838186356	-0.05287387898933165	-0.03978591293202444	-0.010254848677055044	0.00022261246962723713	-0.012533050768897904	0.035594170341657703	0.02220405701159297	0.004457071768867068	-0.0027987238535366146	-0.0142821422286015	0.009818313058124055	0.013275055220046472	-0.001916430755957883	0.009716546937121547	-0.0012481157451501412	0.0025562024906321157	0.002062864308513966	0.002198283537600497	-0.009539644118842033	-0.0015834908483062073	-0.010474993234627862	-0.00553297854977901	-0.012540472986381676	0.005182348167919244	-0.004071747419870106	-0.00243435584800415	0.0037359265941310175	-0.004076561793620752	0.004260660086480591	-0.0028764337232007556	-2.8766242584484246e-06	-0.00015291102831405606	0.0017775294006752566	0.0034530699198558924	-0.0	0.0	0.0	0.0
2019.3.14.cow.oral.3	0.42062737479371803	0.042390221475972364	-0.3657829146323189	-0.46887919070237427	-0.27072593231013037	-0.050035864251028975	0.03142872569779614	-0.006759084061866229	0.013455680053476606	-0.017827927706712127	0.14992041836776734	-0.027050909322870655	0.029497862301327754	-0.018193219942954416	-0.002767465955036413	0.027242849410140265	0.03787993475698622	0.017901215906915083	-0.00859135661930895	-0.036925493911065345	0.01003073011509392	0.0075338964423847035	0.0031026919688231444	0.012053046957593416	-0.008651947070398909	0.006554194528397731	-0.007167367272975184	0.00926333485142113	-0.0011227697536791152	0.006920202378883514	-0.002052398342630477	0.005437726702539528	0.002568418231108849	0.010116869870754334	-0.01401159183075418	0.001687228912530614	0.00437965138578836	0.0007792026092967839	-0.0072018389176233535	0.0006461215419370054	-0.0055438021022579664	0.005999734639200847	0.0016648628245907577	0.007776814386976323	0.0023395607080759543	0.010072066157225024	-0.0029139698180595222	0.0027872236309557214	0.0007170072579779539	0.00587635011743608	-0.004150058446374757	-0.0037531357262146265	0.003181693318898358	0.0020259765825677823	-0.0055940188531629405	0.013949723166670789	0.0019451062471568736	0.004877515326824006	0.0029141894866310312	-0.0008184720936916819	-0.005928272869289157	0.007583861405738013	0.01153213980396878	-0.011195780804172335	0.009664846491004991	-0.005351190572508278	0.006784590133440578	-0.0009510388021799869	0.007014999209115752	-0.018755719427342745	-0.00692318786443084	-0.008500279280169354	-0.009267187810536408	0.0011601382707427212	0.00042433531782044934	-0.034829525044093555	-0.03670398028107718	-0.007272208754364194	0.014167891440385081	0.004349477737678583	-0.0	0.0	0.0	0.0
2019.3.14.cow.oral.3.rep	0.4144244875396256	0.044079560496180274	-0.36634399292230957	-0.46978660855659926	-0.2895890922021762	-0.05129960721613425	0.026722497057322003	0.002413757074898107	0.01703849873520929	-0.014331833839485525	0.15189004610217427	-0.03112930258737022	0.02994776166367823	-0.019947241673567213	0.001599989210683229	0.02460824506292644	0.03226322909124568	0.014426433766127587	-0.0030051217712549535	-0.036315267019099824	0.009838725244659027	0.0038897952466644065	0.001034158720068117	0.009856740418746181	-0.010847257182146169	-0.0030864915567483	-0.0034952581390619397	0.017711473941099416	-0.001568778040300569	-0.0026167096384485796	-0.01303948271133187	0.004498897948580256	0.0014114382579581575	0.004270528690232201	-0.017748709120570784	0.004626182925076265	0.009444688465077934	-0.00586184590841998	-0.008016746892979487	-0.007200490763090253	-0.0022083285320286523	0.005892545142335976	0.0028769107889952197	0.00025324701301860584	-0.012700171448739665	-0.00822640597457449	-0.017302962104549076	-0.009845988457211302	0.0038482871025521375	-0.005300822774925967	-0.0038049008516440573	0.0032082836192401593	-0.0002561993561679507	-0.0036169426197016725	-0.005257088281789843	-0.008760639315149591	0.0046370377240699655	-0.0037228823963177263	-0.012048101074862533	0.008352418389037618	0.0055603699408919545	0.0033641590693932566	-0.007621260257999306	0.009165166636208399	-0.0077748344239786885	0.004982424648236325	-0.00962196259745395	0.0030444509364298596	-0.00266636830436801	0.023189629212445047	0.006072765289861763	0.009016612355260231	0.01233933914687677	-0.0021341185980238314	-0.004010679785168255	0.03543640158016619	0.03374303175696944	0.008185399356905003	-0.014225642605253627	-0.004250651073252828	-0.0	0.0	0.0	0.0
2019.3.14.cow.oral.9	0.14447873270015804	-0.3456428677903838	-0.07432032705091354	0.031743410970357155	0.1228810320616312	0.03863543473346538	0.1143352797711815	-0.2582466121499705	0.0709210697977985	0.1826461152814587	0.06171261392766436	-0.05663158516162511	0.02792906853402039	-0.07352859300475681	-0.00801376480663288	-0.010015039793121513	-0.020086815421934936	0.01396702887042231	-0.028317031747421985	-0.02926546235961144	-0.05430597749983912	0.04405623102216657	-0.04673794870050533	-0.029507006804255276	-0.017468315140788542	0.006712959501511293	0.008096094783494363	-0.006959416246098978	-0.01778859510237687	0.037493473869633406	0.07461068321432544	-0.000829112919074172	0.005306491595758871	-0.11898474261861723	-0.02417360518498546	0.02609391150389026	0.014900589518591106	0.009671588724114518	0.057111609660925246	0.05260132491251655	0.011845014352097113	-0.027944002227517136	0.040692101956648546	0.018549707617238283	-0.04015866600841862	0.005424478145545991	0.04092847849861448	-0.0025740058251134965	-0.0029397439357591853	-0.0011157944706505834	-0.0007979682848657873	0.019363857080068884	0.004795992636198159	-0.01410611203232797	-0.01356033182164643	-0.0007215246301910496	-0.03224227949972005	-0.0016973063432229897	-0.01667852159486282	0.0042266248077295655	0.0004902592983732878	0.001140124497706359	-0.019468779777232846	-0.022979852984244972	-0.011365288959669723	0.005832165862262711	0.015547412135873882	0.011720363943878716	0.009886329262479029	-0.0023440870674972746	0.013904158470055565	0.009715751324399766	-0.007594980088778702	0.01355392750646003	-0.007586897326872629	0.0008303873457478707	-0.00986960887106042	-0.006385977628861001	-0.011492355617698898	-0.009200024930109301	-0.0	0.0	0.0	0.0
2019.3.14.cow.skin.rump.1	-0.17077754919885757	-0.19176743867224033	0.030677187080082834	0.008175303514556328	-0.011931599089400877	0.024807707891397572	-0.019758346915826723	0.021466937885122595	-0.005207826276570103	-0.016541550680302875	0.0035878616977425516	0.016397322447707148	-0.02807026624874841	-0.020364455481566908	0.038287561882008735	-0.042234416840797734	-0.020813048460748954	0.03710645900330815	-0.01703995194730324	-0.013407725463099755	0.02489679247156925	0.007528329279912046	0.00196487693013376	-0.036984177162873784	-0.01054402808752158	-0.05726265085746035	0.0185012886061492	-0.01652532522539498	0.013013571660237732	0.00274287591642489	-0.034259733645950814	-0.02954341596731963	-0.10219178148501298	-0.027316805645553242	0.04564121190394785	0.014291841146174322	0.024234358234099376	0.014044299547090248	0.008263023126708787	0.02881485003194706	0.04761685297331143	0.0009167649222903973	0.03078713968521279	0.041711966288415836	0.03841636433717698	-0.04597429008610551	-0.03457631390983871	0.017901186815471204	0.020302222815162647	0.009209027879614815	-0.032317747320746514	-0.04362391127272688	-0.032121465773697545	-0.03517944804255176	-0.05939964026450515	0.020615112315518835	0.009416090503772883	-0.02118145658648643	0.015714663249176822	0.020602136609305464	-0.0014877818133273235	0.03282232565737731	0.03253340678126028	-0.04936106977543702	0.01816645897179148	0.007458758860702112	-0.019665360438405517	-0.027450708665521496	-0.004091009966545041	0.022473661654457577	-0.004031121850305691	-0.0023348906198647295	0.011993782964819151	0.000264653151878531	0.003456622292002431	0.002578444692466805	0.0007654937229704855	-0.011508521730585468	0.00295908742877038	-0.002203947479625808	-0.0	0.0	0.0	0.0
2019.3.14.cow.skin.rump.10	-0.14340195697230104	-0.2406453983643522	0.022824505505447918	-0.0007853355291319883	-0.01631406827386597	0.01971126392835475	-0.021053911981285124	0.04776395946850097	-0.04032411342746784	-0.07360264128259172	-0.03279676881357707	-0.03751472847147474	-0.0017129385942873518	-0.011674633724617507	-0.0491850730640891	-0.005221712359586323	-0.03852387755441271	-9.802654687488336e-05	-0.03958533398235191	-0.006288040378976678	-0.023899495517755085	0.0608942661558548	-0.01219205772520678	0.0003590687724131584	-0.04437559580727212	-0.007614113855806896	0.010958671675880875	0.0012519171813126033	0.02901934896920698	0.01296004154309592	0.017240792110405235	-0.04166721432137005	-0.0032019248049781914	-0.023084145698296994	-0.02500173690734231	0.002240399934594347	-0.018556655475621037	0.030922071870556168	-0.028142677334879306	-0.0033545775298476233	0.013584012571969702	0.02866434311494691	-0.015557892946209614	-0.035832379450706414	-0.035016987926611474	-0.03537666537146944	0.020393628615184293	-0.0990407241348851	-0.04220148389341913	0.00366973010305343	-0.061129466600978545	0.028599186574576437	-0.00536914532737771	0.006498022446642686	-0.04111196603474806	0.05316426559346359	0.032167539933971465	-0.04703592267892304	0.036454445976271475	-0.032987415341955664	0.021596108731346094	-0.004181374343138126	0.007018246176700633	0.03850356156784555	0.005285938958119964	-0.01732937612249863	-0.005153907681382834	0.013362828670341663	0.018604161780810907	0.008241022138402112	0.009351081777797348	-0.00507234665948936	-0.003602950978376402	0.00579804001608484	0.004791414285250026	-0.00553200482081637	-0.0009982165569384026	0.007937749596945376	0.0004163776661197857	-0.0005663286792870916	-0.0	0.0	0.0	0.0
2019.3.14.cow.skin.rump.11	-0.12990316586429287	-0.21566395697290294	0.006265057683700967	-0.02434853311977238	-0.027038524031032803	0.018608113981439533	-0.024422430405630635	0.0569363509106978	-0.06094505942662049	-0.10183654120148358	-0.039647189787997035	0.016040172984488135	-0.034507961963222734	0.03752867042707621	-0.0557427743915438	-0.014430937635240858	0.01059919827175624	0.015561721075361063	0.033007493130189934	0.023244948849628428	0.024066078251970026	-0.028303612474821833	0.029043779372368596	0.005225776569176919	0.0005365216429440943	-0.003044488000239011	-0.0978034429037343	0.018321320863190448	0.01442901125580746	0.028108258641983557	-0.05852267192389775	-0.0031356756936157504	-0.009995427836511505	-0.019314488744357896	0.033594330659049106	0.009482944692030095	-0.08243615824654607	-0.04241365779816999	0.07702704321705846	0.02949480821344608	0.011131783805144565	-0.004025386920854479	-0.02374729773430612	-0.023312948731563258	-0.08005017417067632	0.04884456968693998	-0.06849553831576596	0.039121012983711165	-0.03385293176084648	0.020208046436458828	-0.018640165604539446	0.00043556412589150874	0.0029964943408326426	0.005005416052242088	-0.04275291559824455	-0.04941122533867081	-0.016712979508934918	-0.03132154914573924	-0.03198774175300357	-0.01642457252602347	0.015088494914480222	-0.01605700831879489	-0.0018764924358390907	0.0008503092119539453	0.01440894341542283	0.019887565071643763	-0.010172205287019785	0.005969849753678575	0.0155277275854717	-0.009343058735608162	0.006613566000535025	0.00971877243979072	-0.005684491083822534	-0.006867308423562589	-0.0038980286339708385	-0.007889342263198956	0.001460175823714659	-0.0037235943328854286	0.00030064849805531404	-0.0008720283399369087	-0.0	0.0	0.0	0.0
2019.3.14.cow.skin.rump.12	-0.07310356541562117	-0.2591151231610339	0.008483650336622685	-0.00039591059298324906	-0.013722288199543346	0.012603578639612758	-0.024944279288831243	0.07105702318366919	-0.05277282669663758	-0.12845874433006702	-0.0582125107755361	-0.05198360371919214	-0.01862753388189722	0.00799067264458237	-0.1382050955749224	-0.00468534168900477	-0.02140266797480812	-0.02767451001449574	-0.025227743794532177	-0.013077481235936219	-0.037682922507706815	0.05776880918446508	-0.02160695074178128	0.0422766127927405	-0.14740877262292088	0.06454205726061062	0.050914719518741984	-0.060714249386881365	0.019756920881137518	-0.06493484840537289	0.07040274785141692	-0.0021829492451599978	-0.06334683464854134	0.04281547834995114	-0.11592143539863148	0.013197594873795869	0.023890254569019734	-0.01260065034186599	0.04907050268941349	-0.009725944144983324	-0.004520382574781452	-0.0221137725511452	-0.0027313635672072496	-0.034134033035719366	0.06292610422337101	0.021837551083493157	-0.05185979914407721	0.006824167168638755	0.004974050629411554	0.0059441928802924475	-0.004698354354455278	-0.008418177208154198	-0.01604128353355301	0.015614729902511662	-0.007269836192074748	-0.02210095318174484	-0.009802072071239901	0.004646587518135078	-0.008707113499782397	-0.014098698039872687	-0.03095337263315618	-0.007220514497007367	-0.011196063559442469	-0.009976533793916937	-0.01485736099633595	-0.009001767488482693	0.010931232512500305	-0.0020404709815714816	-0.005953338096184377	-0.0021596180859443474	-0.005678364372962187	0.006741926373413811	0.0061088360925430464	0.0022536897770924543	0.001568556877959011	-0.001976016349521154	-0.0009209432402268806	-0.006305659132651869	-0.007250844642816642	0.0011081045789492854	-0.0	0.0	0.0	0.0
2019.3.14.cow.skin.rump.13	-0.032428721069929764	-0.38571926573184545	-0.0026629684024019364	0.04287527330302028	-0.002057544206252968	0.017844116459021606	-0.03677035980480917	-0.01140113142947969	0.0327010062167705	0.07368890339400785	0.015029777883959775	-0.028809301584256902	0.018898118496228522	0.01879614355131049	-0.028550310001339046	0.04694284375803673	0.027533239699404244	-0.06669444435729686	-0.0283552389980661	-0.028652383122658318	-0.05581628086944046	0.055985410235925764	-0.0308912592053191	-0.029034937931772302	0.0005028259083181646	0.02642368313000191	-0.04965234403055789	0.014038527741859317	0.034161198776246605	-0.028257518055067776	0.01069344708974323	-0.016588738467578877	0.044581474307570264	-0.013002912556529501	0.002602171097479107	0.014749473634273317	0.026615154683106584	-0.005144095340830354	0.04130219265121062	-0.03145767061163355	-0.050544540395861356	-0.02743173303417806	0.08528563778556507	-0.02032467278847833	-0.005026863955544939	0.057202491706739765	0.013156489659215136	0.0349629668762648	0.020728190023359863	-0.04190135160302146	-0.04491783774034311	0.0030628271467375776	0.012828973371374525	-0.02624271262719069	0.0059337253379143085	0.00817652381165898	0.03838404499545759	0.010953480965697277	0.014995887192304535	-0.010170508207549925	0.01774210305430795	-0.006281973518643765	0.020201585795733883	0.00814159945748634	0.008499230417085828	0.01739877584602501	-0.02008239711580854	-0.02977123255189019	-0.03185402715528368	-0.00013785781240113054	-0.00021651726223241086	-0.010027274715168413	0.008284332673353044	-0.020864498380205234	-0.0003332812872692888	-0.016292272061487666	0.010522537678892803	0.01804017451081837	0.006809407202455504	-0.00022643729699278853	-0.0	0.0	0.0	0.0
2019.3.14.cow.skin.rump.14	-0.10240832284561997	-0.3037922764619327	0.009699394356338629	0.010201737415224609	-0.004889168780482048	0.03507611398395572	-0.03315831994464499	0.03496441794873682	-0.023062153636376127	-0.04504147402021335	-0.018550888376060736	-0.021820264767671453	-0.019300447329236897	-0.0032897804591806817	0.01744408051851256	0.03935315798488594	0.016706237824723625	-0.03648992739523337	0.03148829423004488	-0.051495421789442754	-0.04363523177846199	0.024216315665593496	0.014006754164754828	0.03904494258694476	0.03876795793344453	0.012150036984973727	-0.03207820930626579	0.0012010493663077413	0.023076657682278186	-0.027020585228825552	-0.00047532754164192895	0.025924500268096628	0.06296015526282153	0.04253371538626396	-0.04579811940469569	0.03219916128209758	0.007018425533466967	-0.007865149185480085	-0.05661723164638282	0.03890489396810614	0.025568728527464	-0.0331044873192045	-0.004269034975468733	-0.035064252148888427	-0.027361193955804726	-0.0753458311478044	-0.015018468627945524	0.03050243143755332	0.017719011643027836	-0.01496340540879792	0.0766833827114239	0.002321374303275396	0.049677637586498985	-0.06406432656977953	-0.005540810350536967	0.009993389688365842	-0.017095115729665263	-0.03054050253236843	0.020470696800558297	-0.04664344974569828	-0.021039663431216816	0.012853472727422072	-0.017088095978998616	-0.003830945268550771	0.023477498876278088	0.020739261507048436	-0.01263718108548098	-0.015757884401092506	-0.003746378316440625	-0.002621888592645547	-0.001399717415048946	-0.013979283370782495	-0.012794567075645203	0.011905655386795303	0.00101806973135356	0.007810135117445033	-0.00400669840610429	-0.0017845592380778192	-0.0019798450656214467	-0.0010068659279032807	-0.0	0.0	0.0	0.0
2019.3.14.cow.skin.rump.15	-0.149710802812882	-0.26585181583728684	0.022412457209476554	0.009420122070571734	-0.027426755958291745	0.0014713819824770532	-0.025739361457890752	0.016619977609556975	0.006560663164729474	0.019526919198254673	0.0020258698293183944	0.006886459574738477	-0.036452714153754374	-0.01420597332874473	-0.02349808316846832	-0.011744491331973618	0.019837321855513165	-0.011728068004936011	0.009104028698447933	-0.011112517035331277	-0.0040561448934213935	0.0017969683290336763	0.007733904513974509	-0.006934151256454098	0.02373834135844	-0.04647652102001467	0.0039003375582006726	-0.03203794046370359	-0.01145272830718517	0.028936102296829885	-0.02291778039451071	0.0029638092746024974	0.028944817246280324	-0.008350909634566651	-0.04365387526531367	0.002859732557472643	-0.012894117012500407	0.03300932090882656	0.00916476967730488	0.06093640411478504	0.017764461463018272	0.0075349808625904905	0.02186048921891071	-0.0021455426217851506	-0.009851157666223496	-0.04523215131735688	-0.010617690346289713	-0.00162096115204904	0.019581145650129566	-0.0015030278918840392	0.006452375550404547	-0.025953188190737515	-0.029490811759891586	0.050545807771480065	0.014272936492983817	-0.0052143107548978905	-0.03904762688746366	0.06399690659863741	-0.035864714560135603	-0.04484977367931262	0.06235964503852776	0.0007426788627005543	-0.006570224053073489	-0.007306036002932936	0.008046972713156556	-0.04130200059145059	-0.026715236046181843	0.007546439865283942	-0.0036210155337899797	0.01653837060830231	-0.01776221509771112	-0.01834457194177449	0.013947471382698865	-0.0041974386611031925	-0.009470474664729155	-0.0012437281278890769	-0.003853041726411775	0.012322300721378483	-0.0028182250992760684	0.007632973786290885	-0.0	0.0	0.0	0.0
2019.3.14.cow.skin.rump.16	-0.11821263113521245	-0.2508369097215486	0.006523705064774804	-0.011005957906782892	-0.002537502452988013	0.06768315799308948	-0.03425904713152766	0.05622205019232115	-0.04978036628643325	-0.08856233205419434	-0.040747375095778623	-0.0011816057580888838	0.005625236763154055	-0.014197782786011819	-0.07837067765102378	0.00035729721781111075	0.055308570965450415	-0.038630886122069684	0.06142627950672446	0.02231716331200813	-0.012503087120758469	0.013272883825367825	0.037057819115126886	0.04355053264772294	0.0015754838800815989	0.02284683326453596	-0.013068806560414323	0.04901969665742611	-0.07495440331335264	0.041320908720977684	0.03489598108742603	0.02599349569985183	-0.016982144100252228	-0.028685169342739188	0.028037441894364214	-0.027143944746990847	0.011539777436250839	-0.03506307584140461	0.00093504819651178	-0.033877089270520064	-0.02595262488818163	-0.02326686905474917	0.0015518970719169964	-0.05486294566748315	-0.04314422075823833	0.0012585531891999959	0.03192030590607918	0.0015870983839855008	-0.011489999327378684	-0.006774267650499087	0.029108435872912657	-0.05670554245878065	0.008290114685901078	0.009156679723644569	0.006822920295969603	0.07033052621729825	0.040889862443236655	0.026108187400711438	-0.022253071622862074	0.0500870662443512	-0.0037828614419001738	-0.016430459536503152	-0.014762465508423455	-0.026930011985029624	0.015204739305599508	-0.009018788133031318	-0.0016846866777559984	0.004157522289212285	0.01934522463402797	0.010224640799350416	-0.010445137683115793	-0.013034392319615415	0.002082688889475904	0.007384724810711012	0.009558375976230707	-0.007225609248807815	0.010226071166767877	-0.015913851058949952	-0.008739141007750455	0.0021695249694709527	-0.0	0.0	0.0	0.0
2019.3.14.cow.skin.rump.18	-0.158933449398881	-0.21520194563502482	0.024048521659547777	-0.004077367780138909	-0.008402252798208982	0.01984287676756495	-0.017431734574419294	0.04374578782047786	-0.04512996163580011	-0.08585507226623	-0.033908537035368246	-0.030230397564047076	-0.02563526104923522	-0.004269371965886193	-0.03285174848231168	-0.03310687497791467	0.0017172363124130265	-0.005537932044058219	0.004040014720307487	-0.017505746713903723	-0.0065818841227677565	0.027562866491328657	0.01766901018172206	0.030112712032838437	-0.048013964309447946	-0.015162527501653623	0.009756804021760889	-0.03594830602755507	-0.005700207689401093	-0.0033588045362182386	0.008327271626070306	-0.003598940191667329	-0.027855341997916706	0.013503004478401222	-0.012452322619761548	0.00836595320374104	0.017500132240006194	0.03017131284731372	-0.004497685570306616	0.007450194154212483	0.015418520521885963	-0.009874046324085258	-0.030096932767326605	0.051189178941612984	-0.02618707749741273	0.05388547581411762	0.03240781696765478	-0.018475569114927065	-0.03289163001114361	0.0228172418557306	0.053391677780481366	0.029418464816298166	0.01538163820231992	0.009098411987618436	0.06586382311234627	0.013087057893065959	-0.009631012981378327	-0.03817140210403451	-0.057100332440003995	0.032223787402913505	0.015594107132313219	0.024590463137938	0.047043933686887404	-0.0021141304197832044	0.02221864606434118	0.017400975904547835	0.0061093155645284575	-0.016515490692743173	-0.009246188574137155	0.02926402592701632	0.0039463586803341185	-0.0033230908179317877	0.002095413835180561	0.0011947334873690725	-0.005855655379464977	0.009337655344220697	-0.009102535255547026	0.017422070290041693	0.009005949378122493	-0.0032688417259389927	-0.0	0.0	0.0	0.0
2019.3.14.cow.skin.rump.19	-0.16225840622000062	-0.23032283388608837	0.03129371294155246	0.005898249615751166	-0.01472985107398035	0.014239038029388501	-0.02134911289214319	0.05135439993823963	-0.047747164379929076	-0.09881384403865731	-0.03453577963320448	-0.020999047047777775	0.00025098292591975804	-0.005692914535345604	-0.005371959029605663	0.008187285644416733	-0.027677116548699962	0.0021789763601904877	0.010187617437270091	-0.016674512238766075	-0.012457159898807364	0.018141270659055284	-0.0020559590277732394	0.006427032493755194	-0.016162492198632823	0.0023202277272811075	-0.015053473684854098	0.0003325009477874704	0.01822826335205856	-0.013401560935917815	-0.005697776149838449	0.00214725131487895	-0.00940055365196938	-0.016123074865583162	-0.017030058599603166	0.019052542075116193	0.05220623706393869	-0.025549041144822465	-0.031087899262292103	-0.0016056621851130238	-0.0227110880435731	0.019837854845645805	0.021719539942076448	0.0307470505719245	-0.013350098606384028	-0.0011876987901097795	-0.021797965070411717	0.027818081393653413	-0.0264694590811374	-0.020326272399571816	-0.019953095200195062	-0.02012347011981756	-0.015970192739756004	-0.03373926603349654	0.05661114001019938	-0.022230051683439136	-0.03609263556629163	0.04549417045760887	0.055654639888203045	0.04083979589536508	0.03172198799865001	0.03478045814718319	0.01274214456336719	0.04156619075046789	-0.0031424377214642855	0.010282574867942018	-0.012580012614786355	0.03013086159732871	0.04225136652607306	-0.01760245307189035	0.01811158908514397	-0.007123242384817795	0.0070546760531741675	0.002013011837300512	-0.0017650176492878425	0.006990102291415024	-0.00249108987021025	-0.012240577105373466	0.0029109109213823086	-0.003510997632944313	-0.0	0.0	0.0	0.0
2019.3.14.cow.skin.rump.2	-0.10262420582944035	-0.2692959621899348	-0.01620158308792636	-0.07680816944242692	-0.06493274695016665	0.0032368820395425797	-0.012399647597969639	0.04946115645151297	-0.04372585059683384	-0.05112092401395034	-0.025944943094451937	-0.028384971630970837	-0.02046462698285929	-0.003408848296480076	-0.037464783300596355	-0.01592183676612789	-0.048902173279479814	-0.001740577354353237	-0.04819134732601048	0.021987746599148074	-0.007814319729039001	0.011673234616290646	-0.010327648022892384	-0.019618508324487437	-0.025353810240464115	-0.01547056305146976	0.051779915342615064	-0.04727689776414123	0.004346262980717022	0.01083341671856843	-0.005781058206463163	0.0063490915832221904	-0.02557326362603611	-0.027166179208806766	0.06385094129490289	0.009140968528920922	-0.022520596248967593	0.04299022716286729	-0.036712742139373436	0.022235579402933244	-0.01623940320095568	0.01617313059498583	-0.038773125784436285	0.08800269169145836	-0.0128257056917277	0.06279529648882659	0.012400277266339814	0.007713746266252805	-0.0027307863567872727	-0.02596104322440991	0.06377507012722781	-0.008094115222507246	0.025226654015915114	0.013642882589974677	-0.0346571816831303	0.04270319079473646	-0.018253489870819487	0.02315763479738519	0.03798286596280638	-0.031479118842657035	0.010111493122752693	-0.019047093415320814	-0.008206375778265492	-0.0030168008005237667	-0.03232497841178514	0.016332430063040377	-0.005331604458088491	-0.002555168629991937	-0.013378036727958413	-0.03540069976064082	-0.015000166727487566	0.007451012253192351	0.0032663442378045426	-0.005642682732143078	0.013242839327715675	-0.0032163506533032277	0.011927653543039424	-0.00039319726315304983	-0.0027563706455000065	0.0030130282196580713	-0.0	0.0	0.0	0.0
2019.3.14.cow.skin.rump.20	-0.15382576430807943	-0.22250460551742707	0.029544623374278035	0.00876902539759133	-0.009723478973985008	0.007202360811099167	-0.011663009347775682	0.04099034067961488	-0.041612254173532814	-0.09074770892012096	-0.032507869862295036	-0.00038615767344078045	0.055528396130273994	-0.014302583321721088	0.051297776596048554	0.04327198172744647	-0.024093786489186416	-0.003335922678440138	0.012920851429697205	-0.011276021941929537	-0.030342483928228026	0.012416376245982694	-0.0115438504815182	0.026047597150202932	0.015183020752373452	0.00597125772779259	0.0009337700404071972	0.03508508069126479	0.03593889984923208	0.047340934932590575	0.018208692684112567	-0.0400365011294677	0.006849269460204892	0.01854176543207798	0.010487744297124442	-0.03768000246490482	0.04632883323296666	0.019810575896951156	-0.04571117791985648	-0.004763708030598618	-0.027381066303818178	0.0511082347866163	-0.016522984600547286	-0.003970028648382828	-0.014443839888602915	0.015702549805668188	0.012387725925545188	-0.011450190752751726	0.04603019856840885	-0.05125673105505289	0.03394951475630597	0.010957726253802274	-0.105653119387272	-0.040087501231461486	-0.03600036338594879	-0.03128053565407559	0.028060354179144164	0.007650206698217248	-0.049978533242093906	0.002382112887834703	0.007079210676841281	-0.008362113680570032	-0.008887552469946469	-0.006395532505244891	0.002224090422773415	-0.0070566281246224015	0.016032659984679298	0.0023539249693006756	-0.01114331004034855	-0.01084083953303649	0.021507363965539667	0.009562360025953719	-0.014856786365145267	0.0052290156302183645	-0.01855542586683788	0.001859820996557774	-0.0016802361322284763	-0.0016125006028109487	0.006944666511024483	0.0018786060772263274	-0.0	0.0	0.0	0.0
2019.3.14.cow.skin.rump.3	-0.04599550451035004	-0.32523318384972943	-0.0075701135291055205	0.017139411801625135	-0.029226142892396834	0.00266666636319709	-0.03753877658501834	-0.009636750799233148	0.041932093763762654	0.08940262814573607	0.0035997855652263886	-0.026611010687439218	-0.034522406444455825	0.041973943271923234	-0.0712661931757468	-0.022346656743623242	0.06409591742892576	-0.047358139065196585	0.0431064629479379	0.002601612154595434	0.030246937909942973	-0.13065623981917923	0.09824470690263121	0.10213986482624743	-0.03145971365609786	0.1065108481256503	0.01071074347701843	0.07897160523186174	-0.05977340460479312	0.03675534801873642	0.018752604822192282	0.005979839286135996	0.0233929197071421	-0.08156416530343652	0.017018047661819326	0.04355903192413108	0.02669384878878739	-0.05149523145684743	-0.007526715104559233	-0.033908950084570524	0.06786454899147841	-0.01728393114262189	-0.031915065042406605	0.021959740348416915	0.05237070450686855	-0.03372445697173088	0.006062726668367225	0.0063226988522666495	0.02011241119012974	0.0015603080391848865	0.003567314929658866	0.023168370470134748	-0.041669570045280435	0.02070481925380137	-0.015130367642863362	0.001774974466138163	-0.028451432120841426	-0.007920338521561906	0.01793447876638038	-0.0034792787040272078	0.00505544011833276	-0.004369631407338211	0.019995789002916157	0.023948225801041504	-0.0016449087112585226	0.00631703629663358	0.005966214530924395	-0.002613920445359139	-0.009827438773066246	-0.004345803447003033	-0.0009512176552968242	0.0035756996218042547	-0.006071472423548854	-0.00941334832781363	0.004702613170851203	-0.0043563812415210856	0.00486937547919744	0.008456365758254357	0.006633294011666746	-0.0009158083533992329	-0.0	0.0	0.0	0.0
2019.3.14.cow.skin.rump.4	-0.12890288594541713	-0.29149622699024963	0.016587650770749484	0.007971178990263887	-0.022479314015060314	0.018135037304504276	-0.028834271225985184	0.0270191805133249	-0.010602504684592742	0.0007021210116015298	-0.012180259187623494	-0.034923633371043206	-0.005498368471741974	0.0013890686100340261	-0.03425265086669267	0.005065725140510189	0.0024233296505463183	-0.008830340770822119	0.019856883623303404	-0.0035768571912330083	-0.01698055530786147	0.004109989410509109	0.043741320162271974	0.01687713506555677	0.02497832351210968	0.01463399357749112	-0.056952238069551145	-0.012981747395641513	-0.0665925575530104	0.04003163425070173	0.0096041697237607	0.008353230893717286	0.027433055165623124	0.031901796126235046	0.04025293289548065	0.028820278897516545	-0.012726734451415114	0.037115640470250004	0.014829361877482771	-0.0025725166938303404	-0.011539039047285994	0.040952020737269966	0.0625219390699894	-0.009290530939411257	-0.035129968325939134	-0.019963501147070985	0.004369012466988314	-0.011649674880619581	-0.03387984241160535	-0.011628509728990469	0.021762473914729255	0.012953972560646173	0.009250025714700053	0.01991662300032735	-0.004338588021826548	-0.053085541016498226	0.027279315815650438	-0.013699641262351828	0.04266365144855763	0.00596374315638824	-0.02320877085791139	0.04320034613203131	0.007696053591171561	-0.016350595721308533	-0.038760078582541276	-0.03509678496004609	0.04545114229208261	-0.017445621239702364	0.0015971883332611286	0.0032581089409816945	-0.02244193141153136	0.015529775647377052	0.01800179226919852	-0.015934954320836543	-0.002832389480158603	0.015976821039543995	-0.006910902149978805	-0.002444734882231673	0.002379940847131743	0.0041593875730913735	-0.0	0.0	0.0	0.0
2019.3.14.cow.skin.rump.5	-0.15610788880789753	-0.12875282632000015	0.01773641914067886	-0.03032393370729477	-0.01702287626648531	-0.028030696749242526	0.013178340374838064	0.024606261632288347	-0.03872093396871041	-0.08078708982030779	-0.018568994853676347	0.045565405886629745	0.026594759504806623	-0.01395847884059132	0.01971307123711532	-0.0344385068278058	0.01954030148789248	0.036866690182966545	0.03983148409096255	0.053842514332699494	0.05512745776347196	0.01606734358218544	-0.04737640623977116	-0.03244489663974618	0.08639370261813992	-0.019902388554176243	-0.04578228041816147	-0.045457946048462684	0.015942890012563462	-0.043157660600672346	0.049249930955141664	0.013807721224890929	0.05649630951676227	0.04468572595487913	-0.042430421297329275	-0.10623814252948971	0.04483651879385073	-0.10553297308329125	-0.0010111438699210256	-0.07479272251654735	0.043140308334103664	0.009537687953720292	0.008595316944571493	0.04073639024784957	-0.0081584918853004	-0.0031080084174808682	0.06743008842831998	0.029159525356937395	-0.023581971239987065	-0.007432076432331261	-0.019619058012869228	-0.009434109824608182	-0.009192164979447763	0.029552394553431727	-0.040131285554385394	0.008439242766509324	-0.03501336446252734	-0.02034142703737542	-0.0013385059115536807	-0.013774613581845887	0.0053962215465324734	0.0007944714460138123	0.004200661583000451	-0.005499057930254214	-0.017786618941269816	0.005235677262172833	-0.0007630867066355017	-0.007224589146284253	-0.0023746050749327424	-0.0001822932705242662	-0.005995492794929079	0.006968315216790301	0.016957747135210276	0.007338770734013858	-0.0009995880179563133	0.0018033778633909014	-0.006833139239498965	0.0019303174937626887	-0.004340790788643024	-0.0036395763180746533	-0.0	0.0	0.0	0.0
2019.3.14.cow.skin.rump.6	-0.11245238351785916	-0.17562873113628724	-0.04123329621335341	-0.12716108820814398	-0.0746752938522758	0.03807056226567386	-0.017961852778407592	0.06090610484520138	-0.06439692231645447	-0.10426323879322313	0.013177664341326336	-0.00334999363732689	-0.01835313169246146	-0.030472011547978718	0.029208426831648978	0.024211867956806285	0.026289809549372538	-0.04280504892913584	0.029869356783668675	0.02028740236185453	0.03115501492846442	-0.006650333380164264	0.002944960510002999	-0.08029894964047053	0.045829305797558666	-0.05520617286105989	0.025596484058105974	0.008700165864641564	0.022117674097227216	-0.05103005885738229	-0.03701269717582106	-0.033173344346056566	-0.06431495767299884	-0.030080338839786218	0.06717969515296139	-0.03485277711505066	0.0077902659413501135	0.026434480144028202	0.11745075251997736	0.004632068097805521	0.01505526246663166	-0.015274422885879492	0.004311077308892133	-0.06723435036475281	0.05016799813309427	-0.037259398833927995	0.05899989765098832	-0.0015197833508629505	0.000670039002349996	-0.027208236642047738	0.02900647634407452	0.01869547406819408	-0.014983069188735395	0.012785400005993049	0.06276461523876087	-0.017505994738938	-0.019434729388023004	-0.025189345862053104	0.026808510934422818	-0.01273581432704284	0.010899322773814871	-0.019668962933707006	-0.012442509400807081	0.0013473478859347436	-0.002582925378231983	0.0006745889867180137	0.010335316381682487	-0.001977292073445966	-0.0020278412400524556	-0.0071228316647463236	0.005578207344399056	0.0014734607178460116	-0.014464405770110135	0.006605293403075005	0.009332193947292622	-0.002469838609088047	0.0037118587386134163	-0.002336407878812252	0.0030915755706690763	-0.0006635285519223387	-0.0	0.0	0.0	0.0
2019.3.14.cow.skin.rump.7	-0.05806178653752136	-0.31392157850649866	-0.0070033477787528695	0.006197079371005903	0.021582409935856185	-0.008758562355097888	-0.017738610931492014	-0.029211101523844745	0.01495215564900372	0.05934010417717569	0.007292036230094851	-0.040322795545833866	-0.025775167013527726	-0.024470223692946654	-0.025306355467159744	0.010575737449145233	0.046299143899172945	-0.00617994894907841	-0.01135843139919447	-0.006392147431475403	-0.01684472068265964	-0.0016719293448067647	0.04421916168318995	0.024350642349759262	0.10585925047790055	0.07096034046831498	-0.1185147173165094	-0.029961421309744548	0.04914507142289695	0.03590230506276089	-0.006008914745519987	-0.05299629294816519	0.05770533179170834	0.06596685618115855	0.01782879748098991	-0.035683262095643986	-0.04403480157134623	0.09583517540303631	-0.025690863267138698	0.008459262751180335	-0.014552307806224522	-0.01641094463821139	-0.01384943552302566	0.01848720594333846	0.0805303663239574	0.02372715467684085	-0.0384668584406224	0.006987079277828401	-0.0005817198664890059	-0.007465331992647719	-0.02452239532563227	-0.00025040063774643163	-0.015306786325024758	0.028705918673834357	0.02950290264275477	0.03315389824770165	-0.00946292243606587	-0.013312993925720735	-0.0004623304304066569	0.007244617029588246	-0.011393525534509848	0.001780234472270054	0.008634350467642514	-0.02037526835744304	-0.011181553365244847	0.0011087028570575578	-0.005738709944495581	0.018283003257530073	0.009815081580878265	0.010504558741545836	0.013501038597531774	0.0069686341893706785	-0.00578139318124961	0.013502248404084066	0.010715033216873374	-0.007663787297152854	0.0014157604373714052	-0.005505112479981752	-0.01056350902601279	-0.006029493856384762	-0.0	0.0	0.0	0.0
2019.3.14.cow.skin.rump.8	-0.12426608028148117	-0.24781004155999475	0.0067978735231165625	-0.03632915261022536	-0.035628359831315404	0.011431718455036429	-0.016776494375291384	0.060549049304822015	-0.04895684713360801	-0.09392894290428709	-0.03827252558684162	-0.03639838026548248	-0.006141190997226663	0.014218758086297046	-0.04747465985593999	-0.020795681618748042	-0.02389941648518211	-0.005710523966339005	-0.023853298812221486	-0.03712081971236954	-0.01960729287958981	-0.004152568012990848	-0.001627000167557527	-0.01838647850140771	-0.023330136269253888	-0.014686995630156857	0.041781268610586696	-0.014947426688787985	-0.012966551641387682	0.010683234165838853	-0.021680304407648586	0.003619524343539403	0.026094076247674795	-0.03488813703566449	0.04056610022775388	-0.00585987335675389	-0.04234878644348176	-0.015332113676616353	-0.05135471496620281	-0.015790793466444523	0.022301626299725038	-0.024939277575621872	-0.023256344960167274	0.0395862189309153	0.017384100291961666	0.011414886172269585	0.04008069713023493	0.0760360645639052	0.0535642536607966	0.04485357349126836	-0.06815068210921565	0.048425492991021335	0.013708923411181734	-0.00707377159935224	0.028828308889541954	-0.025565865441708708	0.06220031890478478	-0.002464236601249758	7.820014846319106e-05	-0.009767407352136796	0.0028476898295917955	0.002625143877754825	-0.053930193217972565	-0.013482396952214919	0.0046130021173275675	-0.007012988137275186	0.0035204711424906064	0.016312092035665172	0.003987359541096027	0.00790185105459246	-0.0070054147728942	-0.013106806708542435	0.0005707518190033938	0.007834874970450064	0.0010583459304934844	0.016277388636427793	-0.010388179288053908	0.0005761257211888013	-0.0014691539375755152	0.0018800950190870625	-0.0	0.0	0.0	0.0
2019.3.14.cow.skin.rump.8.rep	-0.13290199158810287	-0.26077020783102706	0.01069170798805037	-0.016911327696651785	-0.030340573642715148	0.009294428661858319	-0.01780695851974792	0.050389678063576165	-0.04604993842047385	-0.08397652382439054	-0.021645093280414775	-0.047088317760971284	-0.01323256114653591	-0.009909113804125748	-0.03480027535676555	-0.0032467107886031974	-0.016078639826345716	-0.022649150016968524	-0.020001255295604297	-0.022378276185448465	-0.026913699326014787	0.03910189762877083	-0.021511941763601498	-0.01964364922895905	-0.013697951173159808	-0.03546780126153025	-0.00034234940380372915	-0.005078104009007021	0.005755551639413665	0.023105130146836097	0.00051306379766766	0.016583919453701208	0.02737674309416527	0.04134574394022479	0.03496523034659324	0.006413507155549831	-0.028762007050458036	0.025333828402236275	-0.039429929300233715	0.0060905798572543565	-0.011068243317341235	-0.0042843280480211075	0.04271957252134369	0.014327242448803073	0.015322376668619074	-0.07667811419014214	0.033850573272118954	-0.03301250297048859	-0.011888754534169375	0.05302339901852239	-0.03955424239595708	-0.011211196143139554	0.03064921654820595	0.014944532220087457	-0.018699594962882284	-0.020840920371491146	-0.04990310625883196	0.029730131000195954	-0.028757714496585818	0.05572562766211112	-0.03945354149125689	-0.03340285088821082	-0.008956560911174536	0.008175151907510787	0.009511167241495491	0.017508966740503302	0.003895977473615039	0.0003547724769854059	-0.02259525766723376	-0.01980235975153684	0.004908618955892664	0.008668502940988376	-0.01897235812346929	-0.013079266515692368	-0.015242887378485658	-0.006601696607709495	0.011030865650432573	0.002205931969930831	0.008295465999656177	-0.0018757719228969325	-0.0	0.0	0.0	0.0
2019.3.14.cow.skin.rump.9	-0.159075558945911	-0.10880815485968694	0.0100989869661196	-0.0021986429734279457	-0.022718382420511826	-0.0469578870096238	0.026366941527179905	0.024478597399491982	-0.06030838300236982	-0.11362685297749417	-0.0048057974606861755	0.08666092316806982	-0.004990169623702301	0.08462014800573969	-0.0029475540652300915	-0.02738665598825379	-0.0077593116435715065	0.03587057243513504	-0.04207648095227028	0.0430990785651069	0.03482814529373854	0.014131610922834745	-0.001915094355568615	-0.08613469256919862	0.028235893757396255	0.032676217912575	-0.004493886352282365	-0.033361252240356215	0.02016827396206976	0.007313074033514155	-0.05487905430157685	0.031055416976997027	0.04438156400275217	-0.05951327596291902	-0.020223584769126644	0.005168943607057245	-0.06763188734149171	-0.03498387607016263	0.055706752133977785	-0.03434362266330426	0.029117066488500768	0.023098035404134912	0.008616420858380814	0.015964304037667763	0.0018551857654113646	-0.0036358549947568433	-0.03388467982287887	-0.04668302180039257	0.08335094483072002	-0.023830495632711193	0.02913011108515293	0.005601412877934932	0.033694107529067444	-0.025854442798142797	-0.00043794707226497433	0.025934297043629942	0.006044576426391109	0.04163731103239424	-0.006243199208038513	0.012674343785043491	-0.032825426550040546	0.005886845634480718	0.027194991464142802	0.028052175446308128	-0.004629346587738389	-0.011553439505469753	0.02677324498006353	0.013923551625449077	-0.010462896853342278	0.02393136757853257	0.01547939687755104	-0.0007477546734392417	0.003262189277266063	-0.00044704899129360083	-0.0016421814381890948	-0.0034111551729544796	-0.006568792212222853	-0.0016387254312351476	-0.003587888709836682	-0.002445388420618971	-0.0	0.0	0.0	0.0
2019.3.14.cow.udder.1	-0.135211964904894	-0.24937627353548045	0.02626172758525905	0.04352776790047722	-0.02545942998123456	-0.010667810924182147	-0.02308049113399298	-0.028175284833512844	0.06993266659364587	0.13938368868259818	0.04517161095846209	0.03187819969264536	-0.007802126515549153	-0.034366630795171146	0.03662995993994362	-0.002339904581628222	0.018838388963635135	0.023744694118598596	-0.032379332222157636	0.013785983686374322	0.009968603218252768	0.05337602546135798	-0.029794136089282313	-0.03353604297758498	0.02051891880559047	-0.013806499263700282	-0.020952651078195512	-0.021666134657615244	-0.006887592148137393	0.03874378131054066	-0.024840762286240367	0.05012032905562824	-0.07428437346435626	-0.024336573480378335	-0.015287543303926083	-0.003065151869545126	0.03891969808981679	-0.005618316059414001	-0.020241407088068174	-0.03671672175060785	0.048900617682074786	0.02843201647967576	0.03245825334340319	0.02682839874741069	0.01779398152679765	-0.008532853335702185	-0.019905742110513287	0.018733914504805795	-0.0495433790915871	-0.041091732808386364	0.0100580387006096	0.02407340026113492	0.015028855714164657	0.037359504450893255	0.017314690090852475	-0.01760246113736974	0.046075098348955616	-0.0023564937296232983	-0.04682309403255388	-0.023250878235425584	-0.052203216426833225	0.010899896322625665	0.006079185267212847	0.03749389873278547	0.022218259665342494	-0.002969015303556453	-0.02651577648885045	0.019534860701142735	0.002934283460301089	-0.013282031100370607	-0.014942943082488537	-0.0027380602566999786	-0.018411267092790687	0.006848638078378964	0.0040269416217795515	-0.003437509223619962	0.009112184557111214	-0.008723347985561257	0.0012752345813589775	0.005517626491064034	-0.0	0.0	0.0	0.0
2019.3.14.cow.udder.10	-0.11580960871101775	-0.22473769669668828	0.0074165995070887974	-0.003079466981239889	-0.06607226948168929	-0.058460074325237935	-0.016843418007164396	-0.002676358904335179	0.062007902171597115	0.10929366606147828	0.0266891087628681	0.07041084811545645	0.009801394543572583	-0.021587260698914822	0.025783623388278196	-0.009373420566581598	-0.07861053298819054	0.11040813098284714	-0.03533335121563274	0.07505923648900115	0.039083222837119264	0.0160616989760505	0.04182843240607706	0.05725250834371168	-0.014863650807656002	-0.01442844259567761	0.049624342179869094	0.017804293583882785	-0.01787300015627831	0.054017683128472264	0.040837160988322775	-0.08012221005909709	-0.0038507251351257983	-0.011162147485256629	-0.017906194191505728	-0.07038650283086316	-0.04107815481674264	0.00501404612733028	-0.03483987868602753	-0.025683422017190684	0.07581822926733582	0.05355370696164161	-0.01607984788681977	-0.07320875043904519	-0.01775082497995407	0.04003017187023602	-0.02415411874239787	-0.005988405029060622	-0.016495440115553216	-0.011271924166684454	-0.018906728354048098	0.002899568371477418	0.03075308043977115	-0.0272404245808296	0.041300262667663346	-0.014894388662630468	-0.028166035653826832	0.01812621001770447	0.030418390661681165	0.01594629961945729	-0.00714882608042174	-0.015445679871209147	-0.007688897883077714	-0.022962749549796643	0.0057618352295791654	0.00020992325103512624	-0.014562490108658274	-0.017391548649312707	-0.03319143204568982	-0.00637004802222821	0.0034997165416857227	-0.008288236519266216	0.005103775716905784	0.003409666943084961	-0.005735655792523356	0.005582871289959699	-0.002203455433520509	-0.0021908725789014554	0.00046279283899475394	0.0004652716529618801	-0.0	0.0	0.0	0.0
2019.3.14.cow.udder.12	-0.11353512400939787	-0.27648860961916	0.01760302861728354	0.048749856221457305	-0.01695577247113145	0.012592636020184176	-0.030633589917421343	-0.03357038231994684	0.07142687184746864	0.15225068344983667	0.04801227050206377	0.00010266198783737761	0.00146396601173846	-0.028713233605375345	0.019938941225549033	0.02902498678123401	0.042272821478337885	-0.04292546417104478	-0.006837097965677256	-0.00711935192542205	-0.018374575524538278	0.02761971153252554	-0.004211632088186895	-0.05621375827898049	0.017666884508268612	0.002304351490532056	-0.02863691499748243	-0.023582555412016988	0.014194517468211362	-0.026638866129058275	0.01155372901825713	0.017440023493415252	-0.0272026505801929	0.03768405080818159	0.041697772974276445	0.0360300711135994	0.032886196008033386	0.009454342334164279	-0.006619702160109839	-0.05283221319858473	0.011671042666039988	0.04706482333307193	-0.06545630725612246	-0.04083925961774429	0.07318599632044977	0.027843679856104385	0.008925887564979149	-0.023301734358827937	-0.00019138080739195681	0.02284851511301903	0.026374491803556846	0.004716109284856077	0.058178903472729526	-0.023331759814333046	-0.06026165835971273	-0.03681072483578589	-0.0023407973242850393	0.020445565995516623	-0.015049614186266047	0.01769865921029146	0.05366062163717564	-0.00998474043258277	-0.01275600818156922	0.011597025452712075	0.011755418632110328	0.008574214947522326	0.02006724422290036	-0.000700755483311501	0.024812352607033173	0.011753284889011803	-0.0012753333881385257	-0.013356801445992729	0.008516462421410805	-0.004478741869296489	0.002386540276565133	0.004984479762226349	-0.005915074331042254	-0.002498483557113212	-0.0034508380518241447	0.0007685925989700188	-0.0	0.0	0.0	0.0
2019.3.14.cow.udder.13	-0.15273276536858588	-0.22286555721580098	0.021665896692722578	0.03873243710713816	-0.013215294554071708	1.9939286461856172e-05	-0.015562288159294323	-0.014126671688233916	0.03798099451551623	0.07565856812460464	0.030072489827281716	0.013502531005311185	-0.040740764659702736	-0.014777784397146738	0.039920929234288506	-0.01560615893076125	0.06870251956661934	-0.03024193292604318	0.011411359409268015	-0.0027104260225590216	0.02993742876665237	-0.043207358071105414	-0.00729500356086085	-0.0033829673509399786	0.016117586670796373	-0.017656387186255826	0.038561662879822364	0.05302799808011413	0.027439048409908545	-0.020744741627843403	0.018328815164512062	-0.0027882622335541176	0.03450790581159147	0.038126164051242355	-0.045927178037231405	0.006653806720239994	0.012653326958979604	0.020441476310123257	0.054222456051327764	0.08113786848109616	0.02836677132467998	-0.011425494785483744	-0.05756854656157348	0.03353021542752292	-0.012039684204266793	0.03511282239049973	0.018600672825647105	-0.01722299021502844	0.03254125226633281	-0.047439564331508775	-0.042947605191615466	-0.09411427099471843	0.02973987197779307	0.00787050384550194	0.0016964535956219356	0.0015098706958477416	0.012923137279234853	-0.034500858084118576	0.003694863056855177	0.025132476973481328	-0.025775023675127202	-0.000947693324094031	-0.021611994546570434	0.021364536038684278	0.004832894789732453	-0.007373803936174923	0.009176631936569727	0.009354779160611127	0.007340865468176316	-0.009048377066540004	-0.0004620941074026168	0.007850070584876129	0.004491540252459516	0.0016372882877004607	-0.0059979725434294055	0.01730298011778	-0.00011750029077002432	0.003140187113920788	0.01227526764888572	0.008424008577207709	-0.0	0.0	0.0	0.0
2019.3.14.cow.udder.14	-0.07380281292122384	-0.2516595551166484	-0.010621682069031404	0.06589742278786416	0.002255732831849375	0.024730272314514128	-0.006961493547909332	-0.0483237851897376	0.0306186218649583	0.04408010561690441	0.06001971536509678	0.12333144391643132	-0.07885682698309673	0.1357122724610102	0.08224268683820554	-0.010690490530413557	0.07152654334004341	-0.031187148765861535	0.0659220892857012	-0.04224819910631195	0.021761721544593195	-0.06056309173762528	0.018600410441853982	0.020929440448753858	-0.025926979728245238	-0.028169043212962708	0.03826169436738028	0.04025993693126331	0.06401070663723454	-0.12394238509832373	-0.047394173090011205	-0.07634681945338416	0.021552786299852873	-0.02307037567787468	-0.06614924401850843	-0.049291242618598824	0.031233162427427054	0.042842905890093666	-0.006725232195799986	0.014190247492677919	-0.01109041667974815	0.0072769108243011275	-0.0003175856325475307	0.01610622407845668	-0.03963828135263162	-0.022150435938315092	-0.016059139406995486	0.027041856423569894	-0.03456792310414525	0.0323577015563089	0.019951292627558397	0.055490700837866454	0.017508816447234524	0.028767978566211903	-0.023607434152238153	0.006187919741135119	0.03401648582232741	0.03962701865790726	0.008002805380382134	0.027638318063404964	-0.0013964680978975194	-0.011805140941686589	-0.0014689875175714169	-0.015148119868587618	-0.0052253507808750245	-0.0039435375655650865	0.009774066470971439	0.000728370696421015	0.0018235552805101953	0.0032648871278939335	0.006575100667712421	0.010639932205737748	-0.00012730471195849253	-0.0019511462664188598	0.006718592413790553	-0.00721080169058115	0.0035898352013916343	-0.004917415549260099	0.0017500928181225976	-0.0007013386118959779	-0.0	0.0	0.0	0.0
2019.3.14.cow.udder.15	-0.14135132026611583	-0.2027463836289542	0.021541568613142593	0.030960835459762488	-0.01845942906127389	-0.012299066254833207	-0.02814345764431591	0.004468135530605293	0.027795265393790316	0.028674320003862552	0.022453849279719964	0.10167455925134496	-0.06567931459103377	0.021982720745103213	-0.013583831340681102	-0.046840417627060586	0.04275919855125388	0.0078009370308422515	0.08155851664443327	0.010834687114496588	0.06607439598358224	-0.11180577697171568	0.05034051175291595	0.07729840250411947	-0.04108254637095716	-0.03025957846528538	0.00831002564097371	0.0429364436000728	0.007916407282450248	-0.005819347283837142	-0.03858979564023156	0.04134760946597575	-0.04673641398426309	0.04850418537675725	0.03554435036432807	0.012221345124952012	0.0219095927301107	-0.016833368823203475	0.013068677286630418	-0.02940186380063744	-0.09339849519930692	0.0004065012237619244	0.03384218834287169	0.03718810716693092	0.002777293614655276	0.014080530034507136	0.024128732622464146	-0.08061749986172224	0.0019344805927848426	-0.0043624758093218025	-0.03877207219207064	0.004725110034868107	0.03083613123814329	-0.04256032079506712	0.012445177913870573	-0.014101479730735287	-0.015005030765619676	0.004564790086223346	-0.01548089177886198	-0.0448038777068036	-0.006249904078100627	0.007398112006621564	-0.0030652105979749873	-0.013817465450899754	-0.009116757030147117	-0.004527971660904446	-0.018647137706423428	0.002291992084493431	-0.013784685302646921	-0.0032964022881223826	0.0026562871636416022	-0.0050045607047736005	-0.0030108254000052446	0.019882840042409054	-0.004216595144587551	0.0013699459841363221	-0.009487857695800912	-0.0041189786129765	-0.012664635822829682	-0.0016847473071029406	-0.0	0.0	0.0	0.0
2019.3.14.cow.udder.19	-0.16283564071703566	-0.1769591924167222	0.041172432449982116	0.03449292453752881	-0.026967978546233392	-0.05006956111385442	0.0013656759170526276	0.015787183655978337	-0.009365010848241736	-0.023901317316719566	-0.005543816708045153	0.028855839110894742	0.11831588996312184	0.04338492213131584	0.14944211259392698	0.01824334459212761	-0.08641882552086441	0.09960420524330077	-0.0211006055628747	0.014909292455099424	0.03755049873369341	0.001515379349102953	-0.0498474913141814	-0.019097547249187635	-0.021470514492123123	0.017730549487149368	-0.011467439385603838	0.06274813338857754	-0.01391132954765592	0.01881651388028498	0.006553551933835872	0.01910513634840435	-0.0032836980481444024	0.004530855640029121	-0.029595036900335117	0.02006748298108829	0.02890654984960714	-0.00982177815504264	0.0024844128419947097	-0.018353220070493545	-0.030649833141195272	0.0005347639658241773	-0.013100390515908868	0.026823718697600096	0.010111321716047486	-0.009265671235641149	-0.015821647227623394	0.0009720851668335075	-0.00806251872663522	0.0011042590596061085	0.005006457019699745	-0.000766080520642113	0.006170719481402146	-0.01235959762765557	0.019463775148262044	-0.007004267406826173	-0.018999098193566395	-0.026017203389230085	0.027746396492428282	-0.002839144751066341	0.001056576003528141	-0.007308509924496074	-0.013988599031322749	-0.04427723238209866	-0.004676421566645242	0.014486717749264839	0.017170764961908534	0.0384905784295318	0.018022496006704258	0.035812324457370176	-0.01819487542208793	0.001964056533563038	-0.020408996268016885	-0.015701179784994912	-0.009362620170239902	-0.02584654980533305	0.013860041410662018	0.018234037074523726	-0.002703898046668449	0.009124037948304376	-0.0	0.0	0.0	0.0
2019.3.14.cow.udder.20	-0.131346580517845	-0.21363948303645178	0.03560142844420649	0.04380095095194756	-0.036551434303997495	-0.06216445534644945	-0.00474983570665596	0.0178145116310562	-0.006989291865666352	0.0008063991527028363	-0.007139988367147191	0.001638287728227685	0.14403399563281957	0.0648732097777915	0.08840319779371514	0.029075198336684056	-0.10344743465874506	0.0928874737900624	-0.034906760241908696	0.022629892336494237	0.02507850977568069	0.01255607829736122	-0.0721033544119609	-0.051508970826018796	-0.03321470274173398	0.047235673483463345	-0.021698136697661918	0.09972663779447817	-0.05475812873928641	0.027166412574995184	-0.02128775976282648	0.04863210399379657	0.02321522092071929	0.002046560976277532	-0.042884843019740784	0.02146890412905519	0.006410929674136862	0.03125228939036463	0.01204853150436524	-0.010368014522936602	-0.05211454795546714	-0.012646309252090619	-0.039319373687268434	-0.010623020974954205	0.010865475201621367	-0.0323398042772519	0.002803643980218095	0.0001515043646608211	0.030188243756533794	0.025797096683248325	0.004823271702466074	-0.0007031867357066039	0.01807975560742958	0.04914906711974406	0.014159060841133667	-0.0030679877085252813	0.015233243293077979	-0.011194203874686559	-0.013952240122617974	-0.010741433067836181	0.023731641370609395	-0.006796725108373903	0.020899294804308445	-0.0052452155098334265	-0.0019873957895819405	-0.0028403644018725805	-0.02562271510362089	-0.03084943072545228	-0.0017187475600993908	-0.024649731925907147	0.014145569720145872	0.018406125417550503	0.01870402826704253	0.010427494616316587	0.015205635498734441	0.012410977106423799	-0.0045133581191886775	-0.01494394903997239	0.005169660350514827	-0.004923491029176705	-0.0	0.0	0.0	0.0
2019.3.14.cow.udder.4	-0.13568867779544783	-0.25634971414780566	0.022136367681361756	0.020043051008923653	-0.01741196397246968	-0.00014150980968289964	-0.025798657911361246	-0.0046686791937136695	0.023236695928959526	0.06252924683311474	0.02886772726616131	0.010392611614308758	-0.00043244763479245317	0.01299812127729648	0.037293201015416284	-0.016198391320451304	-0.022246409077553497	0.039216401536380854	-0.04099654544542472	-0.015716097301039643	0.023566659332805922	-0.020494295008471188	-0.022995351685354354	-0.047338240908901826	0.024437097662910107	-0.013621456786766734	0.02125415829490954	0.05373714848760188	-0.019453101604932535	5.042455960369121e-05	-0.06050831589624039	0.05198444115063458	0.01044520628462147	0.024904245146514733	0.0003555297146658802	-0.04084399470988978	0.007749673800121713	0.002799175804545051	0.007006788164944337	0.031917024746141845	-0.0003038951715240768	-0.018268650982749112	0.04077850980188807	-0.040549005217487236	0.02245500371829316	0.0602969036328248	-0.01261555392393137	0.008606358621986141	-0.028064864389506235	0.09492226983222542	0.017037489043112405	0.0034543819755609895	-0.06900558490663512	-0.04469913951046373	-0.0017179824942816942	0.05897963314591572	-0.019126541858070896	0.0007874902086441657	-0.0046543824018970125	-0.004865962359890721	-0.024038956585840026	0.0159141151224758	-0.023865508355880506	0.0435321892841844	-0.01143013636021273	-0.004544432030759036	0.01220545862171499	-0.01256862813667692	0.0033723167709581578	-0.005668887003110178	-0.01112442898494004	0.0008164271819590594	-0.0011863403585279503	-0.007517056753955356	0.0017539562091328507	0.01197435119513803	-0.00474996524596111	0.00504134876493885	-0.0040105310804572575	0.003036679499212937	-0.0	0.0	0.0	0.0
2019.3.14.cow.udder.5	0.0028241272728349322	-0.34893467772117187	-0.011609154688590058	0.06077792401145375	-0.020369787442778713	0.02073876471171755	-0.05226290941466296	-0.040352394944541126	0.12334742703344762	0.23017087456704685	0.05369098650175496	-0.013930208621967751	0.03066783701763548	0.015050849915808798	0.028147286321399324	0.04998403368777666	0.031476084912211655	-0.06279129748029907	-0.04840055916011901	-0.05025706708464708	-0.07434952156715573	0.06424692524724339	-0.034828746115747024	0.018344589486138093	0.0197004510225574	-0.03129412895722828	0.032099252280218926	-0.0736957485600688	-0.012048038792895054	-0.041334221929687	-0.0383744811568002	0.00403277914668985	-0.04866710556476502	0.042620249298558094	0.024272209381590536	-0.01762595353428132	-0.08558083141232986	-0.1193658924013732	-0.01847391933844951	-0.019577811198866334	-0.04229524501911806	-0.03772408042315104	-0.05857405328948896	0.00608153463634021	-0.043999904674578094	-0.03056517803661776	-0.018214363920358294	-0.030893172125103226	0.01841074119656445	0.014917479750905242	0.007620534417213105	-0.01067351941161159	-0.047487841556899196	0.012765576784667318	0.030246715153606326	-0.0038391263301234602	0.0010753292578921832	-0.00994869189575953	0.017985768572190756	0.0069020823701881305	-0.002531368861329626	-0.0052338096625901475	0.016535813285438038	-0.011033642026965246	-0.012048497913245857	-0.0028387893109054698	0.005606982709000226	0.0038195314478280873	-0.0031203026441573973	-0.0022649525180794138	0.004118744598184717	-0.0001618186495478158	0.003332546932050468	-0.00019479981871209652	0.0004146340374110008	-0.0020273676514052067	0.001982283502194863	-0.0009542708141144675	0.005033415219995809	0.0005908332917855229	-0.0	0.0	0.0	0.0
2019.3.14.cow.udder.9	-0.10319537567769983	-0.15212418388637952	-0.020325411032522455	-0.0560098884995002	-0.0859044890192523	-0.07761496423252373	0.014449072878194347	-0.006669693744358735	-0.0019241545156250823	0.0053499482390045525	0.02502903604100679	0.06379820682862804	-0.010193327198487959	0.05792471193092783	0.09630934444821927	-0.017334881883842572	-0.055941429132860473	0.04565259645569951	-0.009782822242150766	0.11279201811461868	0.10700602685471296	-0.13817471852748714	0.034725680708009764	-0.05673333452637131	0.024327765534839337	0.02693098192891405	0.0629832171861424	-0.14998277150712844	0.023123101851371012	-0.014148129883453625	0.14129356280727998	0.0011219525592016941	0.04212985670986538	-0.010687832901102597	0.03682722083477242	0.058872842829777956	-0.012394896995284796	0.0045382320093949454	-0.027808953583314366	0.023821726531297868	-0.05176075022263531	-0.062110169997430804	0.0039014533653388317	-0.040019385079366296	-0.007574743163360996	-0.008072970685084686	-0.004798129607527518	0.0057112016518312434	-0.024578373652333525	-0.0015928052393109425	-0.003631044139556746	-0.002532902935681801	-0.01990600087116194	0.002341515058879484	-0.005687823279556387	-0.010468738033091602	0.018264838201428192	-0.00021251218606510098	-0.016760453138822153	0.004170933506010363	-0.005207742911841576	0.006364697073160671	0.0074880059120423234	0.011687062707071224	0.008904479061929003	0.0022663034958961235	-0.0027902532472992	-0.007073846682519776	0.009735497678339545	0.0011135721544232766	0.002651445303038726	-0.011977270814751176	-0.0019076796348442573	-0.000647443998901845	0.0026925007503258037	-0.0008433243954882378	0.0034155334315291433	-0.000760165652129667	0.0030892045327155352	0.00030445766272938	-0.0	0.0	0.0	0.0
PC1.3	0.4067787904937333	0.1139662816062933	-0.41037056925049215	0.49212305465064415	-0.25338477277692223	0.0200885747241639	0.058445422036263406	0.09728772204834912	-0.05955517485419573	-0.00389730136139927	-0.015400388595996453	-0.053550806505559274	0.020259900077080385	-0.0803364947697568	0.008402899114870065	-0.013166103719310351	0.018718049693746745	0.016680218475252678	0.0036580164398120297	0.00975559783341186	0.010453173129397164	-0.021186470442590116	0.000986021389267014	-0.0022993461220690388	0.0068589836660522974	0.0004474402852220518	0.007845409855203609	-0.005210057764274497	0.0035466446022073676	-0.0015521789497719336	-0.007318564461939221	-0.002769705074498082	-0.00044073920075329045	-0.0016916014757047749	0.001484971570436199	-0.009419035879142114	-0.000922601267751224	-0.0006335396834203421	8.173512355144525e-05	0.0013176262278685434	-0.004715638233208151	0.004662476272754947	0.0036985054480063095	-0.0004794319897382101	-0.0005925698868421183	-0.004676566719633954	-0.005122486706520517	-0.00022874350538778523	0.0018177437228059051	0.0016073121147997583	0.0003303848421231437	0.007535401774385172	0.0006032203215008555	-0.0009849045524155582	0.001322682378394481	0.0012734457705894985	0.0010690235710425495	0.0014964329290071388	-0.00020078938499412595	-0.0052614218443466365	0.002048608128960667	-0.0008853488796547038	0.0002559663427154917	0.0016476657626193787	0.004817129207377265	-2.524840283154242e-05	-0.0016675410380205071	-0.0031086248788580236	0.004342625183966482	-0.00567322296362332	0.0018205239315819224	0.003306373786950241	0.006921257265396791	-0.00510429563996123	0.003520671960709256	0.006661816726707505	0.005145820305984928	-0.0016031155951451664	0.008060357888313935	-0.004114480792232525	-0.0	0.0	0.0	0.0
PC1.4	0.40607054310832313	0.11380121389073353	-0.40975163830130074	0.49087850467708205	-0.2501719568507169	0.02185627830316932	0.06111275810704571	0.09481661648612665	-0.0604894329944668	-0.004137666845052048	-0.011863381960275131	-0.05435091838873939	0.020721840943703353	-0.08273842632226862	0.011748451072672045	-0.009317783466193908	0.018063877431919402	0.01970208973616985	0.0037582601053056486	0.007666706852588919	0.005444260104713968	-0.016700860392051695	0.0014924597196434655	-0.0018999371319096416	-0.002106314781992595	0.00043851741173658545	0.0019000006006010836	-0.003712220493426162	0.0038402087017263033	-0.004587638385186654	-0.0004959360395004207	0.0038916134080443257	0.0020675275106334795	4.9202663696777e-05	0.0008176273630422139	-0.0025133422819856636	-0.0027645581724202637	-0.0012756530876477732	0.006464138545624663	0.006940587924588601	0.001287736575989743	0.002148657339971045	-0.0003758247956427203	0.0018421753861210196	-0.001774692463058973	0.005713432579671989	0.004375103175174773	0.002248808000881352	-0.0012125173980758594	5.3809473106899034e-05	0.0007110136568625069	0.0003657947348514556	0.0036058824164721627	0.0015885426031775173	-0.003273237879324671	0.0022592430644657485	-0.00039684574492234804	0.0026205957459439154	0.0023583029788423098	0.004840756712600512	-0.002125906384577048	0.0013619950698092454	0.001601062073960695	-0.0017418582698706037	-0.0022973962774848677	5.358907866376957e-05	0.002895519489394107	0.0034700529647428645	-0.005346933638346694	0.006657242713603674	-0.0021234992820118527	-0.004251341267674369	-0.0078951976400709	0.005175238966131181	-0.00337092528202251	-0.007240869494457175	-0.005394488702059805	0.0013045681700398202	-0.008248027221086295	0.003739394059339548	-0.0	0.0	0.0	0.0

Biplot	0	0

Site constraints	0	0
