Eigvals	84
4.364321860659759	2.507042467540788	1.0449093844789372	0.8757558838230471	0.7042117636196144	0.6865527975247698	0.5831357021906158	0.5310196188669096	0.5103133197712441	0.49655461167867737	0.45622664121982026	0.43121079971196813	0.41290588513123255	0.40899548748322395	0.4007497217546257	0.3832017358125971	0.37244989953477114	0.3563579237872873	0.3476071930687699	0.3363929933964696	0.32830413866812913	0.315385249849394	0.3065298815734003	0.3017205437739629	0.2990239950503792	0.29270481621377	0.2896988763376345	0.2833528202836342	0.28307660999379375	0.2734896447573856	0.2706681343944632	0.2649131667136925	0.25882000907344316	0.25728671242597617	0.253959640801373	0.2493639796221642	0.24713938286976797	0.24067357321015131	0.2373079025412378	0.23335689371626336	0.22719179329135614	0.22581457072793978	0.21974813706653878	0.21360985560239873	0.20889804055922553	0.20484972400601942	0.2035854778158123	0.19821843821530263	0.19576208618118182	0.19471563104867184	0.18816965288154164	0.18418912959306982	0.18213107735578513	0.17999474593542247	0.17538967749028436	0.1670518254960761	0.16584432996694137	0.16359819084807084	0.15951176022352384	0.15652511330525148	0.15610862535187103	0.15068446198621585	0.14293747570635093	0.14239298973621045	0.1400656670689661	0.13880956963877047	0.13406301225522108	0.13227719581182426	0.12280878599186397	0.12113928562637599	0.10277453013164824	0.10055357734164437	0.09662325872331924	0.09375910212013851	0.08779445061702724	0.08673520199583307	0.08490128497921498	0.0839711049998866	0.08130778358827244	0.07340269268183638	0.06979612971762379	0.057697497013983655	0.050077907328641716	0.0

Proportion explained	84
0.1560794984349286	0.08965835778887286	0.037368676703135775	0.03131930766395758	0.025184443853348216	0.02455291330657363	0.020854449058358933	0.018990642399441402	0.0182501313004716	0.01775808412183483	0.016315851032003663	0.015421219490121235	0.014766588145808897	0.014626742157573272	0.014331852133367545	0.0137042905254432	0.01331977690177479	0.012744286004521254	0.012431337119198013	0.012030288178243604	0.01174100969942822	0.011278996641834899	0.010962305645363631	0.01079031121976761	0.010693875625482942	0.010467885358305562	0.010360385131885082	0.010133433665524032	0.010123555667320127	0.00978070086114745	0.009679796313697938	0.009473983704591212	0.009256076543126428	0.009201241867928475	0.009082257135132749	0.00891790434110684	0.00883834697654494	0.008607112809847592	0.008486747674856892	0.008345449325330314	0.008124969302810843	0.008075716242703403	0.007858764800213526	0.007639243893469365	0.007470737135229163	0.007325958808308354	0.007280746077083264	0.007088806784869533	0.0070009612487918526	0.006963537292119665	0.006729436091128676	0.006587082227639947	0.006513480928009924	0.006437080161240955	0.006272390938923374	0.0059742076704043185	0.005931024490389892	0.0058506967147855075	0.005704555329564205	0.005597745069485059	0.005582850377264081	0.0053888681906678355	0.005111815816542339	0.005092343582404334	0.005009112472005701	0.0049641911616281256	0.004794441926954355	0.004730576487217955	0.00439196153102122	0.004332255856691577	0.003675484445688472	0.0035960573986972455	0.00345549898476191	0.003353069296866261	0.0031397578490245073	0.0031018763639296195	0.0030362907226172344	0.0030030250677771397	0.0029077777685706367	0.002625071161874004	0.002496091092002806	0.0020634125260257513	0.0017909161853941868	0.0

Species	0	0

Site	84	84
2019.3.14.cow.fecal.1	-0.054249594635393965	0.020228740097158956	0.016247157880116755	-0.10529471448117543	-0.0001574191710844429	0.06650327014985602	0.08765660473800843	-0.017456867677048002	0.11495516720585038	0.21809362285776226	-0.05008207768936488	-0.014346621578944061	0.13796480243155684	0.10274898091762427	-0.0015011018204130731	0.1326015036499958	-0.16098745621071958	-0.11352564161688075	-0.016493889471235583	-0.10739606573372829	-0.02245321079975826	0.0836270207277794	0.17157739675004988	0.014276083127814526	0.08278900993940616	-0.08279077587719914	-0.048772229855687785	-0.050131671839643635	-0.07985809509647436	-0.021132680153370043	-0.024035013220500535	-0.019782751104375388	0.015938491567051512	0.006022245979293222	0.13476312457246828	0.004045310954076093	0.0046950220511790455	-0.052713084050825414	0.0006505895113776181	0.060975715311465284	-0.040756494783351485	0.033464216369676225	-0.04150892707432062	-0.016917960706456268	0.04424220850424696	0.02277923881654727	-0.007685269201281795	-0.01748947570382666	0.13085194007453266	0.018032004125402862	0.040862328103961156	0.0852024926425314	0.012993262472128942	-0.049330804018899596	-0.07487108014780888	-0.007902371702280165	0.03417147457705607	-0.03650696378068909	0.004971726081956707	-0.04117820680151451	-0.0178667635514252	-0.00457163085771322	-0.00861595478480418	0.004417213101834604	-0.01164434382291031	-0.006863071275296931	-0.0022822352543939244	0.0029245467529445614	-0.0036171313136832894	0.013908415093100215	-0.002437024977117539	0.005257058155799639	0.0010919433961208945	-0.0008040727837165513	-0.0021525637269518985	-0.00040153699257550597	0.003859599060607318	-0.003959428634386028	0.01312754331193089	0.007952213685104407	-0.002164515610270234	-0.0020032609113615363	-0.005380630716412501	0.0
2019.3.14.cow.fecal.10	-0.18901500859532802	0.1309218439183965	-0.008525125331054035	-0.0009630328541117698	-0.045458929112196345	0.005889639246204707	-0.010140525036672622	-0.0014259474513053593	0.018353835746474374	0.08768929327721407	-0.10980045158254198	-0.07938263544268809	0.015211337069685039	0.012990053594540698	0.07680883924965194	0.015835000260907044	0.06636443937903375	0.09565540955423445	-0.18599409815687445	-0.024054925331253394	-0.0012749138019561076	0.053152387958479236	-0.013579225069032107	-0.051576716160945835	-0.023911837262794777	-0.05012370744819435	0.06767538424266258	0.0716779653759999	0.0394669263141867	-0.10471054809892326	-0.033113617656489736	0.0642557301800623	-0.09438817545100094	-0.049994736559718485	0.014817506540696915	-0.043399528368937214	0.09922245427440872	0.06805140485744543	-0.05876174166139921	-0.0339488711885675	0.058419235087349274	0.10067944344815738	-0.03585430415309112	-0.004769386576361177	0.00566550721418616	-0.11694311428109493	0.019826638320946412	-0.10454384096484033	0.03849718451469743	0.057391987519719884	-0.009699383537505492	-0.016227783908072214	-0.10431291029589128	0.060285332812726064	-0.03694479290712542	0.03682341610350511	-0.002641413013728514	0.06945572058658026	-0.005077454739614176	0.06855947315525109	-0.07245255347501697	-0.009376288890523152	0.0534481750714506	0.05165179959303589	-0.00225321728844452	-0.04481962371755888	-0.0013412727342444655	-0.05132759174789797	0.014850606153422824	0.002596342779633022	0.01070854468216436	0.002356197152063761	-0.021159678141587538	0.002393999072033775	-0.01705568157362785	-0.009618836857667802	0.013389610006675507	0.007923933852617911	0.014490825378636203	0.0030204438655238846	-0.004916660145113732	0.008273434457467619	-0.0005359036534927994	0.0
2019.3.14.cow.fecal.11	-0.21579882434510161	0.15164578143836804	0.015811002043201048	-0.001639234914704603	0.019137806747654973	0.0030669532238295017	0.00982763549432004	-0.018156381770741938	0.017603717313792726	-0.03395489230471054	-0.0746965851181166	-0.06650628075805236	0.0021179590375792015	0.0216486164351288	-0.03001556949717101	-0.03644215117341061	-0.036042701211006264	-0.023509282502378617	0.05829473693197307	-0.026170526810124235	-0.033589338389519836	0.00868451977462051	-0.025924211152358018	-0.04876683469544603	0.04790634768507175	-0.06253398251102878	-0.03372970363332594	-0.028330597490490998	-0.005325921230794725	0.031581899884211465	0.07314309038342337	-0.04972113996513586	-0.045192309001574706	0.021782980456203915	-0.011732680772664834	0.04844332650547459	-0.029395405475707563	-0.03751002013356864	0.1174642542485114	0.03436467193779456	0.14204668315556487	-0.10447667645268363	0.0922990492205882	0.06813916488650867	0.08544208786718564	-0.06396554602280012	0.028991051087127073	-0.10030758834648118	-0.01393248451284708	-0.012159274957590765	0.19187064904082973	-0.022400878942250912	-0.05928276491594998	0.0014568830363145178	0.1010491636366404	0.05797495133070293	0.012585323996477838	-0.041558520309890566	0.01261260104271366	0.06009632581990031	0.026561517534364195	0.03483083507808353	0.04720524093953334	0.022008879988697664	-0.033085374170760795	0.05220863921630384	0.022069377636206124	0.01643643128410869	-0.0282429426759718	0.02584546275373344	0.002956292536008864	0.029867696923734376	-0.010005266190651254	0.004206306613473552	-0.0035197528961437895	-0.006731297232320347	0.0072410633826822555	-0.03533032279072841	0.012501129967828551	-0.0009417033020427312	-0.0005969472015241641	0.016758880655508145	-0.0037661749131387106	0.0
2019.3.14.cow.fecal.12	-0.2066707573944286	0.1384141432313291	0.030433990271991455	-0.03610082598734372	-0.010980974841166452	0.036454070790800916	0.04063014956281339	0.016107388079174736	-0.0006668294371194634	0.14806469130057884	0.05004244137053237	-0.03367122490252245	-0.03415761043272144	-0.0185535243139955	-0.05845097543556951	-0.025208552324802264	-0.05519535155162196	-0.06787441969905285	-0.031975617670416984	-0.022282920715402114	-0.03425191081245748	-0.06321723411473161	0.029358926411790782	-0.03853682644403756	0.04988629912580179	-0.02245079838220905	-0.030251633911023118	0.06998754971748894	-0.10434402962296414	-0.006608700455381191	0.06415280731197352	-0.0373035477619436	0.012677639197941121	0.00774062247557242	-0.06228731585537234	-0.07191841313925021	-0.025044640496642824	0.0792096404305101	-0.04818837791047394	0.07899978935027846	0.05303886307675534	-0.035865713434619945	0.004079619809693786	0.07206555903934761	-0.06942372584551758	-0.027024797719307568	-0.00128027592405205	0.05130854068315224	-0.069956839064942	0.027928946967673576	0.019701012308505246	-0.029160211523238333	0.09068102851183864	0.039397876461346314	-0.008380712330320445	0.13249473193889938	-0.043123604017601014	-0.00028887117122164597	-0.04246790490809294	0.009403712179437421	0.04986331310116597	-0.131870443291264	0.022959724463033716	-0.010091320579307594	0.05948779103521154	-0.10321834215364671	-0.01335684389528494	0.02633201430458516	0.08460918799670146	-0.005634678953216107	7.932469083669251e-05	-0.01260239129851	-0.02022747196274232	0.01553776909409461	0.04310034396435253	0.011281374415390323	-0.005141994141968671	-0.005066146958909715	-0.027542774213640545	-0.00043957901340602493	0.02020420410383155	-0.017534269256358603	0.003294672281059679	0.0
2019.3.14.cow.fecal.13	-0.25738534907948396	0.16181552314760755	0.017374363815150003	0.012266683347562705	0.025013949720425116	-0.010839028411463617	-0.032792697243670385	0.039804630907808836	-0.05144499173373471	0.07006872850128426	0.04245172774086879	0.03971266699699991	-0.06539274329575194	-0.06372732448076376	-0.0034670634338472375	-0.04204972312219741	0.02430437341384958	-0.06799501199584006	0.04752171408945598	0.005386971526406846	0.00011884478171553314	-0.043211038684009204	-0.02034752345415432	0.006884453124053395	-0.0377365680826536	0.0316145721450073	0.1137672221163667	-0.0650948135963843	0.031821068403913536	0.04227510597089751	-0.022977645672688722	0.05317586010104265	0.03840666427394737	0.010270389386281963	0.09171078146845753	0.037878656811435915	-0.006923604942443958	-0.05547310235745159	-0.0137510840179593	-0.09000138155055007	-0.00053738437881299	-0.010198091752962626	-0.04757544254156381	0.0500291703346331	-0.023174964596721713	0.015527344210058379	0.008875242752769063	0.027929209105090346	0.06808459087716226	0.03811559690794861	-0.03440943357545507	0.030479736219000398	-0.0028779022769149787	0.015393844546195325	-0.020646397917538622	0.0736212011691112	0.0013777404065517668	0.03555934555568027	0.025664728914295342	0.06474606641890412	0.05766500845714685	0.0195737411871578	-0.01778928920172982	0.01145853104795979	-0.00023363399783935259	-0.013725458683450329	-0.004260423351174216	0.07124198222509505	0.008258039429225407	0.03562397169407129	-0.05881168196406586	-0.031047923582499783	-0.021933007395780926	-0.012868037647519315	-0.006044112787311846	0.09934450716174519	0.11743605335861054	-0.06932635877096324	0.06214285767192325	0.011659475880901288	-0.01737250683540208	0.0401844318326408	0.015202594408713709	0.0
2019.3.14.cow.fecal.13.rep	-0.24765155341685977	0.1543532038310852	0.02541146928335601	-0.0026983029657223923	0.05138490794707222	0.0078035872053391145	-0.024044151562620915	0.0303675614663658	-0.01923744983731559	0.06706912527205514	0.04493714952309498	0.07805706697551107	-0.04700480821907308	-0.07556814857492064	-0.018853990026171455	-0.022042442126615696	0.023737131949820363	-0.08667811247888277	0.06956292167930295	-0.01126784048475277	-0.00927446157564853	-0.030246989463214174	-0.012958787586766926	-0.04273967253710027	-0.034012232757546224	0.0019453558165940734	0.0661039426191503	-0.08676251942298424	0.04986144265042627	0.05862136578524229	0.006937371371881494	0.06278428348989297	0.08269694939830184	-0.018874996958310422	0.04607898568256071	0.044492878482454375	0.01733888034667266	-0.021376775163147586	-0.04695330902447229	-0.11084018240035852	0.008714015953421413	-0.000900374763819668	-0.0424620222771874	0.038456650866408724	0.029944271044368753	0.0012317533367110966	0.02195323937515969	0.05915954196887927	0.08711720150045997	0.06333164092534165	0.02564153168410751	0.03206335893194196	-0.028388999121794385	0.03941621429959173	-0.02417034782396732	0.07487777337184787	0.020974388706210816	-0.006759736124896658	0.01740998565129808	0.08242452066545591	0.045396693506501315	0.01354272164929442	0.02319760891794971	-0.02893716299078756	-0.0017983293789195134	0.0407405473980604	-0.026611632484358574	-0.02017497791933466	-0.012738516702393439	-0.07331155942760857	0.06810401341756678	0.027330963888938752	-0.008830700960520797	-0.01944676831365083	0.015992744599374727	-0.08084264181742669	-0.08769864546839772	0.08090512884559128	-0.0548196175421161	-0.011230837877528583	0.00923710269739334	-0.03131520873046269	-0.02468903451842998	0.0
2019.3.14.cow.fecal.14	-0.24535099436892824	0.11753073048817143	0.012412624362263588	-0.008927961477163406	-0.04617129215021937	0.004459760876356674	-0.008276188720817234	0.0435767154246786	-0.00904283426970064	0.07171255771550283	0.015724549094379675	-0.0036267995817671223	-0.00410159263450799	0.004870509751728967	0.02540996946639326	-0.0046572383573499155	0.016495147820328668	0.06477749555539476	0.1150118125678764	0.019507894774188295	0.03184778702638722	0.04321252090067724	0.02192641693046747	-0.00014854978348083537	-0.012548168417932935	0.016279274320074786	-0.1450975245469383	0.05841345296491599	-0.0022168845106241035	-0.04557162217515154	-0.013401434180994275	-0.11958458753786583	0.011858242655970984	0.004448962252119479	-0.018303377829773104	0.04969709038302605	-0.006517093299653812	0.028384970841281935	-0.09086522395218012	-0.030066383576417964	-0.004001942644007375	0.08785757685312538	-0.09409119357254468	0.034934835096104455	-0.0361898454251589	0.0057976059354232935	0.01835896745655333	0.045733542546077775	0.010998207825865547	-0.053628426434844105	0.03829591339666624	-0.060573991035234004	-0.011646811719001416	0.0199715018929396	0.07636032435887088	0.018047403148525456	-0.027030450251917113	-0.04329150900419985	-0.007372624267497964	0.04759060644858612	-0.01161662365384073	-0.006477679182651754	-0.0757472504236374	-0.027161645140753695	0.022486511477016437	0.037546701273446566	0.010598187621838123	-0.036444087302335205	-0.013403440475656383	0.02641356551013261	0.001727271483969359	0.06539176693821952	0.08120108147521513	-0.0068262986138564645	-0.0017473733543475981	-0.0089822052804285	0.0518583946986845	0.07317901240339857	0.11664034414372086	0.012628004549794365	0.011209439064200917	-0.030339585856410476	0.0025396732484492127	0.0
2019.3.14.cow.fecal.14.rep	-0.2586170356212718	0.09829859495786075	-0.0056798209542927025	0.012438710351780312	-0.07148894480477432	-0.014710752214565668	-0.040511748327945955	0.03970402935346857	-0.01451956940393675	0.07396309876417226	-0.027968772169658155	-0.01561725115170847	0.006877475080399018	0.012834964346816934	0.03981098341198078	0.01733584857607728	0.025475632259616004	0.06301294389962274	0.1109523761941134	-0.005535523023189445	0.023458184357278138	0.06407936720856941	2.9843745595290134e-05	0.005078639274453782	-0.007698525346749545	0.018179915766110073	-0.13226596066814916	0.05240952276118053	-0.00012896874037898078	-0.03996755898036716	-0.03837730944842837	-0.11476292332431419	0.01039576234572988	0.00964869364035806	-0.006800166337813551	0.027382548313026264	0.008426714373537621	0.0031883260493731393	-0.07099235774531229	-0.051691429144235274	-0.010277752344629085	0.05944289811434439	-0.09138360034078026	-0.009417502903697719	-0.03650887555454967	-0.010522346651237276	-0.013896549373845463	0.04563806872811212	-0.02307784877791673	-0.0006442107401173219	0.024413124777151112	-0.03732519572489063	0.009529082391491674	-0.02510345259989705	0.02296659028200084	0.0039959920542055865	-0.0043108697405283124	-0.05199336151457987	0.0236879989496455	0.026134325280638797	-0.029451619632241938	0.08009779826640026	0.015326623692345366	-0.02812475569388308	0.013050470235017887	0.010854466471913139	0.021546745135466335	-0.002734636714688195	-0.03882038871224539	0.008573914276636526	-0.060550984523390534	-0.0470816438543231	-0.11778164301347147	-0.0008262987307347179	-0.008087771253939884	0.01800078266761209	-0.03638945894358557	-0.06178449583310752	-0.13092924473959097	-0.01667897906501499	-0.021157130308037723	0.03671850308789872	0.00633980395028134	0.0
2019.3.14.cow.fecal.15	-0.21481901776247458	0.13806006662357234	0.010047082271575237	-0.020718639228111707	-0.1204675551259007	0.0003837845173514875	0.05400380754046594	0.0014047824996024911	0.0046906620047173055	0.1026400869224171	-0.149505052280527	-0.18743187849057813	0.10302940083581617	0.11588438192101413	-0.022337185894748732	-0.11436372852985113	0.06761768152238565	0.08176272782873016	0.029022195913558244	0.003347039433958892	0.045652427783412934	-0.005461170515697619	-0.028858288132072436	-0.04412546072850456	-0.014509258548142253	0.01234204455645262	0.0019865554653259797	0.006063850410035623	0.04506041546859673	0.06734257238800018	-0.01300891688723453	0.06455050853584819	0.05932187085573619	0.019550183837729128	-0.04288109074228319	0.014770340448263742	0.015162543457401156	-0.016255622486244632	0.015416758045273626	-0.017091879894218023	-0.03808239933378997	-0.03907618695096434	0.038586365112348135	-0.015678632737505416	-0.010318695093541122	0.06309355666056939	0.032719903111394694	0.012993838559359861	-0.01366323270013305	-0.017421998411668208	0.0038565138677478803	0.004315993961065197	-0.00975518168431314	0.015983305430913416	-0.014616601079233921	-0.018026832510523134	-0.0008021551579254802	0.05315634961623854	0.021267042544656667	-0.053564078674842565	0.01122591489875397	0.00955004632281141	-0.011333458809990872	0.011235530445757756	0.005504584354694859	0.002670328828269569	0.009363042648369279	0.05147048553964928	-0.00937018909312355	0.022793388090798766	-0.0334640420698228	-0.03897722245244975	-0.0276059696409179	-0.00655528376914962	0.0057899931256577605	0.012729113838197428	0.005091148336175265	-0.007497216646126544	0.007167805147925907	2.1455569358764745e-05	-0.013629139246841896	-0.12781428084029298	-0.08176269231564438	0.0
2019.3.14.cow.fecal.15.rep	-0.2136303886369825	0.14194385729548825	0.019297929825252556	-0.03414506441216076	-0.13860763160302866	0.020128388604658137	0.06499181346142749	0.0014701889128472066	0.01051944417829022	0.1319556586973488	-0.15321707664787082	-0.16994273704605786	0.10196498435476559	0.09716540451056475	-0.035772404855823205	-0.1106529506679343	0.05592314681605333	0.05752522712383373	0.008669949135590913	-0.0013290842131221457	0.04741406096913544	-0.015651503439086157	-0.026440508029786	-0.03688985485546943	-0.001536007450181398	0.03443237470666412	0.0071385493745438474	-0.016696452033358122	0.047678559669257284	0.06749226320007126	0.014804713731745104	0.07054622231117708	0.06039990302561309	0.023777912421583593	-0.046053406085196834	0.012980383400297087	-0.021443483787571913	-0.026293996042946396	0.028946615036956655	-0.006730381768613749	-0.05815994653550036	-0.03404625969571842	0.0038307447909554284	-0.02355377571237309	-0.011169530200501375	0.06230706507148353	0.026815763418391196	0.04251014724688413	-0.02009501507399642	-0.0021072438512733287	-0.005940249370266567	0.00665959276027752	-0.007637654928262511	0.013896621651664949	0.01017420699368013	-0.021062472926096858	0.0319408894337916	0.01532474215423263	-0.012668758114414948	-0.03030010249310104	0.0015531427902080947	-0.022428607222431878	-0.014603624977271846	-0.01995486759394063	-0.0020978926405354403	-0.027748637259653215	0.004768146632681497	-0.01053897363606889	0.0222971235068112	-0.03029816601474429	0.022218448892033678	0.04122543211272438	0.046012895378824775	-0.0019774298919450896	0.007893513854375533	-0.01933671752859003	-0.019148876952988288	0.027022003364250667	-0.008263277808852358	0.0008737451327943858	0.018566133408824837	0.1350448577469146	0.06866751626500603	0.0
2019.3.14.cow.fecal.16	-0.14546298096692317	0.13365947861430194	0.04482171820285265	-0.02413684512182948	0.2222388761088937	0.039024486209915825	0.05543083533462248	-0.03152772874019848	0.08015955573403012	-0.0026640278001013157	0.09314046994347706	0.11165523074908999	0.169951633896498	0.07040005559102525	-0.03177218040058308	0.009260801677443009	0.1498671055497197	-0.018013204919253952	0.009283478551572622	0.00966383727268899	-0.003224952296852811	-0.023527072649411698	-0.005294964092173391	-0.05207824945855301	-0.05187399592600551	0.07693486656386904	-0.015887348557475846	0.003007759931508968	0.024296770698591263	-0.0067104476543792735	0.021075375479443333	0.029797505645139295	0.020221271627423376	-0.020140501318818425	0.002474646677431856	0.09089741733718022	-0.04476874088973929	-0.016921050863585838	-0.007429293186168007	-0.010080607737310931	-0.06113982324771829	0.060333955189564616	0.0331344826706646	0.0507916666357487	0.0169777376524426	-0.1296037015343964	0.01803651209490162	-0.035564696501321415	-0.058792840297854934	-0.04940371565731309	-0.0256761062748625	0.06656460264148181	-0.003195314464939514	0.10872256194201525	-0.010080327059512836	-0.0430108796471895	0.0014860812937473524	-0.09472941805832398	0.015612686526684825	-0.06656182812051574	-0.014397534169816158	-0.14764334492986825	0.03946751401966291	-0.009605167470138253	0.007282666868084821	0.04667413876509612	-0.020221475514034505	-0.023671038331360396	-0.05512203482026419	-0.002895077006619556	-0.013335909803805585	0.0041667797509930245	-0.02670591710518573	-0.006560806499427875	0.0031451133175273965	0.017043993994660653	0.006634609805089458	-0.030077005800546022	0.004429351293010707	-0.0035987867780392403	-0.002546549618369678	0.00614119205701716	-0.0034454750567786733	0.0
2019.3.14.cow.fecal.17	-0.23074862280673558	0.17309185858804196	0.023292420690234822	0.018899766897404625	0.1387969662035658	-0.0026593840875108353	-0.06600412074790273	0.008874795898514648	-0.02368484668814165	0.009598236344979518	0.012123807841428124	0.013795856803800003	-0.08638533840970566	-0.04278525679147065	0.04596433273308743	0.010724114732896691	0.021367420408459584	0.03985496792758675	-0.05645133007154964	0.01617769113368832	-0.023310807586754242	-0.0028682489171204355	0.028843071803347917	-0.02840412074786527	-0.029240993416647355	-0.08311113453969927	-0.002157558681738005	0.07982496491270963	-0.08164600801499246	0.09969612282278614	0.07326174491086025	0.11028157244574355	0.06893309662649047	0.0589833626676458	0.05422725315305013	-0.10550081684384821	0.0074992408612981195	0.03410631287465057	0.0835610383924294	0.05253890883736247	-0.010916301547242024	0.0026997599292199756	-0.014730107978946754	-0.02971929233903633	-0.05421884488550169	0.02006066971274167	0.0051751562047522804	0.005598419790227503	0.018667407481716337	-0.010794724658656106	-0.014341215218373704	-0.05119054140117771	-0.02689966098893941	-0.018880362185590232	-0.0036052513236738176	-0.03476851599580588	-0.002661453065722121	-0.02802399232520011	-0.011985731049708064	-0.017628407110182875	0.007635356066629326	0.004252966116698445	-0.034748786775508855	0.0093488397984474	-0.01660459292822967	0.05129127920045392	-0.02927495553163167	-0.08673294839691212	0.010203156428128314	0.031710472289029706	-0.05259569572144026	0.1347160668865899	0.016279580019908684	-0.0786887880799308	0.008131365490397247	0.05120970277990145	0.000693779296941652	-0.011968158425540236	-0.05599094341757877	-0.011285422785638164	-0.059038201106863045	-0.013812899838430046	-0.002803001882894009	0.0
2019.3.14.cow.fecal.17.rep	-0.22835625904120369	0.1583212987215964	0.013563984900193787	0.025525061865325854	0.1534564881952306	-0.006332484521427441	-0.07568275164622036	0.0148279197674316	-0.0055267381110748436	-0.007630527041767357	0.00036502571787460795	0.03480409112592886	-0.07166086294799845	-0.03926700838515857	0.07295361104653261	0.025382721894106706	0.07195183770968953	0.07156302680638399	-0.033131349916532396	0.007161697495582953	-0.006127252278048762	0.036276620159299486	0.04414236745772562	-0.014181131641951571	-0.04180734255380686	-0.06263691303877476	-0.02481755038050016	0.07252162687438984	-0.02571448575274948	0.08981071519869706	0.054748817506124786	0.09956066911028882	0.09865265841582677	0.01646801354577433	0.08908219478660488	-0.08392826987225059	-0.008883164507044882	0.06196205461456223	0.04495078515119024	0.09742687929965951	-0.016114258450372693	0.014926043204333694	-0.023513889016918706	0.0026137570960397256	-0.024707282254712037	-0.019683349384449593	0.034072514753723984	0.02458814622751813	-0.01943803989038533	0.02290439027234641	0.023387525778405034	0.006181515522010785	-0.01619667232162062	-0.014421835412249857	0.026470213993848118	-0.06297506368441305	0.026130155122126287	-0.06245695737055329	0.004341040070265584	0.009280670181077574	0.008665397934011951	0.029751343174035817	-0.024815837330136578	-0.005009627117845074	-0.003916024387609699	0.01198468747924169	0.08798781781494823	0.06072495996661111	-0.01049465447825154	0.0014595981472367205	0.025007891780954368	-0.14122934311944485	-0.016912217010295775	0.08638158726796734	-0.008351535699281805	-0.04371208967500787	-0.0039354253724102825	0.032433067194161315	0.04391776566084853	0.01092813618549381	0.03956940090469943	0.007666125013310358	0.017022421018784675	0.0
2019.3.14.cow.fecal.18	-0.2526295693332749	0.1756924614302656	0.020213126101451023	0.004257292052163626	0.03816454127331512	-0.00954843325673192	-0.03357448835503576	0.005726195845471556	-0.0021980461420562946	-0.007954211354655363	0.00042799431448332676	0.008655326164454741	-0.01781320678973121	-0.01900309852322313	0.015832804456665357	-0.03393648467011173	0.0046003609739019265	0.014319090642548573	0.056715170175051	0.03280560170227092	-0.023974975096980166	-0.0039151259338760964	0.01615550813656994	0.035390753813791406	-0.03360209782031966	-0.03125430209524307	-0.06721177094113163	-0.001831758790649286	-0.046532476483619786	-0.07191161511618338	0.006895576695146637	-0.02148128626654411	-0.04865857422312669	-0.07770863513543612	-0.08820632720807883	0.027881474801638027	0.039066319610250054	-0.02750278147799966	0.11013368072175497	0.03087254708056116	0.02185307377029441	0.028951376179625704	-0.007977428021781013	-0.037814598424131075	-0.09235767435931791	-0.03769005275694238	0.11811652596547927	-0.0019033408668170009	0.029964507815105165	0.02872440488479718	-0.05182662502432982	0.06699565908611506	0.046150864606343406	-0.09260988110967988	0.01800648169594953	-0.014506510304116656	0.013487558420577774	0.033065163909721654	0.016422991260750912	-0.014344677184980647	0.008809789180109972	0.01510085862411206	-0.0026360200311852087	0.013775686029281503	-0.036017520104453145	-0.019888075722649178	0.02509194652759065	-0.02052813507198154	-0.010518367007124378	-0.1874577829684087	0.036120329220451844	-0.016252483431689675	0.01697401275950825	-0.07347438862964031	0.04665314293068358	-0.003211214673999948	0.008574902054409222	-0.07247262605173369	0.034835705582434366	0.003406652940306266	0.013434277358907062	-0.006805580229762397	-0.010320679188149457	0.0
2019.3.14.cow.fecal.18.rep	-0.24767767164833507	0.20152131936902634	0.02039984712812105	0.010369904404464732	0.03514573201861434	-0.010848419026769807	-0.031819644746201324	0.000970359614931805	-0.00883654149434432	-0.04343370921483988	0.01699349331552302	0.01832860300373243	-0.037800755790515964	-0.03989596377734476	0.010325362128693137	-0.05062756374344871	0.0025091725548152203	-0.024999414166663625	0.07384428601708928	0.036977313913019914	-0.015322197270726172	-0.03660280890515026	0.0091130620973317	0.06308884902133338	-0.020378770598365185	0.002857208536625852	-0.02706090910388239	-0.020541576997645278	-0.006467944571582113	-0.08909482632109644	0.025054586881339436	-0.025166049858866495	-0.09732818476688825	-0.0733612517993964	-0.024446940361469445	0.06448808687094444	-0.0007358103715778382	-0.08030974386648779	0.13297337320194405	0.04456108451223316	-0.002711748203637495	0.02163002697093732	0.04606536714097216	-0.029223995323880637	-0.11221303680667719	-0.006679275189547427	0.07679654440113211	-0.05431831313694548	0.05085059837427822	0.0008628591418273979	-0.0203163963473086	0.0839050244403873	-0.0367364240720779	0.0028608901621726135	-0.027129468375255195	0.015385361916103317	-0.013398846895457504	0.06491120736884037	0.04212949748701541	-0.04725475177325965	0.011550980983996817	0.001764572345292513	-0.061139077418188054	-0.0026538488179977714	0.07390916671688257	-0.012175175776961634	-0.03755583631193611	-0.0003940385053569411	0.029548203786009933	0.1343913129375561	-0.025202885544648685	-0.011307474761284374	-0.017821284535020476	0.03915564214687704	-0.0261122167977686	-0.002857478373083682	-0.01893445664085357	0.09926534733047392	-0.048049310808852566	-0.002738003350460223	0.009938114183218636	0.0006370575590397653	0.021241117645824464	0.0
2019.3.14.cow.fecal.19	-0.24274284032801638	0.1581253560349794	0.0014007215051024357	-0.041893024633835735	-0.289594876100606	0.007462794839359747	0.04973878228321031	-0.01753865855930568	-0.010505283894028963	-0.08086000361754668	0.08644610329765923	0.07266401024839703	0.019321180599027293	0.011816920255177556	-0.05379059913158844	0.010106385316155986	0.013991967387545235	-0.00625926822924548	-0.06017258586323326	0.010449731874703796	-0.01448353956752909	0.022386344725050297	0.031119778352107056	0.027135649821450943	0.01928843493609679	0.0021999587617896007	-0.00810903231362448	-0.034730637261627444	-0.003986655342529376	0.04529629343796224	-0.004653389480733982	0.0315006219223971	0.0023355278484327386	0.01488118059252507	-0.010685144513161531	0.021685266919240328	0.026385670597813708	0.0016109852243059543	-0.01329435573993434	-0.00537987655449048	-0.011776753940870249	0.006943694816850332	0.01282287884872372	-0.023891979202133786	0.04891251435390503	0.006162250443408546	0.014438736906619577	-0.028397891332840985	-0.02843587829547285	0.022823322487397938	0.027794208623836063	-0.02099946428888889	0.012222174877711057	0.010755171611132564	-0.02199986964586532	-0.015306819295601728	-0.00707103254842474	-0.01610496670253785	0.03141953732769126	0.011483266814031893	-0.015447928580741949	0.007354986661687349	0.004975057710368109	0.01880473251982362	0.018760218353783283	0.020776513672080842	0.017591132861626942	-0.0014708858838482467	-0.0159833839255633	0.006009701253370256	0.06044164604606613	-0.0319822263018345	0.01570494098043968	-0.04964580816514878	-0.0036736342809233604	0.03695406445410916	0.01589384324850472	-0.01235553243572479	-0.03094270818399888	-0.006829038400610465	0.004245928911712891	-0.09285266578572879	0.14564577122261008	0.0
2019.3.14.cow.fecal.19.rep	-0.23292084147309342	0.14539695991410653	0.004499040188742567	-0.042290779604504475	-0.2819489738257144	0.018553516808897934	0.055841436428307356	-0.021579700040686243	-0.01408883806370841	-0.09848034481828628	0.11804536055469614	0.06906236949242349	-0.007925893686708227	-0.00016389318911751497	-0.06212642161853809	0.02241162835340703	-0.0035457325621432454	-0.016627956724071767	-0.06432395255570472	-0.005695125323653257	-0.027610531843740512	-0.0011610678681765571	0.019307913647892805	0.008416991194647474	0.0177911659500548	-0.01691659259214361	-0.00036824774093677286	-0.022168655246275225	-0.04749965619238759	0.04322140031417451	-0.009861263757671693	0.024248014321099493	-0.006645572207965414	0.01749075797219748	-0.03353641771983609	-0.0038345435992457127	0.014808127466689283	0.01937720393676449	-0.020905472059993033	0.0060766468480970845	-0.004655357562971992	0.018957092558774088	-0.014623880125317837	-0.00531421184839407	0.0206208330301628	0.005071029529049615	-0.008004776568393535	-0.02921811738550417	-0.023543044397400237	0.02555212172308759	0.009582557225398844	-0.007517142906174044	-0.013190572569523433	0.01052661411513379	0.005680432127191573	-0.032090334697477005	0.0018132372466654167	-0.010303606237910113	0.031027675117596812	-0.018462328778722517	-0.006293530906467132	0.011746949627840963	-0.03419629531316797	0.0006122182998428987	0.017730800462363017	0.05375448495108893	0.018922708208369683	-0.04430659872703789	0.019872804584835903	0.005560554939172959	0.05280938632159604	-0.01654096580108193	0.021779341416588934	-0.011218345510200902	-0.010863772778042806	0.06720930275176719	0.05811378944312332	0.020118945038092268	-0.053212714619767	-0.00716785386541258	0.11484499366195551	0.05396899653949202	-0.1070996507129949	0.0
2019.3.14.cow.fecal.2	-0.159418521624885	0.12860190690211998	0.006408339057212831	-0.005182828229211066	-0.0019980343716850296	-9.714539204874623e-05	-0.0005544169504580913	-0.016005199949048064	-0.001537765260979637	0.0372308610776156	-0.08308812467051191	-0.039698024566817036	-0.07005449339526014	-0.0821773501430695	0.052389411755391795	0.009740430668909339	0.032970911997857066	0.10713095435133427	-0.12908240630843248	0.07189669205173992	0.04696748996450939	0.06291609154457911	0.039800919567381195	0.201622929428099	0.16318464159650017	0.12599912654823547	-0.004166884676476901	-0.18970980041712932	0.06191948088909939	-0.053583702070192675	0.05808315746416767	-0.01884195741552791	-0.025647486654557128	0.1050322741325977	0.08650760318958506	-0.010319052142205904	-0.15290709039462738	0.022705155555192844	-0.05014166258277355	0.08384761295509596	0.016083400895108357	-0.05730660559356544	0.009827288213555047	-0.019270057493298555	-0.029526603027598006	-0.02886086642998908	0.019337154555506154	0.03136739338331848	-0.01438947074573075	-0.025273296855030502	-0.060995720620440806	0.02423862045302667	0.0037274015624728287	0.01538448059022263	0.020995043093652566	0.02857327527594126	-0.03958460817088253	0.005576232389754015	0.031595561615645015	0.019168646619933668	-0.015831186703300425	-0.012553024197201659	0.02899634883587868	-0.006098903844973588	-0.012787765834082004	0.05446855995920792	-0.020401997538467567	-0.024369135837382185	-0.007506648110808107	-0.023645505549856182	-8.153536625853977e-05	0.0035798429346851224	0.0013167008701449726	0.009531498566897946	0.005517178857556979	-0.0008532369599250778	-0.011437648793315571	-0.007041937442257217	-0.0006194025811201599	0.0004003810892296441	-0.001266045591899174	-0.008274109080741677	-0.013031968278010706	0.0
2019.3.14.cow.fecal.20	-0.23865010527929614	0.17914672761208858	0.017037044668796106	-0.03373032863482693	-0.19580194526197925	0.0018120637368634846	0.04217476814603151	-0.022639057724730533	-0.02253745391535297	-0.10493845061946594	0.10373887828081793	0.0694778939999614	-0.01856083572837481	-0.013594373726302648	-0.05087384884897588	0.0019907383912654455	0.014714268803357185	-0.03066597213198436	-0.05719743155392209	-0.001411430460317398	-0.0039659644281685195	-0.01340064696411647	0.019001591086767935	0.024655060138965276	-0.0192048154998792	-0.011433432717500875	0.004800920232513809	0.0075445717376248595	-0.023682744689527843	0.027453181399165902	-0.0557707033963676	0.0243726344809667	-0.017438415771938505	0.020056735100509815	-0.0020740198451118606	0.017080721873350593	-0.0007835202105445121	-0.020459581235071002	0.01429392295898582	-0.02035375538906379	-0.02019392277579787	-0.019030711704131512	0.005103796475945422	-0.06340346067047932	-0.01709189869354583	0.058547045854414566	-0.0242179486420968	-0.012721606393736672	0.035677474533789055	0.03266859467187819	0.00476685854060023	9.849380973954104e-05	0.01638640097283393	-0.020590124557769728	0.05015567754867121	-0.017090817182928066	0.00029010058089141164	-0.0012686002010688694	-0.05246570834209076	0.015978379682520374	-0.022058973743620394	-0.04103855719099642	0.06726643219685126	0.04131391383160132	-0.03280866311822896	-0.03413898285055719	-0.0003607347231798593	-0.008429173622271184	-0.05153333947555486	-0.056992241344048705	-0.18154017641086093	0.06596955957279795	-0.042135955948303605	0.09481955521386495	0.005442948571935039	-0.037486941574554775	-0.039805359206494285	0.015233928720591195	0.047571632916422336	0.006667693439390078	0.04290846732775009	-0.00907733203547307	0.006333810033237906	0.0
2019.3.14.cow.fecal.20.rep	-0.2554800240488714	0.1793415070869359	0.02037378181546327	-0.039078065582014654	-0.21155319580505771	0.014672086189417928	0.04867061700372502	-0.026129302232263882	-0.010871173376233915	-0.10094702834973512	0.10366389526023867	0.07290672321382625	0.004548963274314371	0.001569690293582868	-0.06356618753151992	-0.012564192760891813	0.005348560643031888	-0.028602167888861982	-0.04632788994695725	0.02091247377519962	-0.03804037619624752	-0.0068338163761643275	0.030340149298522585	0.030468652701660017	-0.0049949501294189414	-0.012631369609397335	-0.017119546423977193	-0.002470859831881468	-0.05225089573295834	0.020243092531446377	-0.0024703645483244983	0.03351869103502591	-0.01701539097706248	0.008252900268172566	-0.023755150422539076	9.441415666746475e-05	0.013264455248363026	-0.0020167918953878502	-0.015390533833874046	0.005689962978393939	-0.014687659337283004	0.0022258066761907014	0.011846442820278174	-0.030983498329792206	-0.016440643786430367	0.02850122265050672	0.012760986950655893	0.008160533019829884	-0.013441733307869567	-0.007036910848727165	-0.00045052003605713654	-0.009662571353935384	0.02223186408302121	0.010173830956492477	0.018513522539803432	0.012982097968400642	-0.01531320317566501	-0.011219769360464047	0.008256842989454937	0.005747503565180009	-0.05062641974422352	-0.004686832897162498	-0.017647117010658863	-0.00994893434370259	0.007259019415438615	-0.02711843890684147	-0.023279742220422492	0.02339668073377994	-0.016831747193945812	0.04591560604531118	0.07514685847021743	-0.03122701566809113	-0.01045589213947282	0.006296982716655957	0.0002172460202054386	-0.06648529409247537	-0.023480355722532757	-0.021738619028662066	0.051102218772249394	0.010805908364753914	-0.17859875097549208	0.04715388101374029	-0.0469126119013764	0.0
2019.3.14.cow.fecal.3	-0.17264988357724703	0.16571229934466647	0.011545335197516849	0.02659800542384478	0.16672059736719158	-0.004488233487400012	-0.03321662064711921	-0.0343987000215184	0.05881105354961893	-0.11106166739837749	-0.05586155867690896	0.05081122800529149	-0.007349139794460497	-0.015548627011825264	0.03582489213007144	0.051992235588840495	0.11221547125792622	0.0890975238348748	-0.11272787921860841	-0.041616307296044285	-0.05775302252301842	0.10647828117360521	-0.016085959149805866	0.029477047341029388	-0.09862461916865835	-0.09635559727612683	-0.0832793580545341	0.03735054904288882	0.022365101178091006	-0.11361519878761119	-0.10626613757614085	-0.03374295278355017	-0.0026694694315324433	0.022689460690844012	0.0012946644500996475	0.07053296412880272	0.05280414355117342	0.001497255848605566	-0.04798409142762244	-0.008040450984503615	0.03253679052654497	-0.13186767524658535	0.09026822846756881	-0.0608855775941618	0.08392586477426034	0.07574841790232546	-0.059118745023416755	0.13145751917129772	-0.03220010029241948	0.0894204326900259	0.06400438445218157	0.04657705327351323	0.04283618388023181	0.025154815176287478	-0.04754145450274107	0.019174086751073703	0.026083210838399987	0.026854345632761657	0.02883055481827699	-0.018814720196127892	0.036354858495992654	-0.013016656850183723	-0.03245425015675778	-0.03827862203460527	0.017147140863599863	-0.012771235411622717	-0.03519704570402536	0.019200250641848743	0.007802404077011318	0.014142684177991787	-0.0004982079780484111	0.015269161022161212	0.020611677849733393	-0.020516220089232342	0.014104914755838355	0.01398275157945545	0.0018501116629963683	-0.00550687481806877	0.007465618053976234	0.0009737620167036213	0.009881290962462451	0.00972165528334221	-0.0014968510664734435	0.0
2019.3.14.cow.fecal.4	-0.22551027891232156	0.181145690734827	0.023422863533777562	-0.00548194767448867	-0.009258966405254794	0.007038329163715071	0.007817756232602368	-0.034016223969256916	-0.0012487597230691001	-0.04844672071474046	-0.004129743576311011	-0.009311213355278757	0.008117826260284842	0.009917587207904982	-0.001367122442655987	-0.011839327996756749	0.01751648940727815	-0.021971455632054	0.009699186331083446	0.01157838689536273	-0.030209506512795914	-0.019700327432014136	0.01113521897717124	-0.0004616494014659381	-0.008092089916421803	-0.08816616271001625	-0.06432438952777644	0.0051776328681978475	-0.03481522706160718	-0.03060255908675128	0.05672859060878501	-0.05418538264276183	0.020604100708922313	0.026701040019308626	0.052270562587762304	0.04518606896030705	-0.023759455449017683	-0.13396115259260746	0.029233744393036745	-0.02749924712350452	0.0017553142121324934	-0.11673533506065338	-0.10234206364414003	0.1598218940195824	-0.02974787216072899	-0.05730256952133498	-0.13220242646317434	-0.014140198835445617	-0.094637630398398	-0.019935914599772328	-0.10686869439916212	-0.039059104227142524	-0.06213211192664495	-0.010949728298809355	-0.10671618002572869	-0.06886425614063547	0.010827026803615775	0.07715244256010889	-0.11010443253204448	-0.0005855554956624154	-0.03468358191454486	0.05459954030712109	0.02504965736900544	-0.010473047653777458	-0.00857938216188139	-0.019189798899367123	-0.01604656775097936	0.009667048821191529	-0.0043011258784184814	-0.026514201124336955	0.03017487197285585	0.007606122015693265	0.032306408693221114	0.036949034325859324	-0.021994510987350176	-0.003183231237453588	-0.0025092329203046967	-0.0021263363593095742	-0.00178620184252294	-0.003198231397122508	-0.0008479154940107987	-0.014241638454407339	-5.292021626086578e-05	0.0
2019.3.14.cow.fecal.5	-0.17965948879781293	0.2107493937427263	0.016028720911375416	0.011575389504037406	0.0881373004285381	-0.015329943282345758	0.009028969484953336	-0.07167891299194976	0.06011377849130816	-0.2907204577999959	-0.08103776388212615	-0.06072993563040403	0.05874183322742861	0.08692420950152438	0.00910133803458522	-0.024386249898993673	-0.18445388243998437	-0.00524255308728547	0.09379339907901285	0.004090067778839684	0.03662903981377591	-0.013917041895557302	-0.01302019361407271	0.023500718642400383	-0.010527931077365823	0.005535271722792735	0.08143710394143289	0.036001956300433915	0.061339649766514265	-0.022327786953746064	0.02690600649753517	0.006853232949358901	0.038942233935410624	0.008097508642868742	0.0409848820619345	-0.03937142895030873	-0.01211384035705941	0.035134464068928964	-0.04363128819366793	-0.005036812401097448	0.005771803571511006	0.04229465675231499	-0.012824000291536616	-0.010486815607070142	-0.0030995101574132545	-0.0026307151307181902	-0.03436061638750461	0.014141532522831424	0.027222216011808853	0.00847363318447649	-0.03965192962279862	-0.007399805591125877	0.042134005337550226	0.0019266009443419608	-0.0014001413076096126	-0.003606033198871276	-0.028633130261641833	0.028659846259153132	0.025356054341691147	-0.007894311310639425	-0.02547268978193729	-0.0035026732699897467	-0.052517950366080576	-0.006283415500558894	-0.0007159022434333821	0.007352942184465167	0.03141530985987646	-0.004721465895200471	0.01868393776228919	0.025999925343103625	0.0834461494907556	0.0902868296700009	-0.11485273674791031	0.048857230104507654	0.06993079902588106	-0.018033598387624812	0.017554109550557088	-0.03780240145788502	0.020606844739275303	-0.0021592207786719983	0.03391336755533531	-0.007001055792360201	0.012345531426017228	0.0
2019.3.14.cow.fecal.5.rep	-0.18626549351663513	0.21172801186094065	0.013573869715190062	0.009574852158201842	0.044002511088090196	-0.01816422106784326	0.018970936269202883	-0.08452056721604476	0.05747024483891581	-0.29283947679931843	-0.09177734406227399	-0.0705505330553389	0.06749001873653784	0.08551606328948898	0.00993186942528452	-0.008642729146307355	-0.18211450520168637	-0.009125435372874503	0.06386339918599306	0.015494455053954852	0.024638153129352885	-0.013062701910918097	-0.010350765734353768	0.00881385716357993	-0.010783271501836025	0.01944390023138126	0.06591587821109027	0.0721431149704945	0.0047167483614259835	-0.028017541012186446	0.00880005536163015	-0.017323383236021034	0.014549502300991425	0.02035468861048542	0.049483308700590645	-0.0284776181023694	-0.01842006775507447	0.03424478114717509	-0.03972139524274978	0.0005155753767634108	0.0008921785075755528	0.04793233345512429	-0.006383067988904925	-0.010528350760168554	-0.0038408022828439158	-0.006194868064849211	0.011408471192511316	0.011774946542939887	0.011893640474207386	-0.00969722328441924	-0.011327705985681375	0.0024045042762572176	0.0032183498966509806	0.009128706437920412	-0.0026220801513425216	0.03620080489306135	0.010400281704729545	-0.037920842652946575	-0.013521768840773593	0.035475659988442154	0.03764304133857344	-0.01652955802835379	0.06580853481193429	-0.0039184931148325605	-0.0018406249689311897	0.006315537018596821	-0.04450960370294003	0.007585456814882688	0.020180115767370586	-0.04014136132191468	-0.07832109855296537	-0.0963400957488678	0.11681051690848557	-0.05345974291757436	-0.06763783465463863	0.020478337531298324	-0.02141105504994228	0.03420358363264087	-0.027270637709892787	0.001889500493182247	-0.02391652457833208	0.006739363789273035	-0.0062854486016468945	0.0
2019.3.14.cow.fecal.6	-0.12834483185677556	0.14456129575949372	0.026623673710698414	-0.010707440021923465	0.25029729894406255	0.017300083926518207	0.012888799733715041	-0.04513864692164377	0.07984898111134173	-0.03944435074102337	-0.03583972402938958	0.04768926412570049	0.017610040815646832	-0.004704630586561165	0.030676292255213785	0.09356276321914829	-0.04503790382575202	-0.015131773685604482	-0.12410483968311345	-0.07952711626177314	0.01860980995219431	0.031707936791384714	0.03571070838158023	-0.10016151990594645	0.14325747859361737	0.05142158387456589	0.04453164243560311	-0.08042574735361603	-0.023158660296959437	0.12375249590641002	-0.10145580920371701	0.011042715879097428	-0.03487649346192398	-0.022087106883887583	-0.12268472431651473	0.02207525750416036	0.023963919955361908	0.003724387782249949	-0.06300867379050228	-0.13838417602259437	-0.04020646370605562	-0.057361581463884856	0.012754822535151662	-0.004460055720296057	-0.15041432021198978	-0.027917186509288455	-0.04762287155140235	-0.02377401954724818	-0.041983339792811505	-0.07315147679492057	0.05788645834802067	0.012037949242510641	0.012645464145581799	-0.07573942772828288	0.07504549709748667	-0.0021756529112890166	-0.0027026885248828737	0.04069460072294798	-0.013812043215033749	-0.01526920569833954	-0.005012076300472008	0.036819876485434964	-0.04088613866063813	0.01287367256943257	0.008383415341012824	-0.008824329995143586	0.025807321846844145	-0.015237822262829513	0.01441549941723224	-0.017831785209641217	0.0019031331931287623	-0.016508390129069708	-0.005441995904203175	0.005317023858977283	-0.013157802490176078	0.005076460619670667	0.021249049044891832	0.03494374352228853	-0.009713896561078562	-0.0016875236915661676	-0.016243029275246457	-0.0037869251143687285	0.010272355434094682	0.0
2019.3.14.cow.fecal.7	-0.2413194685945504	0.14722945938496373	0.020054526319940712	0.007296723647872704	0.03855812918425504	-0.0017087633903329251	-0.036860616320891416	0.0315758712593831	-0.05730344628637661	0.0676522597054023	0.014238852133670236	-0.02330881808283936	-0.12434602065232107	-0.0885124439214983	0.03550491949135611	0.008390869576479216	-0.050002057143465534	-0.003125680280800971	0.0118232681967111	0.02334536919266321	0.05112380814436845	-0.046113081292589876	0.004108154431674614	0.04888852915772095	0.011394948600291867	0.006917613486613616	0.0339002391011512	0.08464010107181094	0.053078441614781334	0.056247356636344066	0.015496867223127722	-0.07780636427370015	-0.05649039155287226	0.05375103634508347	0.012272806569850655	0.04804942160325321	-0.047738785069740095	0.05308161535306261	-0.012278414484720175	-0.02219216477379846	0.005911738511503282	0.04195184593599501	0.06789539217419675	0.0666488066380969	0.13069774100702833	0.05025166986891225	-0.047479760956433754	-0.053403964658567074	-0.020452986725158696	-0.006099647396688528	-0.009063029237161574	0.01796214781215554	0.05197934749200029	-0.039192848704135204	-0.01866670754392054	-0.03584799740081307	0.033904799148585026	0.019286219249524752	-0.03824128545330649	-0.10539290095420334	-0.048738659698933505	-0.021773770644669184	0.013848403764091171	0.04200908605140274	-0.004101992692868681	-0.03782128222652853	0.04246068530135795	0.03112296132230473	-0.01239130772307824	-0.025152226759755925	-0.0016511775628192185	-0.007219732255561757	-0.08499181658657493	-0.12213078119388841	-0.036987435942427344	-0.01634147290846123	0.015081262176911487	0.08381725101203302	0.024232651955439135	0.00519434477718867	-0.004834243948814421	0.01699587356276323	-0.00261702236789687	0.0
2019.3.14.cow.fecal.7.rep	-0.24834994669518357	0.13053400339300672	0.016307781380158714	0.009207683058381634	0.04889171684773126	0.0020587687815411993	-0.043804134283704596	0.04249761907403582	-0.03288838360114533	0.10006867363238288	0.01533355497890377	-0.0007106204028544148	-0.10897656701386002	-0.07738733471051286	0.040922439560917234	0.03903802250866473	-0.04504174209899064	-0.0056001867203507956	0.033950472522234855	0.007986902862633238	0.05307969732099982	-0.016164849671488502	0.012171097573368678	0.010302994608485933	0.0035699681876863727	0.018573525413974393	0.0005578490790167292	0.09958514407780454	0.061244230655755114	0.09341284430200301	0.02335890967092856	-0.026117690128101334	-0.062119126223971685	0.027225459161394048	-0.016654500393984972	0.0646227269936915	-0.045913678764684544	0.04797061669435679	-0.030468611072621273	-0.08559233610994403	-0.04365057509291291	0.08625379014999747	0.072697339463055	-0.012741358730752049	0.06930644079043892	0.012777342096075311	-0.016979584092810408	-0.06488747789583456	0.012047221482706587	0.02339419938756176	-0.0004094171480181739	0.029012946639517225	-0.001090044412111103	-0.03305053000845898	0.007456847566573273	-0.047158031195172735	0.021656226295420366	0.012564917078294005	0.03913419625441086	-0.036220777090316	-0.013585870507603837	0.016666712857759603	0.01603221992013239	-0.014497067133928166	0.027094354653929797	-0.0270154000959449	-0.0639319985824442	0.010002996514014756	0.05090568751261271	0.014695606331456397	0.025177822581720848	0.016721327056810478	0.12200335391269923	0.10779459857971083	0.02344477588640407	-0.0036766660754941525	-0.03467100133888595	-0.10647496791177252	-0.02411954469094185	-0.0013709140423193399	0.005306671324003901	-0.015471714528666873	-0.005961748718838794	0.0
2019.3.14.cow.fecal.8	-0.18654945377952575	0.19126035358420038	0.015215871263211162	0.0181209866436032	0.15328065223746098	-0.01769433229025282	-0.05238903877671932	-0.010289600505614133	0.018813772569751263	-0.06873097095496326	-0.030996742696809184	0.021669199443625015	-0.05397829730107273	-0.049938604011253995	0.03159500097856455	0.00533261211762105	0.020743467591689452	0.017224946116316114	0.01598787626564646	-0.01669596495606308	-0.007411633088839829	0.03487860926507295	-0.04990511768664074	-0.03336015021358304	0.09626807159441278	0.0691267051089817	-0.06268751271562674	-0.19455110828698136	-0.015428131317463527	-0.0019834602005655033	-0.03442650273577875	-0.038691189812754385	0.03400299168358837	-0.06815030659583576	-0.10700250864392404	-0.07390354891742873	0.12732478583028503	0.006685218483251308	0.08745331697758624	0.027893077113504083	-0.01858268065988887	0.06932226818890233	-0.05484452903782297	0.018580389753231057	0.12224007382233124	0.14666656401577724	0.03802581132778483	-0.024317853255188523	0.028838353917853422	-0.07005378078952955	-0.037855467149947974	-0.09766657015927951	-0.007599963615895899	0.04745230706219251	-0.090926642662588	0.01541028967646895	-0.005412109775323887	-0.04121671977363868	-0.057407511895835886	0.009873297165234569	-0.024351964306719893	-0.04081991841246515	0.021483391832458672	0.03152113223050316	0.0013783881428853194	-0.029504893857830467	0.00854297022972322	0.028145463320934292	0.005193019809321269	0.032121035945469445	-0.000176705916241665	-0.003215458951442963	0.013400890625886307	0.006917537750110752	-0.007935217831642366	-0.00806472490402572	-0.013013099854030397	-0.03625985898637821	0.0014869841152651794	0.0013627025974150156	0.01872978128034136	0.005517807505790202	-0.0065829045367697125	0.0
2019.3.14.cow.fecal.9	-0.23534840214041922	0.13710978635558171	0.02967042837547205	-0.017622793308008228	-0.002782885966435455	-0.009521307026850861	-0.0020053364374173813	0.021548762828867453	-0.021796278468864925	0.10138885803825909	-0.015279244470179587	-0.012354135731177128	0.006806281159569846	-0.02208821844811111	-0.03378457546873144	-0.055996033319609596	0.031767674034983984	-0.062161688801265075	0.050691730530343336	-0.018920010246844383	-0.0581524135459445	-0.034291288345179555	-0.06269978371438084	-0.03928722917452356	-0.026759573600419948	0.004975416230679713	0.07050406775049656	-0.061714309554229976	0.007509185893004349	-0.1261578674073237	-0.03854276369745395	-0.0027528725294235345	-0.04578279455185499	-0.10277429927657039	0.025491713070926434	-0.08868064068647981	0.004996928939839267	0.036594297771088066	0.0005876191891842827	0.05810869598685488	0.02098629061245777	0.018572877899381023	0.01969540021742631	-0.04023524655370782	0.1118650466904642	-0.029840720154247408	-0.07167329954745348	0.05024667934625382	-0.003598051617083121	-0.05537122828477097	-0.007660319455134967	-0.020805357273329245	0.06112897638661646	-0.04270299263944833	0.07355047264917876	-0.061948262276025866	0.007298456328532211	-0.0020695168524935115	0.009018162092759605	-0.03425778313969822	0.037518513905333194	0.0101814880964069	0.007432618390383404	-0.02938538803461961	-0.06702127340456807	0.007370437917781075	0.011180961168210385	-0.02015832927743629	0.0005062518728431237	-0.06662341359999373	0.021233502470591727	0.012354542850866778	0.006527922623105084	0.10374992138113047	-0.021132194552858297	0.06915540378361007	0.05529147821184829	0.06860924462829311	-0.04329179263140974	-0.008248458366372956	-0.06402235954150963	-0.015621430293821244	0.005158137401359198	0.0
2019.3.14.cow.fecal.9.rep	-0.23855588775646056	0.15847643377058415	0.029345497854271377	-0.020366565663970493	-0.023073467514468097	0.005141397167036472	0.0154458194647462	0.005862351673974699	-0.011862012864505566	0.10127989930201456	-0.004193215769181371	-0.016474968696723435	-0.006728315299298684	-0.030960544922019138	-0.03438801920558898	-0.053894600720002246	0.030018260870371995	-0.07483620115025352	0.010341620588143424	-0.03218747393512911	-0.06608622229851296	-0.07900375179728195	-0.048390898734604386	-0.03259583760116013	-0.0020439035847012905	-0.011044470475537476	0.12117996401598412	-0.019390284468788842	-0.05833264243535057	-0.0826994230029408	-0.0542030730505172	-0.00870402536800247	-0.09739177254920006	-0.05645681705376442	0.030945386502556124	-0.10130360234768876	-0.025651616174341807	0.008713421669958478	-0.044263950456547914	-0.013353207678475629	-0.0008808701519473984	-0.030245682913687705	0.009520747820558147	-0.0663217569808006	-0.01911459376081407	-0.032555214322596816	-0.097893698908372	0.011676567769501362	-0.02270806593403357	-0.05847795779658338	-0.042104406778613074	-0.022980783600228608	-0.01566645031291718	-0.00714043207716998	0.021810937095992446	-0.03501937596832051	-0.025531021147617624	-0.051129152513035	0.006266258579956232	-0.03324878446081356	0.03652320618560873	0.05167778425408138	-0.02745497341734991	-0.04656389947258647	-0.0311837736487585	0.03805018509654253	-0.006491473305183338	-0.0027302663527339396	-0.007093484077026489	0.09327651188897663	-0.023001133547994775	-0.032252173610479246	0.018183593242107898	-0.09188111452160727	0.016894276456836853	-0.07789956842715626	-0.06578546204065905	-0.06239951201325592	0.04715236731767111	0.003497376198166774	0.06433821743673628	-0.0012002808995502372	0.008085429290904564	0.0
2019.3.14.cow.nasal.1	0.36541425456196447	0.09097037746533561	0.031025876672968068	-0.10024606683995961	-0.010532967561429124	0.08510820761723616	-0.19917344265859424	-0.01720733757890983	0.1370269791389655	-0.02886118912373854	0.10932054115078883	-0.20873660369596886	-0.19053764468365564	0.18165069228142272	-0.1013655592077394	0.17125591016505956	0.1585579664373709	0.024087276767770588	0.11003964605344216	-0.006379699888445185	-0.17458830597323888	-0.04725843297965233	0.1602332772103004	0.023397989127805167	0.0010190551708594944	0.12598252169672788	0.07848091024807814	0.02291184523052042	0.0466450187029823	-0.023001620412425153	0.015488484175638065	-0.015774450095395753	-0.009916914970252143	0.03007419221543898	0.0011452704207746533	-0.0010996922536232502	0.05949536901625852	0.002239393378439543	-0.009419689396628997	-0.0004706524795388072	-0.011798846877248751	-0.01727287036548466	0.010567026179321337	-0.015856753650518043	-0.02329475003760649	0.010361067570235475	-0.0037283147553423663	-0.01947867600436694	-0.000665317780225949	0.003328666502370941	0.013964988691976979	-0.014782595517804049	-0.0046998081930367175	-0.0014236791069220922	-0.009735401398152493	0.020123979588060205	0.027167769246431973	0.008333823896579459	-0.02488330502618027	-0.0012920506627047293	0.0019316014802201733	0.003147326780966695	0.007576899396057168	-0.009136035619162333	-0.013484785888665432	0.009092563373278703	0.011698912370193913	-0.0006629700718682763	8.955924309697758e-05	-0.007085142884112238	0.009176173794631638	0.005693408751442604	0.002103544915987518	0.003061558855006266	-0.0029858166731513776	0.004081274067610305	-0.0026450380093724357	0.000747230444683773	0.00040932876778073936	-0.0013196880527753605	-0.0016166430032082135	0.0005301164129632229	0.0006507174054569777	0.0
2019.3.14.cow.nasal.13	0.3846908112286461	0.1160955629124242	-0.07983677753847296	-0.08493412843519851	-0.03157910697152727	-0.1774121758457626	-0.04754922242437666	0.3067562388757873	0.11790195963887601	-0.030199878985370212	-0.0786382129800262	0.0824567530804613	-0.0019813871360115348	0.08310124332851393	0.09085232234196261	-0.08312965079524247	-0.08682359648493818	0.014937833546466935	-0.11602855332106572	0.1270694162423622	-0.06746450887407633	-0.1293964630668975	0.11765619055850603	-0.17063109596190537	-0.16752527578501605	0.015449792987922258	-0.055517387863811954	-0.1351270376519625	0.01907364465821615	0.02932255888779443	0.020945187168669912	-0.09138715513966357	-0.06244601307506445	0.05639676841404322	0.006096361177886617	-0.02549323356073436	-0.04821018645719625	0.019147153654001388	-0.012508310852233804	-0.008761983016792504	-0.010801607212234225	0.008882354222902372	0.007730443985581007	-0.0076611709869999715	0.0061604193879631125	0.0033648505522994054	0.010592477977048575	0.014275691506686465	0.0050044065866581425	0.030092057161889188	0.005744407356616746	0.011577001122647628	0.00334761293018646	0.007137672521989604	-0.002787608592829012	-0.01584986881889543	-0.03373912481614729	-0.0008430322643263877	-0.02138188500608057	-0.0032930426658129897	-0.0030779261074685826	0.010722292073027773	-0.0032103439639557946	0.01695423033428926	-0.0023723507867569353	0.008445529590231579	-9.5874759183529e-05	0.008285206740761237	0.0042752159487105205	0.001694201388129985	-0.0036321417735355114	-0.003269436833413216	-0.0008835773429609843	0.002047476137624539	0.005039284609785158	-0.004920736165480368	0.005836720496421025	-0.001360748499050034	-0.006351324183137866	-0.0006937130938619793	-0.0007578027591554916	0.001221225462623735	-0.00019113203083436411	0.0
2019.3.14.cow.nasal.14	0.3958226492699024	0.06435091704645467	0.044069451162611344	-0.05132943775030156	-0.02430824647806143	0.10486191540062084	-0.1454016656070717	0.10796400755383286	0.0937303414210577	-0.04747412479501537	0.16106718966060987	-0.03747426075225119	-0.039308487007287396	0.020171911633267176	0.08720136784666949	-0.24178791644147804	-0.00031875968794831935	-0.04427184832653327	-0.033163205218187615	-0.2549883178767298	0.14788292155865193	0.16181266356662963	-0.02689428043762563	0.01392807208905047	-0.022963004881848447	-0.018452247945925267	0.02983163355852389	-0.005775637879770112	-0.0330336204758861	-0.03828764095574246	0.12138936673020964	-0.009876650298577695	-0.07411259148406694	0.04463822795436794	-0.027843636226939743	-0.031783160091713315	0.051201632825358015	-0.05152146237880241	-0.041339742252758896	0.01020313268012842	-0.11874896053253017	-0.007820785475720177	0.05335168773800839	0.050969160676296414	0.006624980396730341	-0.013379667615075646	0.018152003599666948	0.04026849066993674	0.005363026602201277	-0.005334651366680235	-0.024625794828189614	0.0011439420431442649	-0.001818902361595328	-0.018834685084058497	0.024977287179396963	0.012334969209413831	0.027019908868116716	-0.015029198767478989	0.00423379299995426	0.009540087007724274	-0.003224276326944021	0.0058080428399221165	0.013145137086449226	0.013117772515533827	-0.006441214600145394	0.020465308791244162	-0.0017230057432730743	0.005068026103472075	0.003926226203054102	0.0003589277876648109	-0.0008272188116440434	0.0022419488832867117	-0.0026103873098431425	-0.0011917752620843002	-0.003018997756589576	-0.0016926311182062076	0.0021699492107503542	0.0007963783601260954	-0.0023363645274126128	0.007259102999839776	0.0008409893725611424	-0.0023353501283097707	0.00030235870604664543	0.0
2019.3.14.cow.nasal.15	0.3842824738893288	0.07982744706992406	0.14229876998525484	-0.1909146558780781	-0.04698715638434138	0.15933667563075216	-0.12255150421563189	-0.0005953444414278958	-0.057363589337699014	0.03532548009183193	-0.16358239536452132	0.1620693735149307	0.057053600394572655	0.03310334383237987	0.05220352693403806	0.030452211547688388	0.004929027504265686	-0.006143241917490997	-0.02152002694309206	0.029301942502589117	-0.04363489649262559	-0.01581856759994756	-0.0019742369150957976	0.08549150349199065	0.03220613550857959	0.005630267272527136	0.03131207218259508	0.05697564493445991	0.020905632675856888	0.06041030702643609	-0.02596091797430191	-0.03186548165158762	0.04249577952139306	-0.03264979916912123	-0.0581639414717176	-0.10576128160064	0.009163065110955649	-0.19295275398164274	-0.02398384581092951	0.024570961799328744	0.11541436291371648	0.12936833379549673	0.12427249417494624	0.09068541785686057	-0.03782379757110608	0.06506229830351738	-0.06270796524246045	0.046339176812614465	-0.013600917213909042	0.03382886093232772	-0.02444554065330316	-0.016586726858500673	-0.05177217601522523	0.0026092400697345914	0.03920943068950452	-0.018606724449319705	-0.008853102364352274	-0.0033780719527197974	0.05453278502178057	0.01796230669401421	0.0003848311148663468	-0.026421939346465927	-0.0029630979922664075	-0.010630712082985752	0.00808254256107483	0.006191206547072454	-0.005127279949337204	-0.005817693903649162	-0.007848057919955208	-0.017841353057839744	-0.002203077651411406	-0.005543449906762992	-0.004785233458628032	7.5850787675245e-05	-0.005006334200997226	0.009880144223427326	-0.012181081696237656	-0.0007563825752516408	0.009166751761576554	-0.006203308840881357	0.000887945784669565	-0.0008430337846971904	0.0008901876744175984	0.0
2019.3.14.cow.nasal.15.rep	0.32244828231427186	0.006985038335996456	0.12135199370501215	-0.1601902875034104	-0.01019193224292303	0.1392309406942662	-0.07532031381274143	0.001941697914085469	-0.02128483977218642	0.05923028331369351	-0.05023775548274521	0.10036324322691104	0.056718224517801764	-0.03063137946055991	0.005133679735587495	-0.09420803590939325	-0.11398300283854204	0.0967587931324032	-0.021591247170204872	0.19992004521537973	-0.17026003466656964	0.08476924066118878	-0.10841579479121055	0.09229950136819841	0.005450279475099411	0.06757937015319684	0.03941987994232439	0.06659953912416464	-0.09075473390509073	0.028486142138093345	0.06545694477263957	-0.04329899504662668	0.047586409308861585	-0.11812291862365967	0.06723762645587887	0.042272461018678535	0.08988044582559848	0.06268408810130188	-0.01745551931028059	-0.05353145612644242	-0.13754730350236247	-0.10611356551598843	-0.018789820314397264	-0.018923587021716436	0.03451250506019926	-0.030490980389010776	0.027346910280720112	-0.030564086305187158	0.007528263178780132	-0.031636119675583954	0.03710284902569957	0.007593724563351433	0.008513762506950358	-0.022015391024901628	0.010098955740524057	0.043694852486900686	0.018329077169420293	0.020879650175172508	-0.040883254609749134	-0.022134727187955398	-0.009385436619039967	0.00047714518945777797	0.015765109733764847	0.008420431061981226	-0.0035586951981684883	0.014642858867455737	0.009229598971316946	0.00088459354610761	0.0033815373098987247	0.013933036745209095	6.116460464019868e-05	0.005674713380545886	-0.0014633777108952785	0.008031748925762696	0.004300213584808259	0.0002124926913715938	0.000770231927476062	-0.002494888896108376	-0.001113851960982822	-0.0038470270404066505	0.009573451656997738	0.0026002072983611216	-0.00267707839153888	0.0
2019.3.14.cow.nasal.18.rep	0.3705813148239863	0.16417053998877598	-0.18312733343614737	-0.15475608467532223	-0.0073858845024301475	0.19609952676424225	-0.16847590663226544	0.06749255348987628	0.038024857126432915	-0.009743239470119095	-0.10590074966045343	0.048290309243694825	-0.09316278972971771	0.14490621995466496	-0.07593123787171341	0.08346089880109875	0.0769140138527633	-0.19172397625990992	-0.022019004404128538	0.13585457432103173	0.26706078834985747	-0.038518752088316295	-0.13312794866417219	0.026242354967681212	0.02855671196094804	-0.11276662878410641	-0.014957070986332097	-0.02010054187254012	-0.06067605251168819	-0.030545769068816838	-0.055182391758212414	0.03055509540479171	0.025703037571195908	0.011772493188880259	0.01115795555306016	0.07095067926598836	-0.010417357313646928	0.08705760549653728	0.028175346304245594	0.010307383671231926	0.02087945072751562	-0.010670624159790587	-0.048175568565858536	-0.04129801978778082	0.00925856195589209	-0.01878614259325792	0.006225172450024343	-0.009982827390516326	-0.02590042151198927	-0.034295808977323296	0.001166983624698124	0.006134493324687015	0.010941776409535283	0.0010769468464709687	-0.006754251659959583	0.006516006737682164	-0.0043803483944141915	0.002362250881684686	0.005803388383298922	0.006518958783029566	-0.003014715050228192	0.006828024769573974	-0.009767847708084695	-0.004869609462748329	0.007101195930647927	-0.007587466684505293	0.0036610881663474686	-0.002928654129668273	0.0006124813742214895	0.003347942390831912	-0.0021195908418643844	-0.0004907115131761859	0.0027760897849291952	0.00030761699660123706	0.0002230469470402644	-0.0059267991362696995	0.003970680080008168	-0.0012378083986340448	-0.003474162879596023	0.00463616522764776	-0.0012437265548100509	-0.0012140692860484372	-0.0005992335090151213	0.0
2019.3.14.cow.nasal.2	0.3651673728388673	-0.011631622561373234	0.1499897374985904	-0.1707985092866902	-0.022190834530740666	0.11147327828383634	-0.04152580365044027	-0.024551217442528604	-0.07186236230638815	-0.05136958912709864	-0.042266469006966755	0.08734176738236148	-0.08269064701530252	-0.07221592598896023	-0.004937804211643295	-0.1129986827616935	-0.029097357939082004	0.04459402839347653	0.03569862754049539	-0.08749329555672114	0.01645475658904853	0.08872025393127632	0.08747036626769102	-0.2169744371968318	0.07262015962098738	0.12601556453581683	-0.017842166227449135	0.08216183642549932	0.006288297116326115	-0.06899071701729109	-0.02078510112623237	0.08725110098099846	0.05033035998477396	-0.06378516946171561	0.004110789612079807	0.09393635175031946	-0.16295476834053346	-0.005376391383881614	0.0056680516935947185	0.017675026167438185	0.1248113691268236	-0.05079004898152923	-0.07411532666962783	-0.09075398925015238	0.017224430404045938	0.02895036736055594	0.006793789354016423	-0.05055990198265206	0.012385632313317567	0.04046245189745421	-0.03007651381018952	-0.01879729164255244	0.009621003100911992	0.018106254884470832	-0.030206780222303314	-0.015898946712379104	-0.030547087252851622	-0.021439459550004536	-0.011963391815102946	-0.040053003934503	-0.0069275521582989755	0.018284060283422325	0.0017114697167612387	-0.011219059607951902	-0.008711250034350186	-0.03348109024073652	-0.01362276419476345	-0.00441617484686011	-0.008658279388962575	0.003841057362502066	0.00690278331101494	-0.005632059883590734	0.0009627947452603764	-0.009119579348275654	-0.0002261104243968197	0.006006375204170308	0.007290441686861455	0.001860712822997922	0.002341641969415533	-0.0002954967781941592	-0.002146610894494103	-0.0023861975588358487	-0.0028263633672982926	0.0
2019.3.14.cow.nasal.3	0.3784764129276411	0.14704611548834323	0.06315441261431332	0.28649328023127624	-0.04474294894137509	0.11451657336605278	-0.0923001358987076	0.06550176987789647	0.10340737645763805	-0.037699056541701546	-0.002775056894281626	-0.16665260971502788	0.19761074528769143	-0.33926713419621424	-0.1806064983376811	0.10164007614733805	0.033255796041606125	-0.024910048090980946	0.004538346472030856	0.1258764390839068	0.07991059195039972	0.11222677120059339	0.0756731427752478	-0.07043373351116518	-0.07934043772057081	-0.012270837971253333	0.06528001054716216	-0.017753519920774306	-0.051544360882181985	0.011893499594461636	0.019086347533872856	-0.05228161738024611	0.012066958321385116	-0.02137082188717481	-0.014945854194233655	-0.013316796584516476	-0.024786753375239938	-0.021815107070515073	-0.01223148165675407	0.012613420970342315	0.00915392597399558	0.01247281106077335	0.015621033357701541	0.003618519762361626	-0.00765616288543072	0.01805842046516214	-0.008810581384882037	-0.001587837831339303	0.00648125109124436	0.0031462971562850914	0.0001332034605234569	-0.004035573138657532	-0.003623271434057565	0.002141944237901209	0.0010206875650887442	-0.018908592822503466	-0.013514144506318515	0.0007752912636822618	0.006191703086117264	0.006277472941504376	0.004753310643005088	0.004338445130905128	-0.001187204244819669	0.015039556952833825	0.015152838727372105	-0.004692997586946117	0.009803300647203894	-0.0019416473352227655	0.00396823671211122	-0.0015371765045604762	0.001715846745491637	0.00227703086070276	-0.004720611304908462	0.00033489275736241686	-0.0037626340771632814	0.010278184960144272	-0.010352598383627903	-0.0027427282034821216	0.005751733283388399	0.0027167027631897927	-0.0015604067218229695	0.0005689384788292022	-0.00023549620128338123	0.0
2019.3.14.cow.nasal.6	0.42449437476886726	0.16884695611104822	-0.042564772692792095	-0.0006252317960850828	-0.05022342926365122	0.00960467307795227	-0.2349395335937216	0.06075958327985193	0.05770139731196208	-0.007983658674626628	0.1360823138297334	-0.08786040244001712	0.22577658201151402	-0.13160514231990428	0.09577706820065357	-0.009757275903639766	-0.05146052504296979	0.01256736917415127	-0.015116992065118452	-0.11340322424826835	-0.12308063747439209	-0.1882960421497373	-0.12002938569378495	0.06556484019580383	0.12004061839069997	-0.03234034425495647	-0.12723503169711192	0.028543264489879712	0.11643030736542306	0.019120786711253033	-0.10569513381671564	0.08581003785358797	-0.0002974597898620443	0.04480568218690291	0.03823421940581949	0.01672633303618009	-0.015035134455008007	0.050610796199852016	0.04324440006926975	0.0006919902056514858	0.032902183951834515	-0.0002129902512515944	-0.05408034247663891	-0.007419319367382497	-0.0022378679874200426	-0.005744378427842631	0.005580317059907125	-0.010744429027811071	-0.01295944973170935	-0.007102355130491224	0.0019605719999044747	0.008738583408072284	0.013160386394312988	-0.01023120757173064	-0.003719524808638739	0.0005376746250863753	0.012264361408575529	0.002804282195689485	0.003390954648505518	0.004736151837918939	0.007811816450799352	-0.007709492555265995	-0.008515678421810448	-0.011027688175628865	0.0031460881630206135	-0.003005468964165041	-0.015638018542014295	0.001979335284799996	-0.0027378792070314488	0.0001063154033816732	-0.004528829233514839	-0.0005541822637105192	0.0065493714980092935	-0.003293778891313166	0.0022702227575574626	-0.0264812947859935	0.024761928716093815	-0.000258339758181436	-0.008593818909171113	-0.0027554638610338533	-0.0022810549348124725	-0.0024804711638938713	9.300343285744942e-05	0.0
2019.3.14.cow.nasal.7	0.013696514525302827	-0.00120219316519852	0.10510934851264962	-0.08388494320436139	0.062153943031603265	0.031790725999898094	0.11115806566729564	0.045413523016314274	-0.010193863440907487	0.12079598590245333	0.09599111627581539	0.016445733111426816	-0.02604679614766336	-0.06425688217179555	-0.013262911080920705	0.023688207422679294	-0.18204846890683252	-0.056866305601624346	-0.037466156609317465	0.03790972956265477	0.1178536333951147	-0.02965720728589243	0.04743354412691514	0.037375128689697674	-0.023059853712033347	0.0377204746151395	0.04798978035995191	0.1019695155519369	0.18106880907509948	-0.019273953254294398	0.0015219410134969461	-0.07491882533309492	0.021721539861449132	0.08108020802343546	-0.10105563447015992	-0.07255409706211013	0.150582315183636	-0.038311279940289066	0.05239828876258671	0.0169503880990364	0.053517540657886775	-0.0970526829909334	-0.059517152403830945	-0.11094574619132434	-0.02074799791480797	-0.018903807960947094	0.03569751903763021	0.02580997262826634	-0.05981773692716968	-0.03288538870365379	0.013415250486823639	0.028672515526683675	-0.024943135979902636	0.0891910269763929	-0.04947596283626436	-0.028518022357506813	0.01699387103099206	-0.0077962589617467165	-0.013897047038484704	0.012546388170668166	0.01112595730394837	0.007315053983172034	-0.002270567918031054	-0.005225733127229252	-0.04314743924696703	0.0355320406430544	-0.012221553571561797	-0.011158839013881306	-0.06963471164188842	0.008507410682848358	0.008733181661985822	-0.016956542419401397	0.0017890081086501565	0.016959724564965053	0.009881645187811655	0.018254914141848863	0.002592400315072147	0.005342325947675835	0.007889006950084827	-0.003651567408702365	-0.003043253776805725	0.004419928268646511	-0.0010033224852541462	0.0
2019.3.14.cow.oral.1	0.38944334768937555	0.13940308376566976	0.045184685798705916	-0.04875860628790488	-0.05169787299423391	-0.37426038659216826	-0.14005552264120888	-0.3182356263105399	0.04049935911944257	0.10335295880403234	0.0530300318361604	0.01772965052264435	-0.008793577367837747	0.023075168864357443	0.0017703320647289036	0.014777598846768067	-0.011080355538549655	-0.02704422348557359	0.0141428690136473	0.01214195520566507	0.04299352920690484	0.03952393304460363	-0.02201850632948844	0.003314178435444	-0.0012048330400308948	-0.012287852717226934	0.01138276676902222	0.012667907970677584	-0.0013684721946062872	0.00013958793334067996	0.0175805157437187	-0.008384307570396142	-0.0003655372629574825	-0.02438551783048808	0.022001179314105394	-0.003852933872708975	0.0018308904440578104	0.01080880876698441	0.003405710846296152	-0.03584015380611587	-0.001324710596906698	-0.02959559338527327	0.021721068262173116	0.05470877096266537	0.01616468006175022	0.021622600023929916	0.051586777556684	0.05272633068664286	0.01367910027163568	-0.021772802730015233	0.041688418340038856	0.07290517298295837	0.009243593866861731	0.07043269215324027	0.01662533850942895	-0.10917936413423614	-0.17237270275495153	-0.007704954278622362	-0.02160532583246242	0.030080434187991015	0.00460418083246847	0.032669255775708915	0.0018519128296802234	0.04335627668732637	-0.013378621111941947	-0.05503325330518922	0.012477181290313076	-0.030987766315184503	0.03209896877262415	0.0017126850447317392	-0.0009451780968339173	-0.003118105077276877	0.00218820549605924	-0.010239399675830976	-0.0006812664947597909	0.005820258385381805	-0.009793145334022275	-0.002566946797166148	-0.0016919356482244204	-0.008604386402906995	0.00010698225223902314	0.004914367467209999	-0.0025486774280490316	0.0
2019.3.14.cow.oral.1.rep	0.39293963689158307	0.08023866726194624	0.10944969211844778	-0.05495143179992435	-0.022726337143655878	-0.38412064385295663	-0.06515036152089984	-0.24924719860619574	0.02010752519566536	0.08494102523223142	0.03592040083448233	-0.0030008825847021555	-0.009338267921016007	-0.00751487532532649	0.0012293842764919906	-0.028939430359444636	-0.01787284798949879	-0.01982025450573042	-0.018318618760229364	0.054056787239739244	0.03957327971072616	0.05116897698260361	-0.0223765698965011	-0.030731775885584678	-0.049389105997688386	-0.05173092939273529	0.006792327879277589	-0.046940424494833384	-0.00028066350642082043	0.019354001848016063	-0.012207935977024213	-0.026394620526376946	0.03984395958293118	0.009506961273785218	-0.043784303089105615	0.016054710719488413	-0.0266669610140055	0.0025565541659361506	-0.009635261141550163	0.04331182096311387	0.010500587261566397	0.040064887090653284	-0.007483402915608146	-0.05846737774691186	-0.029939805954072963	-0.028481131313597634	-0.057842983525660537	-0.06414759465186194	-0.02578135506066585	0.023571186074507033	-0.0477244155820487	-0.08162222400454981	-0.004658776605462273	-0.0639206856490546	-0.012273199556264299	0.10406265614326697	0.17507076574827418	0.010272280284271962	0.038321243976400736	-0.026391252574096167	-0.0047563897891980175	-0.04122637050545437	-0.00458888208600952	-0.04575567578492842	0.02214686066344783	0.05566628446785929	-0.014172680661927456	0.03319917703186181	-0.033950355101514854	0.0012322575760021239	-0.00026269497994070915	0.004250721215032061	-0.002113797855975635	0.007763299623367611	0.0012363334646373642	-0.004569387120998317	0.005240226381789227	0.004707462343878707	0.006019363962183945	0.017049716969199862	0.0002959598416905546	-0.0010072723729591278	0.0019288185341428555	0.0
2019.3.14.cow.oral.12	0.26154729872433835	-0.0949306568793572	0.12057184125534773	-0.060593432672889296	0.05219148980025001	0.05365527213244269	0.12094838000892173	0.11302935686374485	-0.0921225050246873	-0.02221734713333937	0.13445987711287616	-0.09173087455709246	-0.03374065124211922	0.07397634343330436	0.03251153784977402	-0.09599034997868022	-0.003422993139626815	0.0798197398460398	0.07779245616452812	0.009706821001646751	-0.06335628164738294	0.1616139692374034	-0.009784792053165174	0.08005121106253203	-0.030870868021359722	-0.18253335837941978	0.10366855651388951	-0.12432668408103266	0.035612685459543415	0.1307191496108637	-0.1343604282823769	-0.08423041396523637	0.014804419776885952	-0.01465274670583929	0.015679972648039747	0.049550946714085636	-0.021269195306493245	0.09085196348900866	0.02167558369077723	0.03170792692224732	0.08403835297574902	0.03323817590884398	-0.02464601785816199	-0.0026493845530453372	-0.07040932911015829	-0.012602711578249466	-0.03808978414841606	-0.04455131783185003	0.003940540730076273	-0.0257230039851173	0.014066582862315284	-0.0038510254007277176	-0.01025923372653346	0.04946514735965537	-0.02360136999223038	-0.0711461385744757	-0.041588915495560354	-0.010303638194803075	0.014467969986892601	-0.007751808720820996	0.03104365890432236	-0.031745115303643726	0.016639920191008052	-0.032188922638967776	0.015272982835821413	-0.04627693932775772	-0.026768177953573752	-0.006953692338928044	0.0160416745544657	-0.017826550227401775	-0.0008273764446594523	-0.003921940740889311	-0.00026240173693434026	-0.005349191437787792	0.004665788516620238	-0.0035408516045595598	-0.003509193706911879	0.0004931972407634258	-0.004613277173390189	-0.0008620745464329495	-0.007675052246309128	0.004452662615641993	0.0032058049073982946	0.0
2019.3.14.cow.oral.13.rep	0.05098229991912553	0.066807097337732	0.11170498043550631	-0.0408255980579514	0.20528154937716914	0.007383814326324903	0.14537427720635857	0.007132570672822598	-0.0018311633214358237	0.04522779895100192	0.18665350016250293	0.10921292520878799	0.2450126773602529	0.12943206765744988	-0.009102800278823268	-0.008287161154874061	0.15205453575585304	0.011834202622862462	-0.01997302017359971	0.04243098970139305	0.061973579732402	-0.028134499610379535	-0.04094186601319602	0.04204222659690283	-0.017782902849036983	0.10253719079108514	0.06552142541161317	0.0682287581612522	-0.01852232122172857	-0.0068075428440472615	0.002154473021123193	-0.0624387912733211	-0.04054723489016692	0.0845352148483858	-0.009799800406050505	-0.021984160714021626	-0.08048413187997798	0.028433213217140894	0.01928609289530309	0.056012732197537496	0.028771666404963755	-0.01006175699733995	0.009641301171679122	-0.00785157992375949	0.02799907414467398	0.05497106712959764	0.031355870956772655	-0.03617072629993558	0.06703118713909961	0.04546252544798191	0.006608422190607617	-0.10221870137063285	0.024323673152897993	-0.0698675045745186	-0.04201530938150803	0.031767595179427704	-0.02225634069949808	0.04749943603124712	-0.014667103562521343	0.05203488529646413	0.005659352413706878	0.11136512467761119	-0.010355882809451917	0.016732567242516337	-0.003815809087839058	-0.02988645788033984	0.030684172642986656	-0.006503394980574537	0.02984440718797859	0.0006289294530724515	0.008919034115175964	0.0027217891835269745	0.01360793480131488	0.0010741821158005602	-0.006324744099743827	-0.007803904840904949	-0.00681603888253693	0.007895579132651284	-0.010869267896330833	0.001592970425106398	0.004759853804913754	0.00029694045106609543	-0.0038478790114411035	0.0
2019.3.14.cow.oral.15	0.37298744669743966	0.08781157931063645	0.16503507791849323	-0.020209578582916138	-0.028734657490504138	0.03469398371358422	0.02520171327111781	-0.05149058753707214	-0.24686667328015238	-0.01716357547121491	-0.1766960061590955	0.05606158248983933	0.046954116623421145	-0.03746827861911584	-0.0491643771781819	0.1409867409436022	0.007172384385275364	0.0764203875876601	0.03555684746275263	-0.2645655280694763	0.06807841356873154	-0.12415425634104524	0.03646336660791135	0.10300312036647125	-0.20966431800460741	0.06099355643052488	-0.018155139624297698	-0.0915398250612807	-0.07226310576155802	0.05996353426381702	0.05913231312284284	-0.03168036399668815	-0.020868724578129993	0.00025139204608380753	0.0034614758028002407	0.02602913330995417	0.03916807367085851	0.09127102442010628	0.02064814843867699	-0.002554646862391762	0.008890486938574515	-0.0320700342550305	-0.028852734070503875	-0.02270263567493666	0.004960644898370166	-0.0495804636816173	-0.001329629619870727	-0.005744431515723366	0.003721462494548795	-0.02346237391205884	-0.006748228947920772	0.00019168368667353075	0.010201026415914844	0.00434745910486738	0.010730885830707955	0.004436568646923167	0.0018295506638440501	0.01746425722491964	-0.02318097216229091	0.006171515593064193	-0.009389650775242677	-0.009753062348955085	-0.0019088285700083866	0.003480029313389875	-0.0009063930024636586	-0.0025549826929998267	-0.004670841308025427	0.001031428640763295	0.005213397298666197	0.01214727618747063	-0.00031110882113088165	-0.00230033762676039	0.004280876580357212	-0.001075900572452168	0.0027722207155101825	-0.0074192643954125136	0.006778180203014565	-0.0006153519966689911	-0.005812930400602804	0.0009651080029478217	-0.0016143869654227732	-0.003310779611356687	-0.00035948960727192947	0.0
2019.3.14.cow.oral.16	0.37227238894594733	0.15378308803664598	0.014739141270338303	0.06254605724852379	0.0014103314957331745	-0.37043713923941013	0.17072245170809303	0.3370185443269564	-0.020748560123716262	-0.06839748303735793	-0.04952890986603422	0.014854655854120439	0.003064555404301929	0.0015899836877840412	-0.05040882562967864	0.08347818061214674	0.08333580902949597	0.00020575308886133567	-0.01211225309800436	-0.06863662230808484	-0.0026400461258478856	-0.010508718011478627	-0.0027757106474042754	0.07451423205095219	0.18569342784431112	-0.05412314661396647	0.0814396802581922	0.09943841360909898	-0.033257473946768215	-0.037029305924674155	0.11163597040779853	0.008952585277811384	0.0705911185969062	-0.09639241997586565	-0.014684851661646122	0.08255250058391013	0.02710693756940563	-0.01081231962241081	0.003571604650075685	-0.0168010405227984	-0.0007120680989046264	0.0180356319248477	-0.011200940423370394	-0.015128219816809325	0.008042794582429886	0.01983303092758675	-0.009678197321712734	0.02918812715723285	-0.004838039478530472	-0.007183040821237458	-0.0067105483224948635	0.0035035782639906035	-0.02951717624831272	0.02133972946905361	0.01804934258055976	0.030796884606199282	-0.004407491913352653	-0.013037402658408423	0.003501242866111357	-0.03409867647618068	-0.014743105904303291	0.009075009538505966	-0.01285560635180465	-0.011887453591884627	-0.04473164484056102	-0.0021119361253783098	-0.010471593400746021	0.012128159599696915	0.0001852703313799206	-0.0058149029435485364	-0.00498275734411415	-0.0016213049803143528	-0.0006401339975742799	0.0015083071026153693	0.0013961817154061946	0.010384655848576774	-0.006738179707984941	0.0009871345187501123	0.004643930866332986	-0.01201682211420385	0.0007923489558265421	0.0003827696332686712	0.0007960154512691718	0.0
2019.3.14.cow.oral.17	0.21040753783008934	0.06850986339418699	0.13431551756178015	-0.04322546769702262	0.1007267313485353	0.024084533878248868	0.13109149133022693	0.0659574036703834	-0.09887549225420762	0.017147106497313023	0.19216585390226434	-0.18269372241317816	-0.08874513831358416	0.10309574810642276	-0.10155772776529591	0.15225629262154525	-0.14461578236103453	0.10893055469970092	-0.09435614646688391	0.043293908134012155	0.054100144233912455	0.0029080296061789255	-0.1272983131811589	-0.03021355196852364	-0.06244252033122941	-0.0031321193684432196	-0.13450793293335134	-0.033675029907423173	0.003267218235900005	-0.007151317119801901	-0.006643699873004271	0.09548767191115563	-0.02242768078678678	-0.14234951014833794	0.027556702233640214	-0.06436660518693253	-0.07239636139699375	-0.10694738119925629	-0.037043446805347824	-0.058510344155334564	0.032884982717572855	-0.01522371452365269	0.023774487640273848	0.04029683675797799	0.049770593330123854	-0.00406258931967853	0.05253657499022075	0.03919885333703242	0.0043214149767212395	0.01807142857813899	-0.04947238743783271	0.0031479004377266873	0.022580531577138005	-0.03439125348880432	0.036523490210856005	0.002313559827712695	0.0070760590007693655	-0.004301447967942082	0.0029978154000327834	0.009232494880285089	-0.019205520796808203	-0.0010468533304918938	-0.000921357485583453	0.01755906624466551	0.024813019725775542	0.03117207240758453	0.003364160690453053	0.0015625186283279098	-0.0011076310033578476	0.02122661722291749	-0.007325960385434825	-0.005273901342401394	-0.0020054204127934014	-0.005524142987478014	-0.007210862288503792	-0.006823082207080542	-0.004564261839936879	-0.0010817557168068183	-0.002963034210551691	-0.00270572444207655	0.0027512970762455604	0.0006843894264245014	0.004324936243339956	0.0
2019.3.14.cow.oral.2	0.3718970828829571	0.014421533104557016	0.17731555681825675	-0.03480784724387858	0.018597945948579477	-0.0007173763573641844	0.058440674013008724	-0.009531700851565334	-0.30176395965514047	-0.05396684058519804	-0.09021440177182266	0.04710527938305665	0.008118365278693813	-0.021485786062012683	-0.0687532260190475	0.03813101208833867	0.03088198702325322	-0.005194105949094087	0.08932535230859054	0.08382897083789817	-0.06166776221325207	0.03338082742196732	0.029560117184119935	-0.11359204798327065	0.10993603939064	-0.12300963629356648	-0.004362051382386808	-0.004588883128440741	0.09451527473113933	-0.10442917631552204	-0.03235236734571962	0.08584299679296514	-0.13750262612604014	0.16498848854483442	-0.037884934368595934	-0.051627280676275034	0.016284571910638534	0.008237574151910128	-0.009813381454091621	0.008779085082373777	-0.1604406626029686	0.005039550448634427	-0.004078805694628879	0.07874733978492941	-0.005572660185976686	-0.017838715089081667	0.04298127227679685	0.011988284410985593	0.005269671896668502	0.0012199310552142935	0.022725362672412888	0.013380763152337286	0.04454210833358558	-0.00444731805558439	-0.026259211663523456	0.0016477168901191095	0.01766477653095965	-0.016765328453337138	0.008130808096470554	0.018713003869982255	0.019806216660277452	0.0005774794241577602	-0.005890484988644567	0.009244165687108645	0.016766575168131043	0.019180201013417737	0.01753221232257547	0.011318248568770405	0.008626754063137003	-0.005787095532059164	-0.0076187763293458196	0.00982825856846922	-0.0038221755392477403	0.0037236213304335346	-0.004102173036580999	-0.002922456518820798	-0.004946369061044093	-0.003098149642003976	0.0014683745097984543	0.0059393729639379295	-0.00027016571193986107	0.0010340063862170122	-0.00020922745427202352	0.0
2019.3.14.cow.oral.3	0.42183276749667	0.1475744561901335	0.08453566093794358	0.4705022503507021	-0.0659282756970839	0.11462881597908584	0.10006092338827025	-0.0667765102722917	0.08793302468161263	0.05987048864718143	-0.0031729170425207212	0.08939518855305548	-0.0818995689704021	0.08958998788182669	0.08233575958655842	-0.04313573451222457	-0.02795390568908622	0.01159828174119036	0.02713645070886187	0.0007340900483180644	-0.0014216998670945795	-0.048227279366470095	-0.010132677423460917	0.0009688258907422008	0.017131508308102707	-0.0003485171109492811	-0.030368013806764023	-0.01239762034280689	-0.00335868416484283	-0.007412284528627843	-0.022959753175413336	0.02825278422600114	-0.004851154057792799	0.011414599882976323	0.0047523864371901425	-0.003299779249370474	-0.005857514106486441	0.02059180773096983	0.010772023130981438	-0.008006891268758887	-0.002431445985725346	-0.003939344917860874	-0.007276053822556596	-0.009909733410249073	0.00714727421894618	-0.008532881934350903	-0.007955686010636398	-0.009487194980112502	-0.0027075045200503486	-0.0010791689440941795	0.008444069603196762	-0.005947224843603855	-0.002514267520751119	-0.013547431292287448	-0.006350040162803722	0.0068129771375635894	0.026200003911031416	0.001989516048051539	0.006610152190919057	0.0020245089443608863	-0.0011003135573157637	0.0015718425286479984	0.00313485923468075	-0.006737146216049966	0.01570081264362501	-0.0047598415988839805	0.0016913260303951562	-0.006681892879296258	0.009023567600290704	-0.00159049538596788	0.009102986448415161	-0.0093014456970582	-0.013514940016558492	0.003519231594269108	-0.0032308161928005508	0.06498092485728264	-0.06347311581845083	0.00827800335042079	0.0610021101855562	-0.15904105695813492	-0.0029665575624733447	0.005187628385353294	-0.0018052985220803174	0.0
2019.3.14.cow.oral.3.rep	0.4114075190611259	0.14961403851729158	0.08960082866714032	0.48442539530589046	-0.0675124931464435	0.10965212470458921	0.1314667874510431	-0.06108919121400216	0.0828896342732491	0.055083663698140835	-0.01341370690395413	0.09715206632679893	-0.09254393225486537	0.08608279415212104	0.07257420162828587	-0.02228580448864314	-0.012831381108535708	0.023533028740713488	0.02643910210473218	0.029754747993353908	-0.007049125402758376	-0.03250208846173596	-0.0032254667797397794	0.005416746127143568	0.03142982793801038	0.015794445119235313	-0.0014377934181071643	0.014785549550435375	-0.0007040155114932421	-0.006744546104083501	-0.0056560844142797525	0.019233581862311697	0.008759792737867922	-0.016271288890026308	-0.003385210669208455	-0.006645297701069757	0.012008448463526377	-0.0041131165340302644	0.004786371969049303	0.00035076914903633835	0.013819117744042065	-0.0006900455550878354	0.01064208835624768	0.004705846432821062	-0.0024329389615665225	-0.004672686694031867	-0.014181218786951862	0.017834735735030183	0.005622772613419991	0.004906111494137292	0.008644694888984164	0.009403341686337479	0.0008561588970975601	0.011398331269330545	-0.0021442438284241783	-0.009340496320944518	-0.012725974020526588	0.0034026598335169813	-0.005494873103021564	-0.007031585962289215	0.003365140019271477	-0.004721696539747904	0.004159076549156066	-0.005421765606281901	-0.018069940011794166	-0.0009630394695123826	-0.0018330891236360157	0.010773396507561286	-0.024046088195694745	0.0011667850029769501	-0.009096752704776575	0.012684683117679691	0.01489453924054532	-0.0044216486148763	-0.0007294954959766614	-0.0654121762858287	0.06773715075554869	-0.008295108433803678	-0.05939165897333084	0.15326228440998435	0.002023740384469971	-0.0052284138773910005	0.0012061655995297467	0.0
2019.3.14.cow.oral.9	0.25328288557714995	-0.05902675357610245	0.0644393722747484	-0.05796986296263659	0.011869556976386251	-0.019726837306783693	0.20804608033566122	-0.028478399457715492	-0.1324756755469713	-0.09352864281777684	-0.02126927882485395	-0.21060907219771174	-0.003664441912079662	-0.06379370896827195	0.27670954225175304	-0.025997294068353646	0.10537267590553114	-0.31436049591922155	-0.022311376650772517	0.0812520995586469	-0.032176050552672475	0.040757339747164	0.037606431574512614	0.027269309317750335	-0.039184723188658746	0.13420330268135286	-0.11763586900633118	0.02664989481928247	-0.05009999266251346	0.032175365100066106	-0.03557660094660618	0.03382960867246706	0.012000793727499584	-0.01194403389982283	0.03487490482776708	0.00696204618611361	0.06187383998968723	0.015562211927660052	-0.008397858468464258	-0.003820520464031638	0.009721161943047453	0.002798531836939096	0.025489703782629856	-0.007868271470305725	0.008407317065458698	-0.00615989534752922	-0.024775451883980774	0.004253313259297235	-0.011445491821227966	0.014096101985314542	0.00031515597824583044	0.01750441300358131	-0.01600649337213563	-0.004759863086427411	0.02799368932055196	0.006178945714872917	-0.009419804740874515	-0.00486381103179778	-0.013760144417068772	0.004709491140300484	-0.0008359679676957781	0.004852259685439968	0.0020338062786409367	-0.0004548669498499809	-0.0015908202600940602	-0.00046835581725895674	0.006963285852053778	-0.011973480804718183	0.008150714575035398	0.003949964723876854	0.01199257892563349	0.0036825163284485056	-0.003916525551595533	-0.004449913157595304	0.0018229201368641763	0.0025787142899623494	0.0024760533324439176	-0.002764177237367927	-0.0007863225691029796	-0.0011854850370885551	0.004516085746104988	-0.001456752350456224	0.0002913544489770846	0.0
2019.3.14.cow.skin.rump.1	-0.13132195299491148	-0.2084297684452217	-0.05408245163365614	0.0731269563152645	-0.009932380802521458	-0.013046815150869773	-0.10038531375162851	0.026231954381261424	-0.053507334325189476	-0.019975298400616803	-0.005455579959143637	-0.02514760410713014	0.0090730385816758	0.04238149822807019	0.05158921422191475	0.05802867304779712	-0.02847581561994972	-0.0019084053633976678	0.015683734631032474	0.019269627776276686	0.008245982287735659	0.020185594993294833	0.027128116005703994	-0.021065272368339653	0.011074792525004177	-0.008823735711853017	-0.011936652054751931	-0.002629685620396744	0.003163009497064506	0.06153540961326174	0.01750940011891088	0.01568485648476244	0.024545042360636444	-0.02641846050231765	-0.055791804155352405	0.0152443048468756	-0.04900603524780628	-0.008888569145148533	0.014220862037504394	0.05809542335871893	-0.08764176946700121	-0.00990337104423629	0.03013919287030402	0.03926782599893417	0.05475952110155362	-0.03939422675232423	-0.01400921401168508	0.010801752469965469	0.038511066534721416	0.010603244180841537	0.0036661279635927346	-0.06423345998179397	0.06320129151946167	0.0075938621675023825	0.018328972388056	0.022373552587263205	0.001528106103169238	0.09162692693385945	0.0008304704280446941	0.030528126808834374	0.05702647926815298	-0.007338314113948712	-0.040663134956347886	-0.021352261287345596	-0.08905839435643698	-0.09013633095920034	-0.12533502636073654	-0.15348554597029954	-0.1258445328200577	0.04356411233628015	0.011711629491470683	-0.06899230421244945	-0.022708006003229586	-0.002600990238610837	0.0005521056295024239	0.0023988122724539086	0.0014906109218752403	-0.0032631166661311376	0.017014335859579916	0.0030975481626283876	0.02291723416226445	0.0025556469816290185	0.0021004408836592797	0.0
2019.3.14.cow.skin.rump.10	-0.09442497829357122	-0.21265214187509296	-0.040005205890994044	0.09091763523128826	0.04797590160644082	-0.009074364290611545	-0.07871964104608366	0.00555562149497	-0.08416882763532996	-0.008295950436108758	0.01903017266214597	0.002100005504538434	0.0211184724236047	0.03704083792373065	0.019910956036179685	-0.006115668457615755	0.01181017199956674	-0.027683044690599044	-0.08004636538346314	0.007266359935492651	-0.02397079667453014	-0.019305365872135053	0.014284454102477433	0.004356638442360716	-0.06621206452283844	0.0010024690549925413	0.030828886725299143	0.014303834491343379	-0.008526105490683625	-0.05958176456483084	0.008298372759111808	0.029372396584811597	0.024441802322853236	-0.046869527471158315	-0.00795265846538529	-0.01958119322507602	-0.03863629141175303	-0.000387083171930801	-0.026581668016754857	0.05605908024057152	0.002901129086749973	0.01184908172842845	-0.07299355052323629	0.06781536649639884	-0.09769740684114127	0.12043385762574456	-0.009119364780933678	-0.03612664593357609	-0.0020937638630163027	-0.0985469142017931	0.06917465332846683	0.06926858615461443	0.1129538022036547	0.08394654280166146	0.058555390434612345	-0.009938080434696154	0.0860582612553648	0.014639993806616037	0.05915355483573219	0.010799663056921201	-0.104565212911581	0.08050830659348078	0.12361546517158416	0.0090527753311866	-0.025821075595470977	-0.02516862306327106	-0.04724699311075179	0.0716043208441844	-0.03404209760870259	0.02849021718337345	0.03171261228826995	0.03361209487638767	0.025984890800760628	-0.01930188667779542	0.02729473866998611	0.018404542108294182	-0.00035297594663100514	0.01110692016485699	-0.010906107091515982	-0.004421087278873992	0.02476350101078774	-0.003642860035413905	-0.0011356913286626896	0.0
2019.3.14.cow.skin.rump.11	-0.053575643907223615	-0.23868417352946666	-0.04546586639953259	0.08309200739848227	0.028561232602092687	-0.051777728611076074	-0.05456970188256433	0.0061527039405280875	0.002530549255281705	-0.03455658176241193	-0.07022126157787502	3.605995846487307e-05	0.011179584216982626	0.02217830908729661	-0.0706600985848341	-0.029263240492194958	0.03279351035837437	-0.0007686916131057641	-0.05429397168670206	0.006158851128294442	0.018734414907857044	0.015713135647933134	-0.022270257176562783	0.00480833691930575	0.06949176185439045	0.0488070913320293	-0.008250091734316298	-0.02056777088491377	-0.004908603148491947	0.09385412076286748	0.03734210583920872	-0.015114942494626284	-0.05140225458629447	0.021277005989992256	0.02947862106862146	-0.011530907761343455	0.1258431755724711	-0.08567201391292521	-0.015993275417613043	-0.011168773296456594	0.04985493158313177	0.024265961982087473	-0.06756865279755318	-0.01628828274019313	0.0318511648473389	-0.07526315747399777	0.07501612312399127	-0.04631647308810861	-0.020589340571658725	0.12778417709799023	-0.023242128970342786	-0.0040264258862855425	0.13068798118681166	-0.03999372282332329	0.015487793354358055	-0.08642018549018843	-0.019747127967388776	-0.014070326843798758	-0.018893352975636775	-0.0026711680418006977	0.03747442410869652	0.0146645239205643	0.08415168541609465	-0.18853031708881482	0.026161022325436475	-0.016930856151697975	0.010758683553760213	0.014085661974519803	0.018636430177917183	0.05031717772891405	-0.01790075390741501	0.02764655288372185	-3.56152572349721e-05	-0.015792561318958426	0.009028607001259677	-0.0007938014010672463	0.007546280755034156	0.027259976219868285	0.021376159664361717	0.0006432557455271284	-0.0037680991152854127	-0.003223322412381559	-0.007585440906665667	0.0
2019.3.14.cow.skin.rump.12	-0.03487403765429526	-0.22222273259869915	-0.037803059196679686	0.07446430501660754	0.03687301399360825	-0.007918578236855725	-0.057949598239986286	0.004098002926645748	-0.0701807543653089	0.016530749934153727	0.0027100617062162094	-0.037824137212829484	0.008454464278710733	0.047139643059552594	-0.029802484880488637	-0.030640067377041686	-0.06368773199074573	-0.03904653981167849	-0.1097094459206637	-0.010595520144987838	-0.03365402209769298	0.01936068707827931	0.050194914976469884	0.08695664418684239	-0.036136068083345206	0.04623313716198314	0.08924883946558161	-0.008274039594353043	-0.0299373107281171	-0.14511375484612504	-0.052896468229555314	-0.006787639242925746	0.09751108145005616	0.06037794220601783	-0.09645441968579356	0.011284314658019092	-0.07658145181633894	0.03070761047430909	0.1702807019839522	-0.12655580300045516	-0.02813668767496945	0.03352770734706675	-0.1137207336845196	0.062335990780649594	0.03494367545084905	0.00508911997975744	-0.0102954601824471	0.07140151580782021	-0.02829612231880296	0.09483885960568944	0.04658596153547201	-0.03196031614701647	-0.07105820418012745	-0.07759992158113797	0.06340945890945528	-0.033887942497737605	-0.006003177183967718	-0.022399671284117326	0.02917188424090934	-0.053292610607675636	0.02660823121239731	-0.04932976866958476	0.05242813836861784	0.027330758289475336	0.04019115141752878	0.015597081227211892	0.013113872306235144	-0.04020659074487808	0.025480479515153386	0.03792687748696742	0.012235888246337	-0.016496658423610512	-0.0037202252745190158	0.003057470394138968	0.00281473131659916	-0.01329839703671534	-0.00021884705280602056	-0.0052472608265370264	0.009668565763609726	0.008565096082314493	-0.010065577386230257	-0.01005106477827078	-0.000499124532078316	0.0
2019.3.14.cow.skin.rump.13	0.08195040755913124	-0.2680240078718658	-0.0006649351235700542	-0.03977899301191534	0.026380552702213872	-0.027695557700518507	0.033521077052577106	-0.020535473088528104	0.04169175071764565	-0.028655151671147926	0.02157712305872653	-0.03574465773952629	-0.03342875223409535	-0.027196558197915843	-0.053376862017051975	-0.066352537339935	-0.020631443755395388	0.06553215113389946	-0.007186691308878945	0.018050347216774097	0.0019395933890610448	-0.0027447633740795992	-0.05205635342277332	-0.030780952516177375	0.023896838477077877	0.09389078169706763	0.04941639448557873	0.015254142761322687	-0.1603761852967349	0.05652983093829727	-0.0036953428157373465	0.04470027236481514	-0.1425794849840894	0.08137007775323	0.06389419359698616	0.018842676727203383	0.022985226277243	-0.028473820994291184	0.07679502613255931	0.004578812240879668	0.07993594612193164	0.11272345897388268	-0.08806713377771089	0.030542320162592406	0.04690658436530271	-0.0014687924505564207	-0.04589555395362311	0.11009246346796815	-0.044302421358930935	-0.04798344502720321	0.09993601099592209	0.06356005967647732	0.01634037616154962	0.05594319703460056	-0.052429434011184224	0.03132774910032732	0.027589144440509375	0.10106724575581663	0.03393779507775057	-0.008514621265989253	-0.05704863009332226	-0.02557734626714676	-0.10469121837547125	-0.02426768425882726	-0.0074828143350278795	0.01965452524402541	0.030349227077727015	-0.014443228902413466	-0.034313841621301376	-0.03926043641974975	-0.028142617976236853	-0.0105832300051397	0.0150542267793657	0.017994409167805106	-0.009511850772719311	-0.012119159817513448	-0.022955099504408074	-0.02167148148972323	-0.006829525989345916	-0.004277153580347053	0.0007406682452896257	-0.00529796555804727	0.005812203524489844	0.0
2019.3.14.cow.skin.rump.14	0.01310692429606078	-0.24543664386928174	-0.020374946082090176	0.011573146930912968	0.005025114899683776	-0.01986872553440403	-0.0037307301551046832	-0.010750940009777133	-0.02717711354566148	0.0014037208442086774	0.001972503184806458	-0.0004907324911372096	0.012868322391744248	-0.016529222268394303	-0.030881907650007544	-0.04142869214967173	0.013200390126505802	0.030320313467714976	0.02834027582515418	-0.019933178429933633	0.05223588036517503	-0.046882904642505725	0.058909018386579116	-0.017256435315579088	0.07183981194513625	-0.03122641850020626	-0.025422448872447736	0.01567370675682866	-0.13026900969421887	-0.04725382937012941	-0.10511269374734823	-0.07582011050851385	0.019572323373438165	0.048477599395750984	0.17519535237773612	-0.0649449539497925	0.009387808565110942	0.011978319564385772	0.051781543943974724	-0.17688115651684472	0.026846391068036404	0.01272886515446723	0.1640615488036504	-0.03330749881963094	-0.056608166892143034	0.021441597782961737	0.13404554256376566	0.012166432091205107	-0.028531587370119002	-0.018653225041384905	-0.03288400837786227	-0.09001104984654869	0.010971087342232714	0.07821698666181177	0.00031967148628352045	-0.007837049081712946	0.059399201002836674	0.0037395967721754377	-0.05424503067979512	-0.03062477038158756	-0.0031489311901476496	0.011429297872497416	0.02465241164449009	0.01379132227674045	-0.014136503132985988	0.024601516125597564	-0.07039042766666187	-0.00032587295175979175	-0.009438550810077101	-0.018868338738499114	0.04545691279214898	-0.010050318864575806	-0.023055811644520325	0.024286249805864798	0.002206966474156372	0.005486194886968631	0.018498074744790514	0.009431014346706481	0.001980007592358449	0.003055228264673804	0.014582799970554667	0.0041464009996911915	0.005363307255882612	0.0
2019.3.14.cow.skin.rump.15	-0.0633107694712779	-0.25856449436138224	-0.03340238679611726	0.034418308031573336	0.011075929547358964	-7.759807442311398e-05	-0.0358008905481581	-0.0035711551034102768	-0.0005297012993140642	0.01239801675821083	-0.022246062611361476	-0.017316419968040578	0.009731690985570475	-0.009433159257513748	-0.00778975865531441	-0.06661997273650033	0.020957356944507177	-0.020508854062613043	0.0003721333682115623	0.040023483021112485	0.012482951550261325	-0.020977148616906922	0.02577501760854163	0.060070861428288866	-0.018839618273476626	-0.026920161801410887	0.013124352614011616	0.0007268466690679884	0.029794427097081824	-0.03134636306669299	0.0005041068616982406	0.03189746782665658	0.00318824455275093	-0.008822602649092962	-0.06722274067733162	0.012990065306471581	0.002163964346448008	0.016733007344688442	-0.035498816939052005	-0.04950548301671322	0.06382560928707495	-0.08736579492114172	0.01774098518900626	0.047341943365088394	-0.046115511855308905	-0.029149819187964835	0.007332084380924546	-0.016801027405867155	0.13029510207967204	0.05036465705846736	0.010817794488001945	-0.049751339382075856	0.06740602436487658	-0.03857365870694759	-0.003735536219817453	-0.05255846496849131	-0.004598160756978973	-0.05487893971595691	-0.03829938881916909	0.04243848135086625	-0.14281424092312928	-0.12435663984357516	-0.12444160917518152	-0.011714014962884703	-0.1219454446394765	0.034603700549585906	-0.005666375485077011	0.06905692955859218	0.02422716776799653	0.016583923162289016	-0.0005340901581739229	-0.011799774623977152	0.0185376211727244	0.0032004767413620666	-0.06626323391523296	0.0038257657801430566	-0.015269783550904066	-0.018036952191343176	-0.03613665206644776	-0.01724112384772368	0.011352369988887789	-0.005710529052342801	0.0009915089716669176	0.0
2019.3.14.cow.skin.rump.16	-0.026801953157968492	-0.23778424794495753	-0.007862721097132491	0.05361212697888555	0.0692443074385806	0.011916292801281389	-0.015476951352513443	-0.03247005008222385	-0.04216637493243282	-0.003980695733686232	0.03071406538881231	0.03237537745717307	0.06603070093355386	0.06068660097547234	-0.07307210154539708	-0.05920628626652803	0.05447558763713589	-0.00822679208942249	0.0319703685843389	0.03374196252617796	-0.037468660674804664	0.002082408071399861	0.05119651096454745	-0.04991067353623589	0.0312143944282607	-0.03544383384676183	-0.019114484594202612	-0.025989730541200774	0.02951533396579568	0.014195483565281972	0.11862647157904742	-0.0017675157601279362	0.0011680386064554294	0.04156639340243454	0.04390549068721024	-0.03002956939364794	0.08104359077414028	0.03634610087810754	-0.0455075294644227	-0.031768439700059145	0.09316974433334754	-0.029254691093165936	-0.03779711483955319	-0.06580657839296745	0.08048753795597974	0.05042284560785807	0.010505607906280238	0.014904154348368519	-0.0762872369646546	-0.08194323016242765	-0.07635525428682526	0.0914598970644531	-0.09467524674943809	-0.14933722591427212	0.07127329931418866	-0.007769045344253512	0.004503670446357868	-0.023801270334411345	0.04606156033668261	0.0673532209364859	-0.04634796179475474	-0.03321998348611705	-0.0361763103799695	0.04248999919463228	0.0573826884666903	-0.07110834824655694	-0.12160179810278407	0.005414451409543736	0.003853597055420209	-0.005053082787571186	-0.0027729828216553486	-0.009356724108307955	-0.026740557266993172	-0.009947711860590892	-0.008667596672218628	-0.0037885973853501505	0.011195262170147368	0.007255302055889937	-4.2153997973177446e-05	0.005945548457043234	0.022469602388069772	-0.0028528259271493476	0.001892356331705685	0.0
2019.3.14.cow.skin.rump.18	-0.11402171774274975	-0.18858536921715174	-0.035843002612606846	0.09990494887187996	0.019098817610716814	-0.026920004355985974	-0.09742531280804384	0.005237138584369234	-0.07571623544868102	-0.02342536682775597	0.0029392383780027305	-0.003916792108527324	0.008337339438800447	0.04050548490711419	-0.0297600183234471	-0.0009702353887789873	-0.06789384478536728	-0.026851724112267383	-0.0840691094263651	0.0011556331839050625	-0.02960397797078812	0.013710877882546322	0.01674193523725176	0.07313054217697319	-0.01049217196610838	0.028833416981252396	0.01882676551684702	-0.0027333871564699432	-0.031810222623326376	-0.029188285329070744	-0.04710805205962275	0.02455656201489045	-0.008292779971916318	0.016051870815336183	-0.024381477519861153	0.01949082079220797	-0.06927539873611342	-0.037561002757061805	-0.06097012555458903	0.03731351154540964	-0.03732158818839945	0.036615833669628166	0.032154568298010555	-0.04177461298682842	0.03831961098388223	-0.054734292611915855	0.0507974093542498	-0.021853831024210808	-9.856340523355323e-05	-0.029629520177467804	-0.015339607701053647	0.005649502296676172	-0.12673595799447118	0.06451191499862045	0.0412362337749802	-0.012533685034646145	0.047077795830393294	-0.043325814425176676	-0.10191096737483715	0.026692180417051736	0.08038113914012476	0.02679727177975217	-0.10314957262425788	-0.03439523004025444	0.025426025980679192	-0.13295935199370276	0.07172560368929258	0.10873951912971652	-0.07369155433581276	-0.02366492216340351	0.007820396222218008	0.055146333980502955	0.015838246359131312	-0.015929677611051636	0.012675133836951794	0.015983623620875617	-0.009520194145787416	-0.003478726578256901	-0.04164903089247247	-0.012340304424736626	-0.002345580472727573	-0.01049011673340429	-0.010611705049689859	0.0
2019.3.14.cow.skin.rump.19	-0.10949231186561129	-0.22293614466759537	-0.04932794514929731	0.06440904375951112	-0.008154553944463093	-0.01207637989412437	-0.08750806327257739	0.025281635426063365	-0.046974181076837186	0.01023751664756591	0.01941752666962595	-0.005985881624698711	0.024856748126712104	0.05002420725091271	-0.01585181366908879	0.011207289755675202	-0.006173276466085137	-0.015368913076578781	-0.009044118487247413	-0.0017619721488318614	-0.0016473769177887036	0.044199247373464715	0.019443406247378975	0.01154026707921524	0.007064024896747932	0.015617821068261876	-0.0543864496643459	0.011540349354571952	-0.009665151858360928	-0.004627958189891446	0.03475275858892158	0.057565272051704655	0.03857932490975408	0.008462449718027999	-0.06010669119551704	-0.06302663021773264	0.04441473337837362	0.039857208354781674	0.005446376389013114	-0.011013968985363833	0.02118514360482842	0.0024990374419702737	0.025320271629286992	-0.004193060043369923	0.022273938535831955	-0.08439099607249807	-0.08525195129966869	-0.035763774601030286	0.0873048501061578	-0.016116617354895085	0.011699088109427743	-0.05079114725749603	0.01753422434813834	0.018916795634348026	-0.03513155023328856	0.03367511037228893	-0.15918483950917114	0.04622785925408349	0.019071693847278456	-0.09990562849400121	0.015930774087428625	0.05783453979663384	-0.013173833477873872	0.0257359963066688	0.1019000715519947	0.09710732263525718	-0.09038745238132458	0.12032993067219781	-0.061133281680128486	-0.07510652375605309	-0.02011998779275877	0.0027822863445001508	0.007352454405429721	0.0048516320241814535	0.015408151606833932	-0.0008273116441148735	-0.006358270287301925	0.01907579451855481	0.016315371097212702	-0.0025367150918154083	0.002693258422344691	0.028983406993524932	0.010519119138937423	0.0
2019.3.14.cow.skin.rump.2	-0.09624263484633089	-0.22528804731209193	-0.03109208865823953	0.1162854951031527	0.022012606210998056	-0.009642894818542266	-0.0804045989549981	0.011175754908202445	-0.06783887801111765	0.005515689543982505	-0.003932678011329675	-0.00042830745070145934	0.0027978437897529106	0.03588473600317299	-0.03880795267468745	-0.039803423546742246	-0.04122628929127122	-0.06666469914588549	-0.02939188801697147	-0.018341088727123447	-0.025201739606407366	-0.027300050145428214	0.051868167221681395	0.03798412632173037	-0.012155001004510618	0.007303477474665013	0.003983786072599382	-0.015450598287970232	0.031060012030818814	0.007584524135011802	-0.0226472278745803	-0.005581768581332393	0.05134530760982891	-0.06753079268461924	-0.030684008897629688	0.015554305617859584	-0.02444520612139	-0.04309778896871586	-0.022233150720418406	0.045811577639239945	-0.03915260555936522	-0.03732288816172402	0.029116136087464196	0.0036159204420243567	0.0688733084895806	-0.016411386735261237	0.018264810333668627	-0.06478928951264255	-0.07007671288487274	-0.009630413587839856	0.014598871328255197	-0.020371672265976717	0.012712397532052652	0.10069534138315317	-0.0478206892872747	0.0042565132108882695	0.053069087651639944	-0.04480939901516988	0.03397228381662462	0.026729967018600368	-0.06971684293566956	0.09106998986997535	-0.09071910938303329	-0.018609243740132442	0.04055039044279944	0.039020739992404976	-0.014176553584244756	-0.09149019359198848	0.16418314232305709	-0.073837657299481	-0.08017893584670543	-0.026418616882831026	-0.033906203805371585	0.006258358202872998	0.02215559324156583	-0.02024544902537173	0.005215424718991246	0.000878597466283395	0.028331935910065897	0.02255915728006317	-0.019750548872113412	-0.004174583763293816	0.0038406340998076846	0.0
2019.3.14.cow.skin.rump.20	-0.059825409878733526	-0.2262990535010565	-0.02529126585749193	0.0033604648522366242	-0.05598416288564643	0.030702753320582424	-0.005176782224054529	-0.004287282256720844	-0.02191697183182912	-0.0022292472471204107	0.05088985029126041	0.050656560477283154	0.03422744453950638	0.02093910653678386	-0.03865157196143725	-0.026206048253860387	-0.0002563060481528376	0.011674092350135735	-0.02634441879990427	-0.005342518698209836	0.0036579211490197234	0.03459683088002949	0.10490057264783935	-0.062106020174721076	0.04172354691815056	-0.02746867866304234	-0.03322028900380059	-0.009797327599414693	0.10024829710221286	-0.0020988323933522762	-0.013214410574157625	-0.026709512271278348	0.11691714392502063	-0.025877778417253798	0.0194761913930022	0.04738578387247323	0.061122961181704016	0.08285701892432422	0.09945185220665577	-0.0031495202599119013	0.043641182915933274	0.03809464733865674	0.1031474583662516	0.029679041528825105	0.029288988444453934	-0.08276804943358636	-0.059436324590588105	0.06938042643126636	0.020780412127153633	-0.053036892809214684	-0.14241262498608495	0.05933089763552151	0.08531029667376036	0.014243062991261489	0.06027957821071349	0.06538872858621998	0.01605419689046051	0.07545701632372633	-0.015334288855041376	0.03617997902138589	-0.011180279407890549	0.03897759072433608	0.010744608333288014	0.020805317231696156	0.005972237579852665	0.009230244783252814	0.1406790374293308	-0.01623391202306491	0.009332377999094968	0.06208179945185177	-0.03007625346936393	0.016140722320489045	0.04832148644482063	-0.01384699592613913	-0.012232014861971514	-0.01159737886659927	-0.030444375635936795	-0.0166261426184666	-0.014220715886515738	-0.006560407889859701	-0.0019220339037441052	0.004887524459238277	-0.0055955334109615736	0.0
2019.3.14.cow.skin.rump.3	0.09342688866900613	-0.23190072850705604	0.00795627749891543	-0.03576763238827519	0.01975755652811104	0.050475563247025415	0.08105120320345865	-0.09393624189189835	0.06921403210355896	-0.07723530705708073	-0.055747874191200524	0.02168578849232527	-0.046016048533529134	-0.028256094555869513	-0.1609599893883442	-0.07206810702582614	0.10927844464305378	-0.0691872556870321	-0.06214982340757597	-0.0440883996570465	0.009497504627205035	-0.017746290799469933	-0.02475670029102094	0.019985711103689477	0.033405227006130626	-0.02842651675264072	-0.10218580482268093	0.020612262960614993	0.19136303326555734	0.08206442686952518	0.06029006983556936	-0.11696782152414757	-0.059029317579998936	-0.14638521771595972	0.06840264269784539	-0.13195836512558404	-0.10218644393434065	0.043198044591304385	0.08075637809878843	-0.02885305832543942	-0.09934242038400386	0.04321450853253565	-0.044057236124583246	-0.04044671989501304	-0.045591078134975725	0.0044606448165889654	-0.05664771412660485	0.03825100904967783	0.0287788461095308	0.0703178942067698	0.07773882001649311	0.012025008316124611	-0.0439017346751757	0.01805002457433676	-0.0030667063973176343	0.027090810234071387	0.011374724942184819	0.007744250427855969	-0.04489386661204687	-0.0060916881247871655	-0.019505029727407742	0.0030792800794828116	-0.012793827208243402	0.0021526582631403676	0.006987347141796198	-0.017614641242565152	-0.011942821585609142	0.010766405111028183	-0.011955009773141666	-0.01416239577092653	0.008611428779008029	-0.0034836423618830243	0.0005640153458838068	-0.022252518952693118	0.001218531202495161	0.01474370769937045	0.015691850170407827	-0.009414405209881066	0.00017203231192871332	-0.0018835739320566295	-0.004095657027571827	-0.007048000166218072	-0.005908117982332124	0.0
2019.3.14.cow.skin.rump.4	-0.03631257204210815	-0.255281121188973	-0.03819241010920675	0.04044596361096909	-0.016268823492902748	0.016702650241400184	-0.02230183992440854	-0.04103201037926342	-0.012783853552685442	-0.025580013670667104	-0.01575168996417301	0.013787573649826999	0.025287649551131816	0.021153328872491262	-0.03858744962076056	-0.03341619288897024	0.01123947283046918	-0.03338503619608546	-0.05794082904277365	0.023766358102120362	-0.01822078030196881	-0.00347226791295005	0.0013097045275296745	0.04637676555982896	-0.0015258695332428164	-0.01114694453287109	-0.05768379664757683	-0.028868495983202076	0.05450738127087838	-0.008505129610026833	0.14162291898632334	0.03646031484960672	-0.06345069509275153	-0.035646004506156806	0.005760318980302851	0.06423608097491271	0.04218881340204351	0.03423955188367778	-0.13342155465275266	-0.04276110181680073	0.12417931039738259	0.028403067177711384	-0.02981341749255028	0.038209483723553705	-0.06562387258857343	0.04687506441654113	0.022318621598319762	0.009791973985906163	0.016535245627330757	-0.03236368412826584	0.019637677109993326	-0.055007314183285784	0.025231505820740793	-0.0020826481852680126	-0.08164562904362012	-0.045930617679692747	0.07579293154538459	-0.024101878601812853	0.01808458754469742	-0.09417849408801715	0.18183094155875942	0.011870410643200715	-0.007298577708771412	0.1221903157585273	-0.04157849500617466	0.010916941333733695	0.04734899712874401	-0.04707387065227626	0.006723259010835799	0.017671308283589215	-0.014884625695200963	-0.003491617937488402	0.0023661584583091672	0.025365430057598802	0.0025998663484339407	-0.017631626189467252	-0.01254012050915149	-0.01028318894278765	0.005214205291668084	-0.0010616965751266848	-0.015384765184236537	0.00982199713336011	0.0026838909921783243	0.0
2019.3.14.cow.skin.rump.5	-0.015777047795930668	-0.21110165650335602	0.009534386174116049	-0.03133734963655317	0.03419710946530174	0.031909696986575004	0.021311026842484437	0.014729028826997444	0.03709892288562239	0.03236433605578347	0.026269750198394434	0.002513158060525226	0.016619479101475643	-0.022278878477216837	0.029893837215290864	0.038454769033287	0.0002158994783217734	0.04155676577885994	0.12101798928895377	0.008286021842767445	-0.02304771258083052	0.028441013533798364	-0.11940227479730924	0.01703901865356391	-0.020655173213330186	-0.03543815321048337	-0.04283849151583662	-0.11101196885691697	-0.03908020466276029	-0.08292529809835676	0.11303427850422226	0.047854641791926396	0.08760193842703413	0.11224556117082161	-0.041158871247615796	-0.05940291235784882	-0.015551899560943034	-0.03973685280106954	-0.014983162888356025	-0.08762184197468884	0.0010118170426152006	0.08463613170641482	0.03257069829986493	-0.10114033807154696	-0.028859239140350768	0.028547483373494015	-0.10278234914912117	-0.12630924348843336	-0.08370866428290057	0.1124627924719363	0.022726260371397092	0.09867791291255544	0.03791885900425362	0.0402690208307413	0.01787185669579689	0.04937557013909702	-0.033697233389598354	-0.015283527756281987	-0.07936108856815093	-0.01066133798630048	-0.01566234956632352	0.02839522340143771	-0.022890936238398017	0.03482363821378361	-0.07358833849422082	-0.026142039251102936	0.027741832951986897	-0.025272832523070856	0.011144714977708843	0.017398869965360164	-0.00296369690877592	-0.02446046285204031	0.021199981264595245	-0.003479837848597063	0.029011679334135444	0.011516743706663156	0.003975804573540464	0.02113494708447855	0.0029840232233736405	0.003666599483424696	-0.00875431599666812	-0.003957528561906921	-0.0002845506623728427	0.0
2019.3.14.cow.skin.rump.6	-0.09430188755786921	-0.2076035064916843	-0.016118510219206548	0.08628061276536841	0.06419988183248021	-0.014263034632117009	-0.05059574989489286	0.0014657722846831188	-0.022623021562343193	0.013153495571472421	0.01540693679865412	0.03825931734682787	-0.00016069960934243	0.030356133338651777	-0.06276801427040576	0.02905923570883768	-0.02022651935230087	-0.01853313681108589	0.034394808309278116	-0.010851668802719703	-0.010507040075042684	0.020328553655904993	-0.03649730535381658	-0.04253744304609883	0.022759336370537158	0.007994078511073663	-0.0670673212871428	0.04831913689191516	-0.040065267939803084	0.06766341623412958	-0.08009564084767672	-0.04313922002511543	-0.05281142403895461	0.04030328438404401	-0.0019839954514466645	0.0640921452397855	0.01465258263046819	-0.03948366406150854	-0.050633638764017705	0.12242569044589714	-0.04404187356492313	-0.00030670332405061985	-0.06397190819663372	-0.05647757255880102	0.01575811083464334	0.037129703107964034	-0.017281533322161764	0.0037915278222570136	0.032581221715165025	0.045082374731415374	-0.07016397616042118	0.0017500803840406485	-0.09402173913922536	0.06395210166003001	0.1260776122115781	-0.022893437083524135	-0.013193133422289787	0.11600753601172883	-0.031288394949386025	-0.0025794116565443057	0.04339561186300195	-0.06125607624118048	0.04904771924757574	0.06538101416873611	-0.09913323724687662	0.10281521146568928	-0.015737763956657484	0.04810793008731074	0.10233285506308124	0.01269240952448725	0.02704281212218312	-0.02491474380180153	-0.021182308409216977	-0.016729349811830784	0.024119698400794743	-0.0035876436188917514	-0.007647972239804823	0.002228548674394726	-0.009400004906176842	-0.002727981198100985	-0.008930771745639554	0.0019129694918853337	0.010927290787841064	0.0
2019.3.14.cow.skin.rump.7	0.12781625922103662	-0.179857063376072	0.04533234100572573	-0.08079587946531586	0.043314369001495046	0.04304901555309759	0.10107139679309059	-0.09233976164156944	-0.004685639191683187	-0.0565191176062789	0.031231050719687254	-0.10025565761149773	-0.10424436138620165	-0.08966954038266471	-0.0729764978470728	-0.10643065479498451	0.021875738853143305	0.1326526261013688	-0.12076204138722108	0.021617147824665818	0.06402174511431913	-0.22049881303400948	-0.03147013668370877	-0.05654689416388755	0.03769440794259561	-0.0033019659610499246	-0.024567959207125987	0.0029057377910031014	-0.06176038221774428	-0.06315884433166245	-0.032878262516078914	-0.08141610851952054	0.13662118833696016	0.056368371993253605	-0.0022823221697973275	0.08390578315554946	0.09215975894950584	-0.04466094268737595	-0.04679654473131011	0.0807620845501173	-0.06864920500769317	0.04186929944728987	0.0415984615109083	0.024802803626601335	-0.016377453499738792	-0.022555769504175413	-0.07843230971771104	-0.03382760316045306	0.11600668114701883	-0.023742196898552722	0.03677722174879778	0.037110482719443436	-0.03570582316341327	-0.04470695333634113	-0.014095333532390673	-0.018622015143172074	-0.03057344028938309	-0.06445170142553176	0.05058985076296732	0.013589740207173677	0.03801223821224507	0.028020860990710175	0.013743084792969923	-0.00900883379674176	-0.011753507293583711	-0.029784207231766963	-0.015134993454768722	-0.01716766930272117	0.009982462126477768	-0.011148821411721428	0.015684223660855954	-0.006632022831470157	-0.01468662639080609	0.004725177095340649	0.001467913230864207	0.0021579115326253624	0.004778906711677374	-0.003739342235435291	0.002566394220359359	-0.00018980386616112313	-0.004000557586072127	9.426740052618211e-05	0.006347681190677607	0.0
2019.3.14.cow.skin.rump.8	-0.11885022254835259	-0.1650965104611964	-0.049249207424357365	0.12253649953130206	-0.022221239247396794	-0.04737940517973081	-0.11127225977382993	0.04045499946254437	-0.11285554085810012	-0.017848639129196535	-0.00726697393890905	-0.017527070088222532	-0.008735503896176517	0.039623361962770054	0.01753027749848839	-0.006463315630536843	0.01905030872251082	0.008804294604673413	-0.0007537753209569972	-0.029477682568850562	0.019065642821775742	0.007329699706121351	0.014849007360721752	-0.005288665236208798	-0.02165011531764029	0.01176703496593947	0.002929318967752169	0.048534232230536906	-0.00853091729584479	0.06537482245485392	-0.0925579822113646	-0.058599078943092006	0.009051418677938995	-0.04757318406804652	0.05004764359577745	-0.03334009181625561	-0.0357479440847271	-0.09345256974176656	0.0029274721877296625	-0.005027597050874349	-0.06195231323938047	-0.005581267872179963	-0.005325755126088828	-0.06957809910255347	-0.00492512112992816	-0.044685738136892396	0.01855089704994376	-0.02397789964796483	-0.12855959896192282	-0.02810847234755489	0.012720334445733922	0.013351426048300983	0.021074943783906213	-0.08771472231150212	-0.14072730240642958	0.09274674948640249	-0.10612842805143266	-0.04207597154867308	0.11994992810518657	0.024805714553703888	0.018331093804289995	-0.04624141132003763	0.026521914920356895	0.07021498214981102	-0.10311474583994347	-0.013133375817530716	0.05469333083310085	0.030049033415916124	-0.0007692802481931972	0.010575720049402137	0.025372710780474515	0.050414173487692414	0.024771090859708786	0.014611527532778895	-0.03258181857269527	-0.011616803819015316	-0.005212180822398349	0.021100376282309263	0.00021727424181705758	-0.005679560389254446	0.004863973412117341	0.005919258292073085	-0.010355624894271906	0.0
2019.3.14.cow.skin.rump.8.rep	-0.09140885626335986	-0.21718249067726902	-0.04708861451566209	0.08425867304905012	-0.0026033793381503296	-0.026596765952154797	-0.0847999639836861	0.012143703924965362	-0.09952787638375143	-0.03084854238711573	0.04198126138242262	-0.004073463112142414	0.025013333562680016	0.02439873611585809	0.03529896981534474	0.004808934136367083	0.007576667377062811	-0.01954502546155941	0.02316638395079386	-0.012004789968416071	0.015654846669612296	-0.043522342713713344	-0.011079499473377944	-0.027612034462693634	0.001732484736779043	-0.05282396981695996	-0.006395847373519944	0.023820811848821167	-0.03477463320674827	-0.006954085943042468	0.033124622978634	-0.029532174209908477	-0.01674139631979175	-0.014136313584806751	-0.03661567183256177	-0.06245481936566853	-0.050759324541381386	0.04443942652643227	-0.08005540612579048	-0.03133194063198805	0.022853416214022378	-0.08832843992130748	0.036492887561796306	0.00047827901120367185	-0.006037229076561958	0.12675636361725146	0.020767453218193573	-0.042074767870990716	0.08002940127370613	-0.051553184420582196	-0.0012091529125703127	0.07763785835520215	-0.1152597019228664	-0.018891642820833315	-0.060163423229300336	0.040021217597106175	-0.038427868974437784	0.048866515696986385	-0.01749278312959905	-0.032271975517138014	-0.027681020682583844	-0.0655672552137416	0.0588069717029287	-0.14734895620967087	0.03264970590905557	0.05509119437427969	0.11978004421916376	-0.08733275728353979	-0.04391523993004343	-0.013418738932059946	0.00010642880046921021	-0.030827970286260824	0.004200639710874633	0.02058063320606216	0.012771154827739469	0.019028901547690307	0.013506955250325449	-0.014411913936958393	0.004767361088482183	0.00703039069161712	-0.01750105588981511	0.0030541309176128255	0.011146585536463824	0.0
2019.3.14.cow.skin.rump.9	-0.12569255107329233	-0.14240997337525943	-0.0341129404159263	0.06922513390978233	-0.03175326742389652	-0.10245691236804372	-0.03559381704618754	0.11184861732531456	-0.039152719956546206	0.025829896114783406	-0.04752631897723142	0.007244074438924809	-0.03616321675372718	0.005712779976417339	0.001078882727879726	0.012920276017271162	0.0037451142832721496	-0.03506867398809233	0.055293187671943765	-0.05300881605447533	-0.01865544728800249	0.011967822067991744	-0.12686231812224735	-0.03360691253285031	0.0157632410597479	0.07243129737040055	0.0658664213064067	0.006782686406732593	0.013726623966193327	-0.018036092242747152	-0.029772290448642737	-0.023673700745934674	0.057784787414696136	-0.004713486137430608	0.03708098136225936	0.019485483643109442	-0.012773047402441229	-0.04804797032276399	-0.03452975603137447	0.0984058744626281	0.0034065994474672826	-0.00692302198895041	0.05250921551954693	-0.07076374271057183	-0.05947506421441019	-0.021953068129968344	-0.021517855862473203	0.024246238552880387	0.00957341307825681	0.010747409246030012	0.07281464247894084	0.01565611058980234	0.06316378694054674	-0.05971969959230018	-0.04978532280366935	-0.09715052786135357	0.04214828527791859	0.022474225401809537	-0.11070186109356212	0.09242734975385579	-0.01846368620824722	-0.05612408214698943	0.018006029486567838	0.1072314123456651	0.16395588632799407	0.048874015181536105	0.006993138650028458	-0.04684360801642397	-0.03301501065696778	0.010433404933445673	0.030836676413021274	0.000705112159442564	0.007314116650433527	-0.005148151182750129	-0.021408256127878608	-0.006275800018093103	0.0027255397535386407	-0.026184057785026704	0.00655437850002156	0.001895698314245801	-0.00392232466442954	0.0017927839709419267	-0.010650382213701943	0.0
2019.3.14.cow.udder.1	-0.04584071343948853	-0.21849478265388256	-0.020906301988756433	-0.057421884480818294	0.008606910486946404	0.040742404070999716	0.010514096457430698	-0.013377763207297031	0.04261517807109101	0.024258662988631483	0.027847954283381195	0.005199115743140034	0.013172111265532038	-0.024930183501842163	0.08755497982703044	0.09610755444659785	-0.05146558163708557	-0.00126740434948423	0.04249397529661683	0.03139314704551341	-0.030711824724432447	-0.018206753878566365	-0.012912099499305841	-0.01580914135769832	0.006712387579348287	-0.035042379923429554	-0.029481556699692196	-0.022031605420679997	-0.010837366586966312	-0.012535931147699807	0.15066671209284654	0.05597188112448192	-0.05926665755725835	0.01381362675646969	-0.02266703580967837	0.07928186440264828	-0.037576602947171765	-0.0441048056387664	0.06351719592306165	-0.06152853306443266	-0.04583410316677963	-0.0058716068171320085	0.05454668132196956	-0.14502944444429733	-0.018697374492379355	-0.034604855708975056	-0.07489713429364632	0.09360569219224261	0.051252722425078105	-0.07007150755175469	0.015557846563406474	-0.14777088229017166	-0.02619782549799017	0.045544112370568234	-0.0332637546973526	-0.07176183560178613	0.0071657080656918745	0.01112248325460623	0.10095355402705647	0.07705414091215773	-0.02917163698245682	-0.03472074296367663	0.08059139420743312	-0.033727776019189755	0.017962547416077435	-0.06452940925470453	0.04945323305822482	0.03749210409929052	0.05189432313720474	-0.014831317899426459	-0.001577852880734886	-0.006720183364787477	-0.01591607419614806	-0.027712175032345663	0.010687086911992319	0.006550844432335334	0.018908013838446164	0.02273731735761587	0.010250281056743292	0.0076396149007104406	0.008351231532414625	0.0002519465250943827	-0.010029895542200053	0.0
2019.3.14.cow.udder.10	-0.006460876872266066	-0.22476061835696273	-0.017416521558630983	0.005366754427563146	-0.03752249768966587	0.05165442633887051	0.0590399439636423	-0.05989686616996661	0.061073585428775744	0.04407435057079203	-0.05810833173654284	-0.024817871546497342	-0.012549349251601059	-0.015548587874345602	0.07993918741027871	0.07462101441723301	-0.0003793130238298905	0.008554452168944886	-0.1250223597568637	-0.03606472100178567	-0.022575030207335447	0.00667042285659993	-0.026865243609187423	-0.031081524428961844	-0.07973617610004953	-0.07021020578061635	0.09871800090258978	0.05294115882701912	0.08971205948981173	-0.026385232082464457	0.02779984781411458	0.004154867927344244	-0.08196433648508104	-0.0002855717834702715	0.09112751379730695	0.1380620115757535	0.020825669960107936	-0.06736750981772566	0.09182479428884598	0.002835309692361051	-0.031975989974699554	0.03152566743581167	-0.02648633954899404	0.013067190549285016	-0.013587166775270646	0.13746032767623367	0.004509794729914071	-0.07336549260917935	-0.03704621775481073	-0.06562733789852274	-0.05880618457620463	-0.061949783847966504	0.07370665699919163	-0.020960316161640107	0.06439266588995811	0.07531561197298309	-0.0992717961872724	-0.0705053145736911	-0.06676298172256782	0.032734652691110984	0.03997613771641016	-0.02891694470559538	-0.05479341954377511	-0.029524393132396402	0.03896146286346705	0.05526018286964093	-0.0013570991995095153	-0.005795307929445799	-0.016254683557092944	-0.035353204195704244	0.02013406704406364	-0.02923575845229993	-0.007857858442646347	0.013443173199014481	0.026523060905153602	0.002639222806284915	-0.006472615359047514	-0.0018452443634533403	-0.02155170443797073	-0.0024919266818853097	0.0008529188977403752	-0.0025900711996410834	-0.003705431250903294	0.0
2019.3.14.cow.udder.12	-0.00931773954745789	-0.2371935598039457	-0.015832907719648952	-0.07919915744642955	0.03593685836552675	0.043111000218827154	0.057482534014832345	-0.04083716548626905	0.08805844614621389	0.037930826397990905	-0.028101312568255588	-0.056538929365641165	0.013394618414154989	-0.010320904289317218	0.05510360976806058	0.0198733354598113	-0.0376403800574178	0.023780022702175673	0.043970035787533356	-0.017954895197331136	-0.005319259046942479	-0.08022601379953556	0.02142357533404229	-0.008620453010550852	0.0738485545649585	-0.02398663357043478	0.03202717528407342	0.004467531179459346	-0.11381857657824	0.010913343688936171	0.020320702238086647	-0.03246944225529544	-0.06065262066380094	-0.09490404765956549	-0.08190544018948456	0.016325542440885143	-0.021846780734987272	0.13744828890461144	0.004133295528752247	0.013276050323148684	-0.049714158744522084	-0.04468696383886497	0.009589561144393927	0.04761022399364691	0.005168593060642706	0.07233516305846174	-0.006371276065890865	-0.019179352296647932	-0.08337150326838126	0.16112717777740035	-0.10812052176462512	0.03818418195075954	0.0026631263593095813	0.05507804734467941	-0.0241333780642258	-0.06371979612807041	0.010958212089510058	-0.022258435056476913	0.08628956935616136	0.11345395631371122	0.03890978527179529	0.02712832038758925	-0.01866557961483333	0.03166636271012641	0.03198256845456812	0.05965590016290931	0.007161002907386463	0.03645160802316184	-0.08576317475557411	-0.006574330761235417	-0.014681004954313938	0.0390236054808435	-0.0040117828777292515	0.01194229715588749	-0.032244643969915006	0.0002494372323835056	0.0035894407222941847	0.011529374353317322	0.006721259547340589	-0.0035669098922420967	-0.018127408375283958	0.004026374750317667	0.0036767819720910978	0.0
2019.3.14.cow.udder.13	-0.040869021727778676	-0.19724395341232354	-0.004435862074639487	-0.05045974602416143	0.05913128357858235	0.025550311834930818	0.048260365814834325	-0.014456010358664185	0.05052318539767908	0.019768298785188442	0.04582668130618132	0.05283421743311237	0.0023731786463637716	-0.06651729735525694	-0.011180883461880908	0.0061739243078541076	-0.07392571825366911	-0.030303949718154217	0.08766688304360142	-0.0056702970189723345	0.041976341727273415	-0.057107493921945786	0.03987615436669487	-0.0059912543500926655	-0.02475247735450605	-0.01353114661572651	0.03228801323324372	-0.10150636861762269	0.07961049203489147	-0.05810456204982568	-0.013573394742105284	0.09539082664429313	0.03276928715142162	-0.06162317687832802	0.0827490227871815	0.07730345339508468	0.0779099747972915	0.039387286996606916	-0.0830304139296087	0.11741999293074998	-0.032575047587100815	0.03509813325998313	0.05833344086931649	0.051991736865812294	-0.040836160126417685	0.021361107752608736	0.07628264834922109	0.04812129038488658	-0.1346132477422719	0.08102428641808891	0.07950616693599935	-0.10665904453700992	-0.0893209736110152	-0.06860559599961992	0.016032421126989008	0.00951108981025268	-0.06486007311708152	0.07038339476430766	-0.008436523712431539	-0.0756378444884405	-0.08553824621549683	0.020484985356998	0.02040224931567298	-0.025787041723809696	-0.012729744663245465	-0.018552294299679938	0.012833147563868105	0.009287422762786914	-0.025493487871521024	0.005917375505326627	-0.029004888915628975	0.012839465579083947	0.026957667439055352	-0.015959064396120284	-0.00020007302415424828	0.0036683640715105626	-0.00966805976849489	-0.015348594246880717	-0.0020887736140993247	-0.0032316795092546344	0.004783653632054943	0.007040799448205613	-0.0030465933007808896	0.0
2019.3.14.cow.udder.14	0.05371402628546667	-0.1758976369498158	-0.015643984623893905	-0.09150874982445129	0.002739047981177873	-0.1358673450582876	0.09627785203690953	0.11743385099318047	0.19364307359899	-0.004732700010597262	-0.05205997207603016	0.09259433811259841	-0.043304406086579025	-0.062360906998672354	-0.07389760637658653	-0.03326428436154318	0.004103552804290371	0.04192071069309894	0.10296855228446422	-0.003348605771160783	0.0804271507126904	0.03400223361003874	0.07003950383225155	0.10897920803057606	-0.06300758720749063	0.06430604312890142	-0.09166724723946941	0.043095543998552546	0.012638507909013351	-0.04976744951120422	-0.10672757351838455	0.12451941230188127	-0.005101948701285893	0.002267092893504071	0.058053839928148214	-0.10663920009518232	0.02767478158945629	-0.014178257708159921	0.009602993939178316	-0.022602720319236325	-0.03049822583267441	-0.08367664896386826	-0.018836524901344107	0.07250323732388408	0.013891912303267313	0.026033239631273523	-0.06365385467049794	-0.1490077014284848	0.0019716582816370026	-0.059969490587972275	0.009223314061540458	-0.025279794749740448	0.011573268886555344	-0.0028339812586583514	0.049710129061654146	-0.023502999076968754	0.013563530425588008	0.04634612983276669	0.07331597746133674	0.0429490850849559	0.07450055876786814	-0.05972378666750113	0.0008556175305211712	-0.0019418560595413652	0.04277234483677316	-0.04660147378229072	0.03374043359609897	-0.021029221575351743	0.013355068134349442	-0.014486112016740122	0.004951250973037158	-0.0006113197978114249	0.004310122078964622	-0.021669781425790954	5.2539083776746926e-05	-0.013490454715145171	-0.010706038144404314	-0.006868480261212371	-0.013223480574694475	0.00479671186714008	-0.003141055973945994	0.003699577084831641	-0.005516867998256664	0.0
2019.3.14.cow.udder.15	-0.020732251396854987	-0.23743606498370615	-0.023536838355653157	-0.03400165990072366	0.01062575624640696	-0.058375638701084684	0.02128995945568968	0.017179431568567646	0.11784930254642517	0.02121359163238395	-0.06443421638723058	0.015554469237111864	-0.006281188251329497	-0.031631304294039604	-0.07559847189507013	-0.04395943886426421	-0.02477574062799715	0.042050988167918475	0.06253637917259765	0.03597804738003124	0.00505260051728623	0.020115617904238478	0.03271025970952673	0.09780477305183873	-0.05138841285367338	0.0069938823903094565	-0.026227085872734323	0.042080287744878535	-0.02239551489214129	0.07445874345682806	-0.09095630465068638	0.1533977666381226	-0.10630746107827106	-0.00546958707435385	-0.11720013556820584	0.04668248385358948	-0.02581318089034294	0.03408960581542411	0.015580476823182362	0.030120215059523267	0.021110792290832986	0.031438085604935724	0.054536567348214	0.015709917422349333	-0.005372444388962953	-0.015525803429391215	-0.033912732622812115	0.0983269274064675	0.00966266326426073	-0.039623696726807996	-0.03897964375820188	0.04906786097225907	-0.03480578599385202	-0.05457303509844714	-0.0706695989986194	0.06945914687512136	-0.005215019617939509	-0.12154307556323644	-0.11842103698792517	0.02284809885752871	-0.016272317703100135	0.08149157061258097	0.09369112882206887	-0.006920681850118253	-0.022436088830049557	0.02360712156865507	-0.042978995094564765	-0.025040811690254194	0.023411228887532668	0.03250405817446771	0.031095258150444324	0.0033196380723536476	-0.0285654051498101	0.015523649869836348	0.006785087444338384	0.015964307710924764	0.033344500119887606	0.015348768271559286	0.015148528824746826	0.002158727154686133	0.01211931043865319	-0.006153740514628547	0.0024418463907857502	0.0
2019.3.14.cow.udder.19	-0.12659428267776496	-0.1846445451055194	-0.046107284813348165	-0.041643349448199495	-0.1566059688285695	0.01145957403921075	0.01086912309678765	0.01158693334905627	0.002954808716532545	-0.012954909243925561	0.07046213876460415	0.05466890369575696	0.030683170106814185	-0.000484268676542973	0.12109240142202732	0.13833781069679452	-0.0003858581712720416	0.0611295328334416	0.005873983160910026	0.015343014814940817	0.059499721493058884	0.03804973810249752	-0.042115480030907926	-0.06797703214077498	-0.020028880460811617	0.046758923256678075	0.022592787657909254	-0.013822547810306497	0.02850917741565482	-0.03617300275542383	0.0400287337134672	-0.0027072453508459825	0.038404609398992776	-0.01886858366128482	-0.014332897801521267	-0.0432781735291528	-0.0032365381998135058	0.03434639311930592	0.04456838677768891	0.03128736604531986	-0.011225638104786027	0.007672024643907825	0.0034177245541239295	0.015725738141992508	-0.03811893672656646	0.011859354073572238	0.002613797882621067	0.011877888484865139	-0.01482478106043353	-0.023077594120802333	0.03753741969016474	0.062377045347559223	-0.020122104124818786	0.007822606708346646	0.008976685506209631	0.0171798186971756	0.02716770655796598	0.009519780829435644	-0.03050417924035782	-0.03742649921091379	0.08810398793162237	0.014006284075825791	-0.004176824659954744	-0.07732049221352975	-0.015352223246615967	-0.0035925756495831314	-0.0549455335169368	0.02935966197974474	0.0855669912371632	-0.031367591341117176	0.021492817183020874	0.05799598909634636	-0.053078745038497854	-0.00043292515739843	-0.1679430460997561	-0.04492283801616322	0.011996385487603655	-0.051641167451483214	0.02339440739000314	-0.013634996107502836	0.011945358428553961	-0.01335664424060896	0.003166760097606646	0.0
2019.3.14.cow.udder.20	-0.0948064474551208	-0.17694153691477318	-0.0661610677603722	-0.03457820254308569	-0.20956121249480303	-0.003827192066009636	0.004582164466249549	0.010186352931387267	0.00554250495646183	-0.0618016962016848	0.049831660925946285	0.03894466919240759	0.029136746066384726	-0.00037150817660116733	0.13562450530436523	0.14098024850048765	0.03196132064239945	0.08243279506769303	0.0292838968427002	0.015785200389036674	0.08685208983075018	0.037725262353306775	-0.05946741741458333	-0.08878594613018388	0.032895536997486166	0.08803343461882805	0.05359580983847261	-0.00844147240269276	0.029135396540694095	-0.017756921129264993	-0.02275497885574168	-0.04890674060396124	-0.012568888585794365	-0.0456649143616575	0.02886197850030359	-0.041884319301045914	0.009149132166511066	0.04673156207051294	0.05509751023198974	0.007558248162203806	0.014947930147601152	-0.03730559737993917	0.01747340565035252	0.1043795654639849	-0.008256887202342949	-0.04369330790941414	-0.006146580331288716	0.010931921842521748	0.008909083095653478	-0.0017973219981701437	0.01940955021275682	0.036275944139219175	-0.05080727397450368	-0.06866122981544365	-0.05065026904097387	-0.03369288628800393	0.060575831329974836	-0.04080240469326032	-0.011928299684899045	0.006809133624465758	0.014014512485768401	-0.022647565080945144	-0.032490866798390035	-0.0013132373590169057	-0.04173927979816648	0.00014889254030432818	-0.0345840052651158	0.05050826385657713	0.03715441031646409	0.016124066344881362	-0.03566855726053366	-0.010842430383797515	0.011943575730318878	-0.016352404136346615	0.16239543651317687	0.024117724657915077	-0.020347990420887894	0.04164163021803887	-0.0026854935110961773	0.010381152255791903	-0.02366099430288954	0.006346135331011037	-0.002745381909666646	0.0
2019.3.14.cow.udder.4	-0.06926381532908164	-0.22159851980657433	-0.03646152931505953	0.012423457976872623	-0.018584051525234725	-0.029008722613372104	-0.020362181596297182	0.003650769077569363	0.030767675010455266	-0.026678729949296206	-0.014667399405136101	0.006985808851514019	0.007775366510176911	-0.007872899262537597	0.07541512458040601	0.0608757235295716	0.027909309350754165	0.030376211067282534	0.08677154074456372	0.017667085216301517	0.02265279777825013	-0.02864768955350657	-0.07750865392877809	-0.029400720756040118	0.006044829746801202	-0.010015159537738134	0.058952567034050184	-0.013157936361879823	-0.0006842782218485999	0.06565030999718312	-0.03742639866808724	-0.03639225933523842	-0.06585677544361555	0.03571675550531025	0.030122870509197805	-0.029894937333109006	0.04687225271396624	-0.06577926054917414	-0.0020691167701487882	0.03645965757901213	0.014332667952258932	-0.13602003106402416	-0.06097705905142258	0.007588765943710704	-0.007198202689838125	-0.03481914795222276	-0.008295453228388245	0.04604195475673715	0.07719955138115525	0.07740857776234708	-0.06827058048224266	-0.022080510965463172	-0.00816037270105519	0.06959557925269604	0.0858220089279762	0.07849146230891856	0.017980967136845872	-0.11543552194092133	0.05426596333354818	-0.14622270966942721	-0.07020357286081033	0.025726219928762055	0.005863972384088198	0.07938994573904039	0.06818813539585666	-0.08672901956305695	0.03742657962100706	-0.05410129294894236	-0.014923340001185387	-0.012119119099762647	0.020903463606779596	0.004806478833249248	0.030141494475902194	0.013623423711537063	-0.025766700378600273	0.00437997684059935	-3.60111721493355e-05	-0.0060906508535675564	-0.00024937585686774384	0.002115348108790562	-0.0026096350881063364	-0.012954294277516298	-0.0012979249939455773	0.0
2019.3.14.cow.udder.5	0.1003599946978332	-0.21981651324413976	-0.0073042969687246995	-0.13616559602495068	-0.028220938193135568	0.06195545570454082	0.11017723037479918	-0.08223018129972037	0.1393939517731004	-0.06009484331984116	-0.013457961502137393	0.0007450732749505627	-0.03255368290267141	-0.09692216177577641	0.1536856687956327	0.012192786780786192	0.11096918884637587	0.0402150634537082	0.04377043295333914	-0.004798376756018482	-0.008182652725415835	-0.09257570732792667	0.0709359882213389	0.046719244069152906	-0.0034272585914039526	-0.15940539618146216	0.07574749647264156	0.006283030864023411	-0.02056082731610724	0.013538288482422103	-0.01167782502051904	-0.015018726474064029	0.060648353098991	-0.026446630544963868	-0.102918363113378	-0.06054473106616454	-0.10252251043012885	-0.09258182878639933	-0.08744993007645951	-0.024205415894597567	-0.00014464533765797753	0.013206482475320329	-0.08997420676671125	-0.038876260172037796	0.12220101961739081	-0.07343674653209371	0.13415776608573973	0.022872019295444267	-0.0031789978158491172	-0.06980335801229683	0.025056025411672022	0.012745054837199055	0.05022712595736029	-0.0221468955501676	0.016302515634672665	0.004323700482972731	0.005510659788854103	0.07869100926814623	-0.04198589987686964	-0.019639183225169995	0.013962546431557787	0.003394613088746818	0.013354993014909496	0.03720064861983525	0.031861647082921	0.03514569424769717	0.001030519458239211	0.025048117344251997	0.014592371397876516	0.029597055386420525	-0.01913748840609936	0.007043728018768211	0.004016777719510159	0.00200299126163267	0.012662634870171921	-0.0017639698753786632	-0.007010882295575776	-0.004496243966739634	-0.00870984809117049	-0.0007052113934239546	-0.0029386835387473138	0.006513643785984493	0.0029735642356088364	0.0
2019.3.14.cow.udder.9	0.024225555026111543	-0.1437738189465083	0.0018680846716170934	-0.023294830985541908	-0.04131702115283092	0.002929971447100635	0.11973904550587552	0.01755627970884849	0.15621281132226908	0.004324429920630548	-0.1002047278351788	0.027959768251960716	-0.10042255596566815	-0.05522838831521839	-0.11369867726999662	0.0783690468872687	-0.023502512247558005	-0.127985978754895	-0.03950934657764393	-0.10683722746796018	-0.19171875966745766	0.09390224477834237	-0.2111753381519501	-0.04275503530755906	-0.075334318206909	0.03583352150562928	-0.02524833595748293	0.030605965616994385	0.013708270096440094	0.008982194839122425	-0.008834941741217411	-0.055746162291091486	0.07971589619504069	0.13332413863416262	-0.03945622344638478	-0.008363781194058215	-0.05299985876468147	0.056873655580044306	-0.012649625273620908	0.010533358271620195	0.010833668913746215	0.0067670693149906305	0.0328974036748732	0.05661216521607714	-0.023541663421689278	-0.020118071019781057	0.1262601511241441	-0.006909134935054207	0.020440244870060284	-0.04984546751840596	-0.07930505291124161	-0.007914253992259094	-0.019717118938839467	-0.020814282629477696	-0.03803258636065118	-0.019993257982196627	-0.013681548064655802	0.022087702929270182	0.07920969762956398	-0.01255919280138472	-0.03497961098776594	0.03538916229198644	-0.008030180132064219	-0.01761263148592877	-0.034070224358801214	-0.020361741395359574	-0.005527709945519284	0.001204144489010218	-0.013878533355720368	0.0004583809208187055	-0.018972625547865673	0.004807177411555076	-0.0037052530176376434	0.009259018861395768	-0.007678176801240079	-0.005843507431976276	-0.0005370111223314352	0.014241604185845799	0.007855098283043633	0.001970631306426008	0.0028897237661157722	-0.0007302319800785312	0.007974488474570057	0.0
PC1.3	0.3166694550757155	0.22630451805609658	-0.6171834679100224	-0.022730058552077898	0.054645804567066	0.030584457335904373	0.11941981026742872	-0.08113807404409562	-0.09815702648014243	0.02872027822435404	0.01534451650986942	0.009049781575041101	-0.006448849528553946	-0.03675130570954338	-0.03207148747553704	-0.011411160912812869	-0.011499343077748352	0.03978961778448499	0.031235667280484956	-0.0001334415270285496	-0.02505209112839139	0.06000524850104336	0.028892595112917367	-0.0031512644522684124	-0.016329419175124937	0.023886964603703566	0.03361994987978902	0.01856101498492242	0.0004769893970046681	0.0003756400207309326	0.015380436906193673	-0.013861225421858595	0.00140260641506958	-0.00012519600701085858	-0.014545519231365461	-0.022473531738675917	0.005079133628653399	-0.04148305396946723	-0.0075686868780702864	0.01556718244377172	-0.0037308853334358165	-0.0011171324760681045	0.023710890327074685	0.004908984355739684	-0.002380452083870378	0.011756276538106975	-0.009748905546291306	-0.0004575966082257202	0.008213375242889587	0.012251983429141815	-0.010067444588890254	-0.005895128418200522	-0.0025218306478924446	0.006205912837418399	-0.00474792070022058	-0.00040552006580772736	0.009192781818539662	-0.0033286090948966536	0.0030804483690372443	-0.00334788381349713	-0.0037510658669571676	-0.006486187609630907	0.007396426046080415	0.0004261799648327277	-0.0009154518521336153	0.0019568063093334024	-0.004754239655044636	-0.0026942920743640284	-0.010822857638558352	0.00014759246885667058	-0.027890648580404517	-0.009495225756483677	0.022877002769435602	-0.0026520310580299775	0.026765326628604834	-0.10667182358169199	0.11152699701412241	-0.003316793040986154	-0.03893035208200673	-0.10031907085895939	-0.004282881557018199	-0.001674813458082765	0.002169085574260907	0.0
PC1.4	0.3346046078782809	0.23255368550822159	-0.6027157966078917	-0.027116921049599424	0.04795565547204621	0.03787305374105627	0.09595688400982953	-0.05469138876024999	-0.08458446794695972	0.02894995340960759	0.028535077659164867	0.011527512255976752	0.012804518903692585	-0.027669078669355748	-0.0075165427037302635	-0.02840279703406549	-0.027060769807009874	0.046582851714141636	0.021674535840069977	-0.03564672810894066	-0.048024375588968035	0.007367334104458532	0.0008733901136942724	0.001541535783215555	-0.011595898809939845	0.017277583316650705	-0.007365446486938638	0.007268717807270059	0.013919560932634698	0.013130549733304138	-0.0012666058800409412	0.005480906850445282	-0.006103334749975233	-0.005478853514771453	-0.0065587111218096865	-0.005716740540370481	0.001008519907664479	-0.007926879620731022	-0.005451411005589712	-0.004999053632891512	0.005724239648594561	0.0018141090581804806	-0.004676145345711286	-0.0032647740077697543	-0.005864107256141099	-0.007085022837221083	-0.0007694100398881611	-0.00800554894865886	-0.0014632176442122154	0.0010321290188538277	0.0003284167141785427	-0.008211825850646367	0.0015615791122286777	-0.005352143214422684	0.008198582699833304	0.00010312313795759388	0.005849572156773027	0.0013307217264095538	-0.0038433472821799027	0.0047459428992487444	0.003688205719693752	0.0056075849758763004	-0.007212745862379798	-0.003903171481054349	0.0011921620190827515	0.0032542586839322696	0.003956229656909188	0.0005464466334176008	0.0065712523797638615	-0.0041425169660437595	0.03182892106784207	0.008743188432267847	-0.024338185493409888	0.004311462169018329	-0.03083218442712174	0.11364608446615426	-0.11974729053235564	0.004690564278641602	0.04307772753016122	0.10340164118598229	0.0033264779365637185	0.002461066484410969	-0.0018495588579687005	0.0

Biplot	0	0

Site constraints	0	0
