Eigvals	84
24.95376534823554	7.620245831119055	3.0640111475170944	1.9635749160900127	1.6288405531528254	1.054458838610787	0.7698485472341577	0.5983718170832151	0.40977374621358664	0.2881854266227941	0.2544419037015371	0.23882260656575507	0.21382550592544367	0.19050077748155217	0.18021460519231888	0.15037724775404107	0.13796830238059185	0.11187401834348684	0.10017302605901632	0.09323443994668859	0.08238632909057556	0.08125447921290782	0.07552265662181071	0.06648706566011589	0.05639490155072116	0.049442937560196604	0.04590804611053531	0.04517000133852325	0.04287165394963591	0.03766736265827228	0.03456338125217165	0.03371480274338293	0.030798882737192418	0.026901843791211272	0.025775641997232812	0.024856426369434748	0.021552665965664686	0.018771108261232128	0.01803356921339394	0.01595703623851752	0.015612619832791552	0.014889232329255181	0.012240110130277038	0.010413821812301188	0.009219145667654475	0.009067362081624848	0.00799957578050528	0.007342334195439948	0.0064051246292712305	0.0055044425860530655	0.004773183129613889	0.0038158030237511187	0.0027896042134868126	0.001849527160232567	0.000721453491998013	0.0005343334719944131	0.0	0.0	0.0	0.0	0.0	0.0	0.0	0.0	0.0	0.0	0.0	0.0	0.0	0.0	0.0	0.0	0.0	0.0	0.0	0.0	0.0	0.0	0.0	0.0	0.0	0.0	0.0	0.0

Proportion explained	84
0.5549015420485842	0.16945283020288765	0.06813498832277466	0.043664382254973454	0.03622083168942205	0.02344819819399553	0.017119265972191357	0.01330610588759774	0.009112215350739545	0.006408433172199601	0.0056580721488488205	0.0053107429203573244	0.004754877723322711	0.004236201379261672	0.004007465844346635	0.0033439669526122108	0.003068026916035306	0.002487763446824349	0.002227566295350758	0.002073271659666056	0.0018320401918548565	0.0018068710346667313	0.0016794114248578416	0.0014784853005637686	0.0012540639617894785	0.0010994718397279845	0.001020865798153978	0.0010044537586731568	0.0009533449783965521	0.0008376161806561384	0.0007685923662257778	0.0007497223673897325	0.0006848805094438398	0.000598221326335779	0.0005731777666398584	0.0005527369969915869	0.00047927065966623853	0.00041741664132684253	0.00040101584772895795	0.0003548395960173045	0.00034718074405740645	0.00033109464099403084	0.0002721856157317551	0.00023157410120768466	0.0002050078645831989	0.0002016326246236126	0.00017788806115589937	0.00016327285723930903	0.0001424319530217626	0.00012240331815634062	0.00010614216500558373	8.485272472848933e-05	6.203295006452863e-05	4.112828100094159e-05	1.604309608747446e-05	1.1882073243861741e-05	0.0	0.0	0.0	0.0	0.0	0.0	0.0	0.0	0.0	0.0	0.0	0.0	0.0	0.0	0.0	0.0	0.0	0.0	0.0	0.0	0.0	0.0	0.0	0.0	0.0	0.0	0.0	0.0

Species	0	0

Site	84	84
2019.3.14.cow.fecal.1	-0.4516317169689005	-0.23278234700365277	-0.06179711925893551	-0.03451475091354935	0.04579700995867398	0.06897071828286554	0.015011616712570933	0.10832557411316694	-0.0852551378312213	0.007451249545622454	-0.01607418680971357	-0.00753026243018289	0.11279756908399662	-0.1309693202016175	0.11895446370275063	0.06633557119340237	0.005995931124150255	0.007066811079300952	-0.08804021519571394	0.005716917624299794	0.09408588823427598	-0.04110791800392373	0.034292903833337884	0.0009678920867450417	-0.038318735757987	-0.014335558336258311	0.013435365871945644	0.00890974349639656	-0.004271494540470109	0.024863033950832805	0.00855952221212779	-0.03739924105049156	0.002958078901363927	0.004106151526808992	-0.01901657279402746	-0.01830074138404094	-0.002070867144661897	-0.00347746417303687	-0.00527629738811816	0.00246175787599556	0.0026786556590967722	-0.009621574610982434	0.0018470278961541658	-0.004377213730376392	-0.016101250807226287	0.0050385201633569585	-0.0022016198322935836	0.003906264172709669	0.011680710085226878	0.004154751242664054	0.004319194725930704	0.0012182832083759956	0.0012110981205671763	0.00041707002999273135	-0.00023462260086587667	0.0011838418581938185	-0.0	0.0	0.0	0.0	0.0	0.0	0.0	0.0	0.0	0.0	0.0	0.0	0.0	0.0	0.0	0.0	0.0	0.0	0.0	0.0	0.0	0.0	0.0	0.0	0.0	0.0	0.0	0.0
2019.3.14.cow.fecal.10	-0.4976161189404151	-0.22365392198707723	0.06252258344113065	-0.11651877698367227	0.010192222818933502	-0.06736441314994691	0.00569825030638116	-0.034722441783124086	0.04201809253720161	0.0131692916582233	0.01116002015549267	-0.03282254752903962	0.060131065389469295	0.04806154087224213	0.0690994080610628	0.005834030541214917	-0.01141601776262892	0.10088521432103927	0.019221113191696455	-0.02828652696023743	-0.046302645991622336	0.029700558355872105	-0.013416911219656297	0.07052117085877964	0.034679356987951146	-0.034782428712694255	0.011506465807942493	-0.01481711596714297	0.018530646288783523	-0.06896950552601323	0.0022822732239608855	-0.020637322388901237	0.017060913944792765	0.03746825833784772	-0.04405348039375039	-0.042212272206018524	-0.003579001690454634	-0.005536182267513322	-0.002618235874000733	0.01278832192692028	0.01700299909446591	-0.011180262144626876	-0.007893436393689321	-0.006196929395353296	-0.009006861619165968	-0.013796463983781747	-0.0004199176504022033	-0.0033330319608312437	-0.0012281856310477895	0.00018655666183487978	-0.00045027206665184066	-0.00014624343604849793	0.001730781705268467	0.0003602886070884428	0.0036815328622516494	0.003264733280229922	-0.0	0.0	0.0	0.0	0.0	0.0	0.0	0.0	0.0	0.0	0.0	0.0	0.0	0.0	0.0	0.0	0.0	0.0	0.0	0.0	0.0	0.0	0.0	0.0	0.0	0.0	0.0	0.0
2019.3.14.cow.fecal.11	-0.4779464407504358	-0.20878884734487632	0.038861342336807575	-0.06830304444797172	0.008902560172396438	-0.017898538786536883	0.019184523162471663	0.0324871154361854	-0.01607190710690238	-0.02805083849851346	0.0016900039788004281	-0.014929326368728008	0.021280285205260954	0.0017681933453343752	0.06211530078499443	0.027099695889698946	0.03235287772469496	0.0015809331895380331	-0.011345358103180318	0.037464372210110154	-0.014955649823784506	0.0284964278470601	0.008256527229646737	0.03958343254115857	-0.031362238468176006	-0.0093269964700187	-0.04889153447195624	0.03737003830710292	0.0335786059148137	-0.025113997841838327	-0.03472803073996256	-0.01307851109195537	0.025299837706826193	4.585436360072271e-05	0.048128004271779115	0.052014565397903036	-0.013766577038713713	-0.020035034863789863	0.0022391275755965136	0.015795169785903285	-0.009201087083845715	-0.03423833734687436	-0.01466186505026497	0.015565190852358128	0.002015737077751376	-0.004143291929149154	0.016379206482293417	0.008881124842379955	-0.006837178822843607	-0.014416936965389463	-0.001656707865293253	0.00626912727324656	-0.0015574305473681229	-0.0020102548730399866	-0.0020316179845827555	-0.00032591409483555343	-0.0	0.0	0.0	0.0	0.0	0.0	0.0	0.0	0.0	0.0	0.0	0.0	0.0	0.0	0.0	0.0	0.0	0.0	0.0	0.0	0.0	0.0	0.0	0.0	0.0	0.0	0.0	0.0
2019.3.14.cow.fecal.12	-0.581338001573203	-0.35989455085701927	-0.13515282225698746	-0.07969568598053338	0.054575127593100556	0.08059601324467279	-0.0780571543735557	0.09144889160692601	-0.013126748141543255	0.0941885615929577	-0.08367910256387667	0.05354800091337155	-0.008870083206233035	0.03356029180346202	-0.06264925801688633	-0.027157640923440744	0.013290152294479088	-0.003387156224213147	-0.07421935449352904	-0.013832171432226733	-0.05193729918087598	0.015509451892414431	-0.04942233972686309	0.032660022905627736	0.006285606107587701	0.015864046490413567	0.06774271332440955	0.02188496327522294	-0.024855173766900853	-0.014023900184301418	-0.033783470767887416	0.010941429147173146	0.016680947689386036	-0.009431056480044376	-0.0006583960959186567	0.009920941916699042	0.014116363080245997	0.01944413772473777	0.004390056481585038	0.0007684455479039898	0.0017729378762893339	-0.00359482515716792	0.01383355151068713	0.006675545336291865	0.007309462716463445	-0.002727376476284652	0.00036455113476854166	0.012276443740846143	-0.0009267517299611635	0.0004586971207237258	0.008866144624190312	0.0025992267120520432	-0.001873450964798575	0.002997390354049836	-0.0004175323539824816	-0.001922028100618024	-0.0	0.0	0.0	0.0	0.0	0.0	0.0	0.0	0.0	0.0	0.0	0.0	0.0	0.0	0.0	0.0	0.0	0.0	0.0	0.0	0.0	0.0	0.0	0.0	0.0	0.0	0.0	0.0
2019.3.14.cow.fecal.13	-0.5586464643534652	-0.2677138013579032	-0.10848423623251212	-0.10157027015611719	0.023022307698237876	0.06023121213802663	-0.031569873408072734	0.06013865312812366	-0.022717481304743117	0.06242625351104333	-0.05138418532129302	0.013187460887766228	-0.038670649690171185	0.022777773643271326	-0.06357994437194274	-0.025933184889319418	0.02305396131017936	-0.04475995901393889	0.01841448887697501	0.02855398452935209	0.003340549429584787	0.01259505462977247	0.05029219074777186	-0.009639608957868785	-0.008999580503163008	-0.016286725578544662	-0.025699079485857354	-0.0159696253025024	0.002908495139160437	0.01358355800000803	0.03333939091728437	0.047710616277949536	-0.012066096030348654	0.015112714429605937	-0.02623560623662464	0.008382927513838862	-0.01306541162821512	0.009365517379983021	-0.02793875345021279	0.013915933991051621	0.009774285208220292	-0.02932568399080153	-0.0046071415246267755	-0.002939978022549505	-0.009683335768725149	-0.010748483704898086	0.009430660869117157	0.012036780931879047	0.012871545667161586	-0.003532653086788133	-0.003330301093313711	-0.00037599877526390386	0.00018481493534713972	0.007672810891823881	-0.003206025703070393	0.0007549394431446668	-0.0	0.0	0.0	0.0	0.0	0.0	0.0	0.0	0.0	0.0	0.0	0.0	0.0	0.0	0.0	0.0	0.0	0.0	0.0	0.0	0.0	0.0	0.0	0.0	0.0	0.0	0.0	0.0
2019.3.14.cow.fecal.13.rep	-0.5762411069453522	-0.31842684316741227	-0.13842845701719983	-0.08630035933748212	0.04655476822088517	0.11150551761140703	-0.0716095430887758	0.11241706258244862	-0.029929436662607865	0.10247335373815449	-0.08042099749619595	0.043054155949778544	-0.051617496693465555	-0.03831467201096902	-0.09137146033830361	-0.07897420964414179	0.06562006969684187	-0.010514857761141546	-0.0317551787987295	0.03868743276712359	-0.01570893931264908	-0.008271129737708221	0.03782599829958593	0.04623878938002238	0.0002963215893147673	-0.015628761700835082	-0.03513332228653822	-0.01556393277472805	0.0064089845193514286	-0.0011135284697261006	0.0175017554831421	-0.018612368838638958	0.006250229262278447	0.00814346899560857	0.017244746782502988	-0.01782777704825999	-0.0003436405367959826	-0.011767052750005494	0.009741278757980244	-0.007297048828045997	-0.0017008373373210669	0.010044214868564034	0.004980108663711746	-0.004176831507262122	-0.0011060081017383338	0.005636126130370153	-0.009250497151634897	-0.015247152406613413	-0.0026995758180762904	0.0035861235856352526	-0.007209071440921082	-0.0019451843163467539	0.0002927602330053087	-0.0008027438920094021	0.001825239129828277	0.0012391477908510731	-0.0	0.0	0.0	0.0	0.0	0.0	0.0	0.0	0.0	0.0	0.0	0.0	0.0	0.0	0.0	0.0	0.0	0.0	0.0	0.0	0.0	0.0	0.0	0.0	0.0	0.0	0.0	0.0
2019.3.14.cow.fecal.14	-0.5177434663808496	-0.2499430867092663	0.13284898489469665	-0.0058693276662320545	0.02204487307319812	-0.0372558122246588	-0.0036828821908981174	0.0005799453490710058	0.022588351896615462	-0.017131721017075018	-0.04645068547701309	-0.0689407028440015	0.05721125247069121	0.017821677763264786	0.024524785801019678	0.07057131462932549	-0.034905908089157514	-0.0036303069456796087	0.015128813636390036	0.009036002019861331	-0.0050936306065964615	-0.026795641155495306	-0.0003714750185423582	-0.007547765654184859	0.008169564748064496	0.026473096216489703	0.004859512701717985	-0.030539365759139507	0.009263942088876613	0.012143660943168644	-0.0058852716341288615	0.0022281159316954566	-0.006360238449634273	0.013240296898900102	-0.0019514823301354314	0.028864276521383125	0.007880210815802459	-0.010884777641652977	0.02791669851444137	-0.036629491871600535	0.005367626361179299	-0.027801500620531012	0.015377131740177333	-0.029389739691893152	0.0034674236199009854	0.004204394763001286	-0.00296343777158571	-0.007045355117461121	-0.0007488655411049001	0.007715977157340668	0.004251466893190104	0.015302114047438068	0.0010725172654018505	0.010856171877115219	-0.004343385878134967	-0.004163665566714124	-0.0	0.0	0.0	0.0	0.0	0.0	0.0	0.0	0.0	0.0	0.0	0.0	0.0	0.0	0.0	0.0	0.0	0.0	0.0	0.0	0.0	0.0	0.0	0.0	0.0	0.0	0.0	0.0
2019.3.14.cow.fecal.14.rep	-0.4732501837372562	-0.2049651752030288	0.22649754885588272	0.0545314460399055	0.017080500567598855	-0.03339045358834976	0.010782931353882648	-0.011407435877593524	0.03784742652416823	-0.040026078231062044	-0.08676622914113917	-0.09331796142552601	0.07127495411756443	0.026208101994883246	0.00056233711649398	0.05593607190434605	-0.03229404897338612	-0.035588267291037944	-0.01567128820762012	0.025469702149404007	-0.03286982410818324	-0.03825408199215612	0.028983204576490118	-0.0211903424688063	-0.003885710919105305	0.04895293727846359	0.003826661497113931	-0.025776548045084415	0.0029939120579757592	0.005131476676616844	-0.00471904289069443	0.00416330283955079	-0.003344553022823651	0.0004983254562330482	0.015190255069470771	-0.007907374918421767	-0.00017000389796925893	0.036483741118962076	-0.02473232842648108	-0.009192571730809925	0.01866519216913146	0.0070281261622651995	-0.022319496124795044	-0.0015306391223145219	0.016029597714482022	-0.014955260616614452	0.0076878038538215395	-0.0019152701002480735	0.005898440158924723	0.008949810449183243	-0.014475618049843018	-0.0020364873853063246	0.004403955005155337	-0.004915448170965585	0.0005788675484575396	-0.0023292813228775132	-0.0	0.0	0.0	0.0	0.0	0.0	0.0	0.0	0.0	0.0	0.0	0.0	0.0	0.0	0.0	0.0	0.0	0.0	0.0	0.0	0.0	0.0	0.0	0.0	0.0	0.0	0.0	0.0
2019.3.14.cow.fecal.15	-0.5447328495544198	-0.3302093302545937	-0.23987410885123037	-0.11465667647205592	0.024834894024002397	0.02725711138689715	-0.06869688198688495	-0.03861160269455567	0.062311999047470104	0.054294900985707925	-0.0927768854399958	-0.09016855379558919	0.01413977460869487	-0.011736197486962514	-0.09446983857186038	0.03627444429607775	-0.050486461149567445	0.06042492359435396	-0.0001797849154240609	-0.032147876047719695	0.0037068621273582455	0.007802379652787672	-0.030704923153112677	-0.02386257673492258	-0.030435395568502856	0.017625556340129602	-0.008297538742040573	0.019598283082776682	0.0032693049444109485	-0.0032511960730826437	0.007637730877424683	-0.009832105974081498	0.008881342589242948	-0.015602090698140407	-0.0015728108716672531	0.0060544204713828985	-0.02013768733199278	-0.020410681332044357	-0.010169448179540137	-0.007134197625891613	0.002845785193627189	0.0012728953091584825	-0.004584936856559897	-0.020151799948558594	0.002933882500789382	0.013720994957157584	0.0007702255984654503	-0.01484481272878136	-0.0035791660275241617	0.003926353760756901	-0.0015583135770986286	0.0009706264285222013	-0.00037858530881437405	-0.012189114328022825	0.0005713299915828676	-0.0011150251587911987	-0.0	0.0	0.0	0.0	0.0	0.0	0.0	0.0	0.0	0.0	0.0	0.0	0.0	0.0	0.0	0.0	0.0	0.0	0.0	0.0	0.0	0.0	0.0	0.0	0.0	0.0	0.0	0.0
2019.3.14.cow.fecal.15.rep	-0.5222658341259789	-0.28293579780856803	-0.22503772435905203	-0.12713626073756804	0.010334996266721496	0.02202076516912988	-0.04524302915701496	-0.04420798921761894	0.054202298492464225	0.025815501510509004	-0.0463090662852827	-0.08983790880991695	0.017129918239193496	-0.021362893396170535	-0.05313393856401113	0.01978262650007108	-0.04933348430205313	0.06975008420924755	0.041460194268251885	-0.03498867782914538	0.013334410434787012	-0.008636030405188745	-0.028355116607522785	-0.04576635941872241	-0.023697914201761663	0.005965493784661738	-0.008299075642542774	0.020602375366818946	0.0048397241338178475	0.009053696926161798	-0.03824675484024094	-0.00011630331906074526	-0.010011183215059208	-0.004512592255751693	-0.0050107852820957775	-0.009886793569746586	0.01314128490533438	-0.01841372586589672	0.006672745426231711	-0.007246639677291693	-0.008217220169239804	0.019424144156506777	-0.011861011781528931	0.016484094177423445	-0.003743230875611041	-0.011721915165294547	-0.0029546604533728037	0.012725498230581155	0.007111750917569011	-0.011526556425693266	-0.003896986350503317	-0.00581213211564203	0.0015780751299916778	0.0172065063300269	-0.0007639431084193876	0.0027377257270832073	-0.0	0.0	0.0	0.0	0.0	0.0	0.0	0.0	0.0	0.0	0.0	0.0	0.0	0.0	0.0	0.0	0.0	0.0	0.0	0.0	0.0	0.0	0.0	0.0	0.0	0.0	0.0	0.0
2019.3.14.cow.fecal.16	-0.19244386859902035	-0.12782551668153655	0.6910206662292808	0.5782803393433731	-0.0007817007604791652	0.050418291228970305	-0.043921546905387215	-0.11566644451097673	0.02852121634147556	0.10331138770665328	-0.015728255385338667	0.056050748628088225	-0.00692687922933361	0.0583215509316758	-0.03911453652042257	-0.018904311493952202	-0.07304645848760495	0.02540738076322519	0.01802205881039787	-0.018601981357932708	0.05786424456658087	-0.03649193667454312	0.010267083137399446	0.03467422355019107	0.03225608457805722	0.003115983489476195	-0.012534813069877264	-0.014232763844786354	-0.01668102850745536	-0.004908143404580798	0.004082003695922193	-0.01932675114314044	-0.005832242182020498	0.003561556210972998	-0.018363408710468557	0.009197305688579493	-0.008014796303049127	0.014930626749371125	0.0013282437859633589	2.1322162013941668e-05	0.005561432288076706	0.002617096956996808	-0.0014534825465270255	0.00628613551885096	-0.0007000781856332649	0.00301643083189312	0.005271438267372139	-0.00040644226452157725	-4.4855824538026476e-05	-0.0032480849333697184	-0.0016489098810554131	0.0009705436844034476	0.00031372987932408306	0.0007012860868387112	-0.0003263142354370519	-0.0003167841234918383	-0.0	0.0	0.0	0.0	0.0	0.0	0.0	0.0	0.0	0.0	0.0	0.0	0.0	0.0	0.0	0.0	0.0	0.0	0.0	0.0	0.0	0.0	0.0	0.0	0.0	0.0	0.0	0.0
2019.3.14.cow.fecal.17	-0.5036162847463299	-0.3495540760474579	0.2707082071829164	0.1583715197511766	0.06729341669104776	-0.0052053964358031255	-0.0728978944473094	0.09726518864485817	-0.023174200513062848	-0.038166405118660734	0.053311294242515565	-0.02511926985432485	-0.03364516646932061	-0.09944301339926712	0.03667047067434173	-0.040248466039528655	0.0638585388449932	0.052250716516655485	0.04823605787336205	0.02521547980615785	0.023625347111344102	0.01238043141567077	-0.03292301651970993	0.010444575538439234	0.024491313411502718	0.028695126049550757	-0.01933901704009471	-0.004622136666015664	0.02631163613615663	-0.012469457947155276	-0.003483122647908255	0.00634249070009578	0.011342135432395272	-0.01919298122005003	-0.015372221510179281	0.0060261188024112716	-0.01770099066567985	-0.004028539033562738	0.0011440855056159404	-0.008957535198393828	0.019508301107581328	-0.004786454855912637	0.006002432912838065	0.009208711550615863	0.006343282169244861	-0.015090069810422473	-0.014694238747998188	0.006610415783006822	-0.0052557160838902686	0.0021374599119089936	0.003245881935739357	-0.0001420513537369611	5.9252936766721344e-05	0.0010634770002310478	-0.003130959244985166	-0.0005969530585406133	-0.0	0.0	0.0	0.0	0.0	0.0	0.0	0.0	0.0	0.0	0.0	0.0	0.0	0.0	0.0	0.0	0.0	0.0	0.0	0.0	0.0	0.0	0.0	0.0	0.0	0.0	0.0	0.0
2019.3.14.cow.fecal.17.rep	-0.45974325411506395	-0.26119724423134144	0.3156281886251226	0.14122870499493076	0.05148869510717032	-0.027282422970528408	-0.034297337382320124	0.06732336649022554	0.02038813249160268	-0.0912852956192755	0.019883467416142917	-0.03829276698474041	0.016483482684976628	-0.08792476602313054	-0.02371062372478192	-0.02060102080730948	0.0512961025539231	-0.006255793766934431	-0.03326278168306665	0.025116473407067415	-0.02539822435032878	0.008354581853610316	0.008644041424615683	0.01760156317224434	-0.0063684886572590175	-0.0034528599835006064	0.02396774665235939	0.01841166538103085	-0.005100561466468669	0.015051766103431272	-0.022612064208702945	0.0014086593426718337	-0.012550522141383604	0.01692852351148783	-0.016478256305037187	0.0027971621889795583	0.020771377505927467	-0.0057568074735949186	-0.013883419502709346	-0.024509317388878363	-0.02462028616924078	0.0167267370541261	-0.014498692603536357	0.008117325178961271	0.005939274919684507	0.00071638509390339	0.006399619623321463	0.005206282364748876	-0.009883716474839512	0.011955179071171877	-0.014999886012136561	-0.0043656175925127026	0.00491708591773478	0.0031282528350429543	0.0015991499700825583	0.0024989453494376358	-0.0	0.0	0.0	0.0	0.0	0.0	0.0	0.0	0.0	0.0	0.0	0.0	0.0	0.0	0.0	0.0	0.0	0.0	0.0	0.0	0.0	0.0	0.0	0.0	0.0	0.0	0.0	0.0
2019.3.14.cow.fecal.18	-0.5172684078112604	-0.2560434858285134	0.020621617151919864	-0.08535737211924208	0.016500690026477666	-0.049690142689346496	-0.012427267567539282	0.018864513146320455	-0.0025709388682867117	-0.004143321058149918	0.006390267167680766	0.025137267048306534	0.014095737013489441	0.011481761046788861	0.037518405541112146	0.04875450959077394	-0.02032392680663679	0.009444602434797956	-0.0028022061842813235	0.03336054927949529	0.024306206664540943	0.0411197011224341	-0.0665602815668538	0.011774470214751769	-0.0030224122608061357	0.0032588068789892294	-0.010384396242374546	0.03187502617055836	0.011684277010380653	0.0401893379627451	0.012257515303313841	0.012690816413266552	0.011776302293050746	0.002499777113273777	0.004159662064404915	-0.010427438337966864	0.005171147588229149	-0.0016285781604695835	-0.008880909688773477	0.009149340131624982	-0.008977566658282829	0.03287296219167563	-0.021835132848136058	-0.01633744932163914	-0.019877796485783014	-0.0005359050587168941	-0.0034347030297550312	-0.011165332473969157	-0.0031309137726528145	-0.0039005398265663043	-0.007835244048770718	-0.01090369559522075	-0.019302068713131528	-0.0036086650014358207	-0.0019804333923490037	-0.00021553511075642797	-0.0	0.0	0.0	0.0	0.0	0.0	0.0	0.0	0.0	0.0	0.0	0.0	0.0	0.0	0.0	0.0	0.0	0.0	0.0	0.0	0.0	0.0	0.0	0.0	0.0	0.0	0.0	0.0
2019.3.14.cow.fecal.18.rep	-0.5227979828699975	-0.2672948288488118	0.08122986133614622	-0.05790806444004545	0.02444302112192495	-0.04512902359847428	-0.015527892695476818	0.03062322661730457	0.007150105070036661	-0.007639450805858375	0.002930764250611736	0.005793713578273318	0.023066072234116382	0.016733170510056187	0.04032364181128582	0.03010804250208965	0.0014762598967209683	-0.0024442192593144793	0.019933993847364006	0.007877709683582538	0.011748571237875184	0.045037090121526915	-0.04495054609630424	0.025068494775707037	0.01697648100064998	-0.010056961219970987	-0.03803548038511861	0.016261912244913867	-0.007632372331078245	0.01034442529664425	0.038661820797307934	0.01949105560289602	0.006117353622432771	-0.013497078841909618	0.01835356635853973	0.010903652156605149	0.02661906190672403	0.0337695774418569	0.015982546352467188	0.010200127245904389	-0.014475728139102896	0.017254817595069645	-0.006549528917538213	0.008278982061402745	0.0024051900004957946	0.02667730621286331	-0.0016469208786617266	-0.012823057594507971	0.01521486915853127	0.002772330769186459	0.0067100062152091675	0.00863335019742819	0.02443953259021815	0.002542330906935754	0.002029868347585789	0.004886100530048249	-0.0	0.0	0.0	0.0	0.0	0.0	0.0	0.0	0.0	0.0	0.0	0.0	0.0	0.0	0.0	0.0	0.0	0.0	0.0	0.0	0.0	0.0	0.0	0.0	0.0	0.0	0.0	0.0
2019.3.14.cow.fecal.19	-0.51021773386599	-0.17223224117928265	-0.050675158416801744	-0.14342155704124032	-0.005182704925421478	0.017357968440020435	0.027411470437916224	-0.008414226164327918	-0.04301763552716366	0.017657974263279936	0.02141940580360791	0.014870353846324277	-0.004662392727109576	0.03016164478371293	0.07961638927463913	-0.0714318703587261	0.05341785373177085	-0.00939520148460337	0.03080493974823601	-0.0284302265348888	-0.00585834148033355	-0.013950092604118457	0.016453936307238595	-0.009078244996130228	-0.007779280904811906	0.014796552989007299	0.021439775780013444	-0.001948017934176426	-0.022763880285839443	-0.007411096933273435	0.02265881462226084	-0.02078919875902034	0.021849754423501497	-0.02642357419540103	0.0038898226263472265	0.001136321081472306	0.01230731105484164	0.016377869449619525	-0.0038938835783239533	-0.014543654313030455	0.017019622081353374	0.007330773343391604	-0.007044062762923369	0.0028591910107194705	-0.00536001931267378	0.0038073084898981703	0.008661201297299253	-0.0031823253990376586	-0.002051000188646441	-0.00442067686499289	-0.007721920581208851	-0.01269796222523925	-0.0011034498995360566	0.0077709323978960975	-0.008001474668973435	-0.004243519702174756	-0.0	0.0	0.0	0.0	0.0	0.0	0.0	0.0	0.0	0.0	0.0	0.0	0.0	0.0	0.0	0.0	0.0	0.0	0.0	0.0	0.0	0.0	0.0	0.0	0.0	0.0	0.0	0.0
2019.3.14.cow.fecal.19.rep	-0.5237852597268464	-0.19814199732033397	-0.07874642345243718	-0.13457333547944647	0.0009673653020315388	0.032720527899681266	0.008549465439574862	0.00915128152666319	-0.04601613498154889	0.024402465976519246	0.004855976508237193	0.017333129158022712	-0.014421606572567905	0.03968088975330997	0.06283999728268208	-0.05312021979780094	0.044690277719413564	-0.015594561421786144	0.03767404144100651	-0.028975511919940203	0.008755935723554698	-0.018724989449915547	0.0056157248059160916	-0.014410643928598097	-0.03276816923913067	0.03874135221592105	0.014551598038794453	-0.015896406211184815	-0.018598961269605724	-0.010801774406118554	0.002983086352706254	0.022506087178948142	0.016855765868077483	0.009623670476970566	0.010484327629790471	0.006446439162864334	-0.026526016952886162	0.0014058146855581424	-0.013056620090097554	0.009419151035139574	0.013056688294967025	0.02187643276964094	-0.0076723449015525845	0.015974486706956573	0.011683034477380776	-0.00933249370579612	-0.014633009647548212	-0.01780224651676747	-0.0008135746981113515	0.004125360279561727	0.006016155071870959	0.01368557360173027	-0.003318365987810891	-0.007020355307867155	0.006117481789068521	0.001856373611532113	-0.0	0.0	0.0	0.0	0.0	0.0	0.0	0.0	0.0	0.0	0.0	0.0	0.0	0.0	0.0	0.0	0.0	0.0	0.0	0.0	0.0	0.0	0.0	0.0	0.0	0.0	0.0	0.0
2019.3.14.cow.fecal.2	-0.44437976502055815	-0.12504011832893183	-0.03805760065198991	-0.18739803314307113	-0.04078129301368058	-0.10387898442717364	0.014110531399691333	-0.12789283734440288	0.11247229845119092	-0.0376288719406707	0.08141750311309612	-0.052717423741452434	-0.006856785149028042	-0.07885465259499029	-0.06077308342678243	-0.043626067155691714	0.011147355706078953	0.02930246145709672	-0.004442476903583753	0.04058314582927734	-0.004445534760163547	0.002855835464086831	0.06211365584680283	0.020109665701213655	0.026065757153494833	-0.011008177258483179	0.057650904813093755	-0.015333854158124171	0.0010273074513993308	0.03535983982703108	-0.01906242495936252	0.03075785549794683	0.010635582095761114	0.016813061277752936	-0.019673086128699245	0.008674296071162211	-0.018863660656146666	0.00492265226193595	0.025599094254399206	0.019412576563130356	0.006068479452011017	-0.004807409878253111	-0.024174169063323397	0.006395132944801551	0.006742255936327522	0.013734238182805196	0.0028244463374686593	0.009109568337715741	-0.0032677067573483945	0.0031079053746405016	0.009893787260833734	-0.004790869002775375	0.005742326449090305	-0.0014112890938179107	0.0004046055924975893	-0.0013703503873856997	-0.0	0.0	0.0	0.0	0.0	0.0	0.0	0.0	0.0	0.0	0.0	0.0	0.0	0.0	0.0	0.0	0.0	0.0	0.0	0.0	0.0	0.0	0.0	0.0	0.0	0.0	0.0	0.0
2019.3.14.cow.fecal.20	-0.46274849754033803	-0.15474250471193604	0.022234516920204936	-0.13167417434855738	0.00014802720072871337	-0.04400887066050363	0.03148189546273646	-0.014965742017391362	-0.050630994304923245	-0.0007789698932894532	0.07409323049458934	0.03497899621146187	-0.005625935235333215	0.026429227014754742	0.05740838274709374	-0.06534672028344322	0.060185547153208126	-7.248718310288604e-05	-0.0008126282548339996	-0.05372790603153549	-0.019120044365643244	0.009255013085039029	0.014071856279575006	0.004522035229339795	-0.003725759068845975	0.03840492196618985	0.0035466969466531268	0.016266059584170697	0.004071295423972207	0.019827661650574157	-0.0032188627555468485	0.015092892094966033	-0.03822846278299549	0.004718837656977171	-0.023790208830554705	0.00792905749486292	0.012607141085007281	-0.04315690743230421	0.00555692300590126	0.00026498515233237184	-0.013643296038784223	-0.0033218504978291498	0.019017024609272046	-0.025677461008206896	0.018597295926373113	0.0026809998927972496	0.007938138511809283	0.00015958651229670357	0.0017998174314259562	-0.0064041341878898535	-0.012780840821265687	0.011049534410696686	0.00032707112311423247	0.002766312138751208	0.005659774196935088	0.002459436169227814	-0.0	0.0	0.0	0.0	0.0	0.0	0.0	0.0	0.0	0.0	0.0	0.0	0.0	0.0	0.0	0.0	0.0	0.0	0.0	0.0	0.0	0.0	0.0	0.0	0.0	0.0	0.0	0.0
2019.3.14.cow.fecal.20.rep	-0.5037068787090199	-0.200486500036717	0.008850029810189553	-0.1231248209361158	0.006950273406356434	-0.02727823141528353	0.017793340723420186	0.003745824050974943	-0.040237901474519826	0.01081828926369273	0.04730506469455254	0.03379668333147303	-0.0071617346784253405	0.018708250950450388	0.05916950045929934	-0.03636981208070996	0.03472631106354072	-0.004007548101968251	0.017465391380602272	-0.02838440662440735	-0.015645737039350408	0.003283347656746296	-0.002602834224293421	0.03962848071579849	-0.007468736686811187	0.027185836557674033	-0.028540346481871023	0.01997879930924543	-0.013804821331849834	-0.006251790936521605	-0.012314240914188097	0.012632260588373918	-0.044661069744021266	-0.003584732309938471	-0.0018777499273567387	-0.0022201994042504803	-0.017369566936022523	0.006469388727176154	-0.0016573095794466767	-0.020447589576483852	0.0065341727610289365	0.012508321682565028	-0.0012961678654771287	-0.0020416317763815276	-0.015674639561921205	0.014110756934998693	0.003995354770844244	0.012020440224712253	0.008999809541350035	0.0023409938705986184	0.01631933736479541	-0.014859246336911495	-0.0026102829143479487	-0.005241349310556799	-0.003401868448560322	-0.005002618005518484	-0.0	0.0	0.0	0.0	0.0	0.0	0.0	0.0	0.0	0.0	0.0	0.0	0.0	0.0	0.0	0.0	0.0	0.0	0.0	0.0	0.0	0.0	0.0	0.0	0.0	0.0	0.0	0.0
2019.3.14.cow.fecal.3	-0.4356674919217115	-0.17612257445150037	0.3666318585798233	0.09743352758736412	0.013665223984894897	-0.08817220346872301	-4.247691349758715e-05	0.007029185633402916	0.052183464055221854	-0.10654112189910887	0.016201057979785626	-0.02856300555510145	-0.02595701257580124	-0.008436026933567285	-0.06597558625803683	0.005510064788756794	-0.003054385556340681	-0.07013157707291623	0.001348181724424336	-0.017850321686620336	-0.0005391773581088526	0.020930434461023308	-0.0009427898740330361	-0.051894334889800976	-0.08478343032652629	-0.008507540246687853	-0.011620532078840232	0.01974512422062189	0.011182822022763108	-0.045578263252205785	0.040946106257762245	-0.0054696684077864795	-0.005529168470457337	-0.025734986809644565	-0.039111646379744354	-0.009764973911920083	0.0007309096543979234	-0.010279749538812182	0.019481570296099225	-0.006372948968613462	0.012746520780323447	0.010282145552443792	0.0050897804216470666	-0.00019912066143264371	-0.0031379863489276213	-0.006783801187540138	-0.007208647091505383	0.011077953669023024	0.0025292688751631987	-0.004207282345148013	0.008754470905104192	-0.0011294816611452962	-0.0035758387818897396	-0.003306719269504944	1.5020618544150751e-05	0.0021959791817610886	-0.0	0.0	0.0	0.0	0.0	0.0	0.0	0.0	0.0	0.0	0.0	0.0	0.0	0.0	0.0	0.0	0.0	0.0	0.0	0.0	0.0	0.0	0.0	0.0	0.0	0.0	0.0	0.0
2019.3.14.cow.fecal.4	-0.524265270870835	-0.22640871419691605	-0.08408734702358188	-0.11746175931175211	0.0025500700503657747	-0.01300548501868594	-0.009520861878389271	-0.005891452934115792	-0.046996468848708686	0.0031101801619661555	0.01083307456447633	0.04129040545386155	-0.05504319035054072	0.002681953140794881	0.01715041526781201	0.007097223818360638	-0.012273772448068234	-0.017713961123367174	0.03095246866652302	0.04260398922301918	0.025436216905416857	-0.02550459428301187	0.022372608808404484	-0.03895655090190213	-0.0464932458040096	0.028394854273928464	-0.00966960859329617	-0.048827734921869245	0.05088104634325589	-0.03886219615791092	-0.044382996524368355	-0.005581112187748528	0.021003580562532535	0.02035082412688157	-0.02956567861884033	-0.00477342008408056	0.026040900595080945	0.030536019510630008	0.009534914758993894	0.007751613781013129	-0.01086916335571856	0.003863296118741489	0.02647570085521563	0.011669593239616466	0.008205270869446332	0.016905379059448618	-0.0027673152633594504	-0.002013848496714709	-0.003541378405539566	-0.003642065908737345	0.0006462694024041055	-0.005534472832079029	0.00011063023695539582	-0.0047621198672251	0.0028063774846507255	-0.0012152046295815031	-0.0	0.0	0.0	0.0	0.0	0.0	0.0	0.0	0.0	0.0	0.0	0.0	0.0	0.0	0.0	0.0	0.0	0.0	0.0	0.0	0.0	0.0	0.0	0.0	0.0	0.0	0.0	0.0
2019.3.14.cow.fecal.5	-0.4473476012436616	-0.13130340679100624	0.10315867835327572	-0.1417765021529429	-0.026051530378064014	-0.15355403607088366	0.027036073007468502	-0.08050326095011331	0.01233393238498747	-0.02294771444038614	0.09938559062710693	0.08911506110337476	-0.07719368606226959	0.004354138984596043	-0.034783722391295235	0.034609520765930595	-0.028294639862241247	0.001576780349160128	-0.06473134664331433	-0.03046365369714581	-0.025190132908056058	-0.06041404485302106	-0.0015943301779065477	0.0019130179248823733	0.028086636878075912	0.032740165225372285	0.003351426276061713	-0.0018567727195101403	-0.00724335020595598	0.01760882637330629	-0.027988590370576494	0.01044758663592582	-0.006475467519708759	0.02011162958337977	0.025541542071737783	-0.0135543268856187	0.02343409616490323	-0.002234795283562252	-0.025486743300706285	-0.0049326961000310905	0.002182005426356929	-0.013972589345699588	-0.011460352090845349	-0.008870428498969737	-0.0014859792845738989	-0.009453916988903934	-0.009758335094020118	-0.005631653440754373	0.004025383378770032	-0.015257200268598885	-0.00338132479654017	-0.004186424652565072	0.007419288869868648	-0.007229087092059827	-0.004706371105713073	0.004655513655942906	-0.0	0.0	0.0	0.0	0.0	0.0	0.0	0.0	0.0	0.0	0.0	0.0	0.0	0.0	0.0	0.0	0.0	0.0	0.0	0.0	0.0	0.0	0.0	0.0	0.0	0.0	0.0	0.0
2019.3.14.cow.fecal.5.rep	-0.40815543818789557	-0.08132448627681567	0.11148953384931322	-0.15839283429284978	-0.041212581227452076	-0.16168292074187943	0.02722678726358338	-0.10315868997934736	0.031206061641921495	-0.022161682023352603	0.09813718753966083	0.10673593802154448	-0.08285475443403309	0.02053070773240376	-0.05020285921354654	0.02781427384258342	-0.05290783780959502	-0.0010288930788529905	-0.08612460455771391	-0.029927258040074504	-0.015608562511210226	-0.043364160062226625	-0.011564524398042916	-0.032711512028651815	0.009011024620372005	0.004137091514144435	-0.03489185859825222	0.03211762140206338	0.009734679521975795	0.002371007652252525	-0.0022929154191233562	0.002836825816427724	0.03153839680393931	-0.017445602472668433	-0.007690851565234989	-0.005206102554915186	-0.016566173723605606	-0.010724272832839313	-0.000473244527893982	0.008887260382902423	-0.0016404581459218712	0.010022061382447173	0.012835839440151752	0.0023268453844435466	-0.0043472683112276995	-0.00032979060928788674	0.006206288814553281	-0.0007350064882229373	0.0031390520320290142	0.01452085377332908	0.00032969089140518897	0.007013130579931454	-0.006244511820172956	0.009525268645690968	0.003393600020952342	-0.003420581349499423	-0.0	0.0	0.0	0.0	0.0	0.0	0.0	0.0	0.0	0.0	0.0	0.0	0.0	0.0	0.0	0.0	0.0	0.0	0.0	0.0	0.0	0.0	0.0	0.0	0.0	0.0	0.0	0.0
2019.3.14.cow.fecal.6	-0.4851770933806492	-0.285728527282332	0.3343324511215813	0.1397109974127312	0.05522246072967725	-0.05506026747262243	-0.0401327387904316	0.050012315298036666	0.029500281102990494	-0.08109262648330096	0.050029897684536716	-0.030906590155891825	-0.06058003081734286	-0.06718096828003729	-0.05379043963624668	-0.03061701046278968	0.04209586416503589	-0.03388376544843293	0.011021573476742264	-0.04055843444669894	-0.00801867963748931	-0.01824442951821166	0.016281744692718148	-0.019934125601310592	-0.010831950770791823	-0.037934136050319915	0.04637819993910245	-0.03694306052381525	-0.0203580827313926	-0.0007990247870574681	-0.022550426908358977	-0.019407766514315597	0.0024408888336344896	-0.003298079513955437	0.05026414107768467	-0.004967156771339178	-0.01361498548126394	-0.0015023847170494342	-0.0024453792536629606	0.021845105789400545	-0.003149491750844659	-0.006534231036505412	0.0011874823891456522	-0.01336220945765091	-0.016592959070203524	0.01547233337073427	0.0029614852072603094	-0.009033338453855616	0.009948455413419165	-0.004984740053815553	0.007709898504137604	-0.0006195103231744228	-0.00515493643195949	-0.0006143566923813882	0.0017530991606703977	-0.000814295127873485	-0.0	0.0	0.0	0.0	0.0	0.0	0.0	0.0	0.0	0.0	0.0	0.0	0.0	0.0	0.0	0.0	0.0	0.0	0.0	0.0	0.0	0.0	0.0	0.0	0.0	0.0	0.0	0.0
2019.3.14.cow.fecal.7	-0.4921740143996552	-0.195504494227491	-0.07313578449093552	-0.18948469670099755	-0.01945614734672214	-0.0869605521129249	-0.007884811982560906	-0.09391745384389266	0.08345508105969131	0.003902636118786203	0.07128972931595579	-0.034213249450065195	-0.020515791935912832	-0.06145246913865551	-0.02335842658838605	-0.032324999415728854	0.017343947603711607	0.033155808859285166	0.049932280403899354	0.021359557651287504	0.040567683455627584	0.022532577127663992	-0.0006138037553450129	0.02960602379468772	0.05744471264347264	0.006191937277490026	-0.022553064067949064	-0.007735384088158265	-0.02052258382426134	-0.00876451759908279	0.023437822032211907	-0.016673303591140796	-0.001353506376782866	-0.0382912413939714	0.027475040310493342	-0.0037954439249300235	0.030231824761537802	0.01926444887196036	-0.017636687833872754	-0.010005285263967798	-0.005004062665976583	-0.005697929028826823	0.031709837988775795	8.166070626157547e-05	-0.00818637513505405	-0.014896263302161327	-0.002858806714217143	-0.0011348389932906416	0.004774854341958502	0.006514041691919333	-0.001915018012287324	0.008577187009878622	-0.004614669586053259	-0.00245183295449884	-0.0027633033668458666	-0.0004640929136472651	-0.0	0.0	0.0	0.0	0.0	0.0	0.0	0.0	0.0	0.0	0.0	0.0	0.0	0.0	0.0	0.0	0.0	0.0	0.0	0.0	0.0	0.0	0.0	0.0	0.0	0.0	0.0	0.0
2019.3.14.cow.fecal.7.rep	-0.4982058065214511	-0.22668748718694012	0.15147445659410322	-0.007654052622094326	0.01141935523347808	-0.04045324317883588	-0.0011234647093503636	0.006408533149273278	0.04177426887031119	-0.01235646298466352	-0.05442928762504252	-0.08228763058935169	0.0725155229796411	0.02243569050251948	-0.0006166101583388223	0.05721755066187021	-0.04474985988462449	0.003749698341277704	0.021450218838510265	0.024806988770204173	-0.015573606353912955	0.00015852218786417663	0.018646978272788932	0.00610759104494737	0.05110486277682849	0.00641462535448189	0.021704241066339353	-0.026122565963407444	-0.025134857335796252	0.023043625014169372	0.02881110332427806	0.013850696108111649	-0.021057895584099044	-0.0022107183100857253	0.006890130492732359	0.017020738226489904	0.005764196022358477	-0.025374081481730783	-0.0012885098562397288	0.03446737016646144	-0.016768780473955004	0.006609334318743562	0.03768969130358953	0.01615370966882355	-0.0008432067796423519	0.002801890745679233	-0.005667224602258685	-0.003916400680132655	-0.017933717309384173	-0.018377535934985898	0.00521274460536352	-0.008482305678440454	-0.010789665699737609	-0.0006199292184240071	0.0013376433606329269	-0.0007741780680910208	-0.0	0.0	0.0	0.0	0.0	0.0	0.0	0.0	0.0	0.0	0.0	0.0	0.0	0.0	0.0	0.0	0.0	0.0	0.0	0.0	0.0	0.0	0.0	0.0	0.0	0.0	0.0	0.0
2019.3.14.cow.fecal.8	-0.5076645272001339	-0.2317391841347336	0.003595570974428285	-0.1412792931082622	0.00012673304141207453	-0.07814086908011636	-0.028131912801380884	-0.0072702592996680806	0.0234847183057934	-0.009650875499743063	0.07113069585500116	0.11395935363029099	-0.07038506661096229	0.044304969370576985	0.012026121711246354	-0.004003671737107501	-0.05273210961199905	0.009240151020145516	0.03595298400203866	0.01837311816046057	0.05853945638564497	0.05278526478483489	-0.0436108939736911	-0.02425990347768121	-0.041676499422457526	-0.08528398643764369	0.05025207362376991	-0.0020744039520488953	0.002663957195800458	0.007081431057194577	0.03503121949079098	-0.014033812901910367	-0.009098163486223183	0.021336962348945908	0.01455200742453164	0.016983082308730805	-0.008435835736895709	-0.000689447885279597	0.008167753275625174	-0.017325608023076627	-0.0007175758049847818	-0.012098398707956901	-0.005537303006834047	-0.0019415449599310209	0.020411031578897364	-0.006652210032984735	0.005247920617816001	-0.007671914152658592	-0.007469516094343398	-0.00041379822538066064	-0.00629106594046128	-0.0002305197311821641	0.005942334329317668	0.0009193217067911618	-0.0005674805182171863	-0.0037150743034038685	-0.0	0.0	0.0	0.0	0.0	0.0	0.0	0.0	0.0	0.0	0.0	0.0	0.0	0.0	0.0	0.0	0.0	0.0	0.0	0.0	0.0	0.0	0.0	0.0	0.0	0.0	0.0	0.0
2019.3.14.cow.fecal.9	-0.5282527675264934	-0.2016490427080639	-0.04621814590510767	-0.10993025148252215	0.001696579070500896	0.024512571240509946	0.011727141679445493	0.02057303559237759	-0.035356945382913285	0.0179328676844526	0.003163639612961557	-0.0007540323282844444	0.0041042168674394934	0.03282619314221061	0.034709772850838164	0.0021583862447919658	-0.0478430455362541	0.004824263556932847	0.028858114891976205	0.002052943036121517	0.007306821745517643	-0.012876131501258846	-0.013894247776863685	-0.03452097053654824	0.02744248192319892	-0.035934760532950076	-0.0042224042724331905	-0.02061622633944063	-0.009756310527991481	0.03151782842968893	-0.01478710082661961	-0.027590346160897884	-0.009427845825565181	-0.02376154524945257	0.012245618170223595	-0.011283347815643437	-0.0384378490558268	0.007713792750914971	0.00728839894402231	-0.0006826745039985942	-0.00511708097256004	-0.006332103017877901	0.012431442146550504	-0.0013732049424221226	0.005670408904443815	0.01025127139908741	-0.010243692959386002	0.02169920287703006	-0.008089409393003587	0.022331141847828636	-0.009508055026215205	-0.005736439501720549	-0.0008991664283204855	-0.0028776692272756022	0.004031118143273109	0.004498008548629206	-0.0	0.0	0.0	0.0	0.0	0.0	0.0	0.0	0.0	0.0	0.0	0.0	0.0	0.0	0.0	0.0	0.0	0.0	0.0	0.0	0.0	0.0	0.0	0.0	0.0	0.0	0.0	0.0
2019.3.14.cow.fecal.9.rep	-0.5678842777965142	-0.27406451736872184	-0.09144300229691987	-0.07812987761448484	0.029192206639949366	0.06249743361272044	-0.027950089590868296	0.05158860134513949	-0.0599852326327838	0.0580004237301976	-0.0018401335274174314	0.011556226442122676	-0.022917665925500597	0.02261856729525829	0.004943950254881213	0.0009749290740812798	-0.03000308412278622	-0.03965666064030248	-0.015897222255402545	-0.06951742624237033	-0.019078535375033234	-0.04399201615444929	0.027260011766236863	-0.056320360542681455	0.05466083013681449	-0.03189150875216549	-0.03196406419724677	-0.00760973007076923	-0.010726067690605419	-0.010280110074314331	0.009422707712081405	-0.014536109940792553	-0.041896674299183506	-0.004349129423401128	-0.011435428550908561	-0.00813435257452045	0.010685192186468536	-0.00023051968367998377	0.01372753355612617	0.010296682058872391	-0.01560598387491477	-0.0030615607951424944	-0.024002627880599932	0.0086258474286989	-0.0056069250024412595	-0.017416297522817422	0.009665225385038886	0.0050481774383244705	-0.007069006716389788	-0.0034089332701871273	0.009733467573420213	0.006577474064150706	0.0014782300612570715	-0.006941457547910573	-0.0009643529024271474	0.0003043267062451091	-0.0	0.0	0.0	0.0	0.0	0.0	0.0	0.0	0.0	0.0	0.0	0.0	0.0	0.0	0.0	0.0	0.0	0.0	0.0	0.0	0.0	0.0	0.0	0.0	0.0	0.0	0.0	0.0
2019.3.14.cow.nasal.1	1.1393849247392263	-0.21941282461837083	0.03062431073742223	-0.11764058769097789	-0.34263511079422365	-0.1660560395802154	-0.2600633954239836	0.13300205673880272	-0.054835481791129126	-0.06658985517418063	-0.14643605392230322	-0.07060049624038127	-0.11953239605030307	-0.03499574637841193	0.05228558715795231	-0.029049624309675098	-0.014301447941031225	-0.0344069148911998	0.020517409325440647	-0.012972611795077218	7.515978744224835e-05	-0.026727662827266557	-0.026047396090335257	-0.013558997628073707	0.02414756848598273	0.0023500487042116595	0.010381989764804124	0.008427067507347901	-0.008222403144758167	-0.005506207588124115	0.0017468499917082988	-0.0023114917465666515	0.011747866520192997	0.013835076394177713	-0.005145716930609261	-0.0025823364168653046	0.007427600782202805	-0.008243458201200144	-0.005972768844786535	-0.0031978747040045186	0.004970394344528867	-0.010570882563441032	-0.0007053959919105236	-0.0034413347385953705	2.943948400771225e-05	0.0011035575220619536	-0.0047039175790753165	-0.0030384019046603285	0.004017006896290984	0.002104792429618088	0.002856377338667515	-0.0005139142041940435	9.992747849852483e-05	-0.0014640923210950472	0.00022857840689192755	-0.0005392533561172087	-0.0	0.0	0.0	0.0	0.0	0.0	0.0	0.0	0.0	0.0	0.0	0.0	0.0	0.0	0.0	0.0	0.0	0.0	0.0	0.0	0.0	0.0	0.0	0.0	0.0	0.0	0.0	0.0
2019.3.14.cow.nasal.13	0.9755208225671491	-0.2692316264780163	0.0037653146417072152	0.042389043908916214	0.10886131679022192	-0.0038589190366757494	0.22011581875553987	-0.04855475660013652	0.04557229386144865	0.12697350956207576	-0.04660058475447883	-0.010535105110071564	-0.03662719327039943	-0.07554621360137728	0.018744343239340475	-0.018077686755283654	0.031822053762200674	-0.0996717776792123	-0.011450093894513002	0.04889182250799929	0.04062127834917514	0.02013124248370615	-0.10640020397317766	-0.03269948872104257	0.05243812418415338	0.018253361827459926	0.020820362107082133	-0.02400009345925257	-0.009955846598852064	-0.024933205843613367	-0.008416696218038968	0.0032130333699071445	0.006568448164539988	0.008635242148517299	-0.009140933649831286	-0.0060091384315251435	0.003419080686782212	-0.035761671439269976	0.0020701768267964655	0.003660502487048588	-0.007443654878489394	-0.004744738217922702	-0.01487642888441552	-0.009374937288466622	-0.0013520809582685393	-0.00021882129675747432	-2.6883152792372684e-05	-0.0024877584336413915	0.011914607132000616	-0.0004959899755410004	0.001438734178001982	0.00040131522680950555	0.003909065237073855	-0.0008284080451521327	0.0003623588926701836	-0.0006414493941432499	-0.0	0.0	0.0	0.0	0.0	0.0	0.0	0.0	0.0	0.0	0.0	0.0	0.0	0.0	0.0	0.0	0.0	0.0	0.0	0.0	0.0	0.0	0.0	0.0	0.0	0.0	0.0	0.0
2019.3.14.cow.nasal.14	1.1420363427391458	-0.36350379811391775	0.05868843759637675	-0.04513697862977308	-0.36302426195617626	0.05321224387433861	-0.07168540720215623	-0.03680036181937896	-0.08331313786041565	-0.04923994790240582	0.0048084564265976504	0.07711859934198688	0.0046289315368584745	0.09570919870504166	-0.07828097959989716	0.15055500021337656	0.17561051151146373	0.06628711670336197	-0.006042000991247729	-0.009224118261827454	0.04980554435124075	0.018730831416440337	0.032478274468010736	-0.003436626389920714	0.020485671196047148	0.011357640979616722	0.014364713242185257	-0.016523928899343256	-0.008393564532167283	-0.006453085825708515	0.0027515342805352907	0.00559871749552573	0.0011453116035362526	-0.02247239909054477	-0.008250850123133825	-0.000507583604341766	-0.01017171922277759	-0.007995497304267732	0.01077328929835622	-0.004718856493542976	-0.00891607627421073	0.011260936553308797	-0.0042623850578085995	0.0005212733093200554	0.0021328512706476196	0.00018585072314791033	0.0047898137131645434	0.0032512470657852332	0.00305817583241471	-0.0003803144040647584	-0.0038622105662840167	-0.002660538821221782	0.0009749522406162845	-6.5642692322764e-05	-0.00023936421660419117	0.0006271542861338455	-0.0	0.0	0.0	0.0	0.0	0.0	0.0	0.0	0.0	0.0	0.0	0.0	0.0	0.0	0.0	0.0	0.0	0.0	0.0	0.0	0.0	0.0	0.0	0.0	0.0	0.0	0.0	0.0
2019.3.14.cow.nasal.15	1.2138558949522231	-0.4708731869717657	0.12730196456430198	-0.12566360494655254	-0.3836209680260635	0.1238583147845053	-0.11425587673740076	-0.06563742747194211	-0.07343853439311976	0.012236124871456552	0.04360967419308494	-0.04293863498418474	0.016995696079759145	-0.019747209138073707	0.02302696833639629	-0.0234659617603846	-0.056634228332596744	-0.018034184693708332	0.0008525384131184918	0.007307893606598541	-0.037318767869794205	0.031089641874503464	0.004902149168244745	0.03807603330089437	-0.03353368912136935	-0.011655315066310538	-0.002558220648529286	0.034931329241486	0.003413409028867217	0.03712966822056134	-0.01886381498883052	-0.009902862094433064	-0.017883597327727093	0.014227455338243834	-0.006011502561552404	0.007757326080603371	0.03199355658139707	0.013101852122531963	-0.0040431799675288965	0.008648091346908906	0.02142333898324994	0.00621873606927584	0.007813374002223239	0.0038391325564030633	0.007565411926769711	-0.007701544755344148	-0.002807403879514317	-0.010625942305638961	-0.003495366485981298	0.004981623770700217	0.00032495059537287623	0.00203560567374181	-0.0062276824989130645	-0.0016463708093014584	0.002111616868349395	-0.0012930109343305568	-0.0	0.0	0.0	0.0	0.0	0.0	0.0	0.0	0.0	0.0	0.0	0.0	0.0	0.0	0.0	0.0	0.0	0.0	0.0	0.0	0.0	0.0	0.0	0.0	0.0	0.0	0.0	0.0
2019.3.14.cow.nasal.15.rep	1.1563900761904626	-0.3652077641674306	0.07035166574076715	-0.06836112630000614	-0.021628206626405404	0.07643570582268802	0.14847181291396558	0.0056811999220881095	0.057255864226132346	0.0837569894608034	0.029024981829346944	-0.03656261435456279	-0.04525554925052719	0.0025967135247844304	-0.0013181715787816085	-0.007061876874455117	0.01531197401805745	0.05765459679581906	-0.020961768502322748	0.05197324375199794	0.027482025608759765	-0.06854780722072687	-0.025692088008391057	-0.02104765260177345	-0.01148586669683465	-0.008402446884172469	0.02229105568359003	0.01162220211181098	0.028509563368202186	-0.007818442529232826	0.020434842357320022	-0.006258885289052191	-0.03518278456674542	0.0171374420070517	0.017491569842749105	0.02243843811468939	0.03066717726676665	0.011216491640446625	0.009901919883513658	0.0052528715791241255	0.030251717537626528	0.019253226833097874	0.0022779828863135404	-0.002038653975421583	-0.01729182864835663	-0.0011078736390542807	0.016214097413461803	0.011978421987211649	-0.014602022223748849	0.0006789487580817335	0.008411740906701737	-0.0012317816266425047	0.0029832234979486174	0.00014902163385176686	0.0025032377278811926	0.002173782065188979	-0.0	0.0	0.0	0.0	0.0	0.0	0.0	0.0	0.0	0.0	0.0	0.0	0.0	0.0	0.0	0.0	0.0	0.0	0.0	0.0	0.0	0.0	0.0	0.0	0.0	0.0	0.0	0.0
2019.3.14.cow.nasal.18.rep	1.2350607596322118	-0.48907478050781705	0.1375949278174911	-0.14939046686686439	-0.38656054263740075	0.14075979086469279	-0.15893091437447515	-0.09914015414432428	-0.05490852468444764	-0.0075966224008739355	0.03365296324490118	0.0067456670827116105	0.03965037390043009	-0.004908899493670907	-0.0008263553854655216	0.018152330686953162	-0.08267993466760482	-0.0616165517585372	0.021325976959482417	0.0026209542631031317	-0.014296604945391334	0.007117798571485411	0.02549540216491754	0.014022845643221416	0.0054931123666824904	0.0059637366570712514	0.006384289520699503	-0.01074962676985896	-0.008109294743822569	-0.02970031077430954	0.01187839814075723	0.00240496049015694	0.02885237255533219	-0.003611039165189844	0.014239126072438364	-0.0215993689264583	-0.02541501309663191	-0.00979448012930334	-0.00016248835205739262	-0.011486874197303347	-0.019385480854801528	-0.005369003922910452	-0.0022751542527345387	-0.0002739993187102685	-0.004520494907948355	0.008104236207316675	-0.0012668574973171008	0.007075138607456988	0.001204387896287209	-0.005680285365736602	0.0006194526922489223	-0.0011639938878125991	0.0050545145041147165	0.0031069477203969353	-0.0019580035257247236	0.0006258920838259494	-0.0	0.0	0.0	0.0	0.0	0.0	0.0	0.0	0.0	0.0	0.0	0.0	0.0	0.0	0.0	0.0	0.0	0.0	0.0	0.0	0.0	0.0	0.0	0.0	0.0	0.0	0.0	0.0
2019.3.14.cow.nasal.2	1.1575348369784968	-0.35520915938255637	0.05797327416571551	-0.04863171990436804	0.015033926801925113	0.10855535089943691	0.18225972240901678	0.01815772282829431	0.12559152196625187	0.07107644251746559	0.0631147238902014	0.05096249676881921	0.036774725259385126	0.02256172460868812	-0.049415712243963905	0.04190636351136498	0.0679608525734151	0.024005989810727747	0.010912637916362348	0.003985706456856188	-0.006555462915223125	-0.0021404124170272512	0.0020269047886244014	-0.04136738217752911	-0.017309432085359157	-0.001218023477170767	-0.02689803144853416	2.8097418677084327e-05	0.01680586121557776	0.021343358505717933	-0.009552711248887746	-0.02287453937073511	-0.010339807097431422	0.020880033749268733	0.00045150693794558997	0.0031902884088412693	-0.013340202361966255	0.01876651085283478	-0.018127849273268118	0.00806924410045023	0.0028980044579683378	-0.022565882347149943	0.004411203266815973	-0.002034237184954817	-0.0012641577827214	-0.0026076775784379014	-0.013456229969578034	-0.008552411612092872	-0.00042481148366640996	0.0024648723925057895	-0.002907521815338335	0.002665443845111023	-0.0035466153945156917	0.0013033400617868207	-0.0001569940962117387	-0.0007730813229757361	-0.0	0.0	0.0	0.0	0.0	0.0	0.0	0.0	0.0	0.0	0.0	0.0	0.0	0.0	0.0	0.0	0.0	0.0	0.0	0.0	0.0	0.0	0.0	0.0	0.0	0.0	0.0	0.0
2019.3.14.cow.nasal.3	0.4573475849267299	0.2661484095508475	-0.3319988087005449	0.347207120903816	-0.44344291413148407	-0.6866414089175935	0.013181260240192817	0.17474436372555494	0.15128167199364423	0.09449184207839102	-0.01386369907829009	0.03708561480887664	0.05034036711712161	-0.005969748918428999	0.02879371837290248	-0.03537623338874743	0.022570279299303164	0.024638160990758516	0.0007518829703539971	-0.009173940958741768	-0.016088561193096918	-0.013323927964600692	0.0035985967718755226	-0.005266639824748077	-0.015735087953555126	-0.00678790732869848	-0.010148818118719472	-0.014379347315499589	-0.0003783155219857747	0.009067611379859397	-0.003607815269136239	-0.0020589807032114563	-0.003452246686002812	-0.008633292800457578	-0.0030101198314698868	0.007767590026808611	-0.0046911022115055335	0.003436959753700502	0.00012034105773022933	-0.0019159104389150224	-2.645375372955019e-05	0.003377321182397369	-0.0003029716398511501	0.0038018476062978437	-0.0013725797496874994	9.423525343809201e-05	0.0007499372774798856	0.00249986679139352	-0.0005657375881340824	0.000700848804940712	-0.0007755402792475536	0.0008959878010620232	-0.0010612264449292778	-0.00011809558086793181	-0.00015002838995387173	0.0002689361346784933	-0.0	0.0	0.0	0.0	0.0	0.0	0.0	0.0	0.0	0.0	0.0	0.0	0.0	0.0	0.0	0.0	0.0	0.0	0.0	0.0	0.0	0.0	0.0	0.0	0.0	0.0	0.0	0.0
2019.3.14.cow.nasal.6	1.2575565519485634	-0.48490944018135806	0.07615624737803343	-0.0842404568106783	0.12375166148294313	0.04291036001351957	0.10963000504416791	-0.0559566211558958	0.1661574426600164	0.0798866444713484	0.038336900329467766	0.09525582218297979	0.10490524337456358	-0.05550737730138289	0.05974507395753558	-0.06084210205423892	-0.08387084545048873	-0.051674743779209095	0.009387260107923116	-0.0049091864464602475	-0.03863718017785159	0.025130287227578936	0.03750497887911754	0.011468799199336965	-0.020158430341459175	0.003484628182677636	-0.01799961406300962	-0.0052511307077951685	-0.00013449900875918787	0.009117055613475276	-0.010329264321850226	0.00948802477380446	0.011115851424540843	-0.027814769009416904	-0.007888157201618043	0.001140817298298101	-0.01232757130719789	-0.007243934287077813	0.0031744661049421846	-0.005241173999132221	-0.007910046758044634	0.0066676200004269805	-0.001281191023724296	0.006906714919134415	0.004672401857371817	0.0008882628688406083	8.60471853805586e-05	0.0015475057829031982	0.002586703403293304	-0.000827311260229956	-0.0016402409221149515	-0.0009724611553411852	-0.001068930238038914	-0.0007994203939505319	-0.0013052415039625765	0.0007621807743075638	-0.0	0.0	0.0	0.0	0.0	0.0	0.0	0.0	0.0	0.0	0.0	0.0	0.0	0.0	0.0	0.0	0.0	0.0	0.0	0.0	0.0	0.0	0.0	0.0	0.0	0.0	0.0	0.0
2019.3.14.cow.nasal.7	-0.12119571064072564	-0.14797253977286826	0.1148596777901156	-0.05333944550474147	-0.012387519212853559	-0.12037278177540976	0.216396133854873	0.18194096363606807	-0.07519952381629907	0.04617574152494667	0.031558283183515105	-0.09476299501623343	0.09484458570177366	-0.002030857942827483	-0.039046499232408084	0.06897127834857357	0.03677823492853063	-0.06232342116045012	-0.01745757944163425	-0.04442287193535555	-0.02585136793789141	0.02985141861928059	0.01232331068978857	-0.003022898730537948	0.027405336938135995	-0.025723075093219968	-0.02476785325866201	0.011274526922767996	0.0006723951797554013	-0.018642646852711206	0.015440189283095781	0.014031845808716583	0.005698949499391978	0.009290889349649284	0.005342149457985245	-0.009372755340330368	-0.00928084625137778	0.009569563021050735	0.011786055605142861	0.0011649935835380924	0.0026396787462817334	-0.00015681622703868264	-0.002802377719184686	0.0069458686727952605	0.008074734964160887	-0.002236279440235752	-0.0022328270779765074	-0.0054935895030859905	-0.004494295557132464	-0.002076294222569202	-0.00017929070793884977	-0.0017588984737243838	0.00021166867647338014	0.0003714187272536474	0.0001754248407862827	-0.000949987178231599	-0.0	0.0	0.0	0.0	0.0	0.0	0.0	0.0	0.0	0.0	0.0	0.0	0.0	0.0	0.0	0.0	0.0	0.0	0.0	0.0	0.0	0.0	0.0	0.0	0.0	0.0	0.0	0.0
2019.3.14.cow.oral.1	1.0265555478018107	-0.1176853096063051	-0.036035199489937844	-0.005699021723429218	0.4286062570183896	-0.008148257180174064	-0.0116426186189717	0.03384510980386907	0.16449758999357597	-0.06276673726501182	-0.07720481922593812	0.0378286844297738	-0.12034014602135784	0.046338578146292185	0.08779309310521724	0.04371015588513295	-0.005766222453360768	0.008766139877699716	-0.027561893801853383	-0.019438833987869445	0.02644320455630538	0.031139731069366204	0.05849670519161329	0.024417243460866912	0.03739865160518537	0.019497945979334522	0.012597004158253648	0.006817308100458686	0.01686279856906865	0.010590310263632798	-0.009729103997020231	0.004691466301731879	0.02519412645943622	-0.024471120069354375	-0.007812542749275932	-0.0008035121239989396	-0.004748000563559431	-0.010930870579018523	0.007518297553980944	-0.006792289745986315	0.00625463835075182	0.002283892838127264	0.0018089199176627043	0.005765141153217146	0.00511310331767907	-0.002940235296277284	-0.004162925697363564	-0.0008775666743926908	0.0005234970458998188	0.0037980650992091394	0.00028229487801437577	-0.009850193274864081	0.0013847159941838452	-0.0006050169877593198	0.00048760511332628407	0.0014173167234753734	-0.0	0.0	0.0	0.0	0.0	0.0	0.0	0.0	0.0	0.0	0.0	0.0	0.0	0.0	0.0	0.0	0.0	0.0	0.0	0.0	0.0	0.0	0.0	0.0	0.0	0.0	0.0	0.0
2019.3.14.cow.oral.1.rep	0.954499585004753	-0.027851042503573457	-0.07132326941706166	-0.015652069719289362	0.4096913823445236	-0.05868765436908852	0.013892992840529809	0.12860250512836457	0.12168588128524489	0.003942379128896863	0.02444469733821412	-0.07541182415124269	-0.10668330369298351	0.033900604481275264	0.00544814258998304	0.09759797710475822	0.013824841187179294	-0.0010546676040855442	0.03210471599248887	-0.00925513134875818	-0.03685233711549184	-0.02162342102862545	0.02844003674095174	0.032990564267685374	-0.043488843550109214	-0.0010196770983027345	-0.00035165352336419123	0.02720530666129966	-0.05195741838906688	-0.006960364969486223	0.019250570063480747	-0.01226211447324584	-0.0005551471636250637	0.026501201226078297	-0.0018686475370853861	-0.01573178923132178	0.0012510084333626768	0.014386988770292885	-0.006774499073439092	-0.005321214634282317	-0.007381023283888229	-0.0033885367521892863	0.007814994129866968	-0.000386990551926342	0.006038947274940711	0.0068669310709725045	-0.002455501116100594	-0.0021281435575133695	0.0010788628578312922	-0.0032125063823916044	-0.004123872181439362	0.0052466709875666016	-0.0028108606913501474	0.0015750807151334806	-8.802040461452831e-05	-0.001495526975133698	-0.0	0.0	0.0	0.0	0.0	0.0	0.0	0.0	0.0	0.0	0.0	0.0	0.0	0.0	0.0	0.0	0.0	0.0	0.0	0.0	0.0	0.0	0.0	0.0	0.0	0.0	0.0	0.0
2019.3.14.cow.oral.12	0.4625888206472131	0.3076024519215641	-0.042875436241036895	-0.014378241112428662	0.1680273351593872	-0.06952266189196711	0.002286324281539218	0.08267728838107825	-0.169433540747363	0.0495435317318747	0.13126788990355298	-0.031231399373600897	0.0718266556495059	0.08101221891799783	-0.08376626501951517	-0.00846400150127882	-0.014608426966593431	-0.013415274166870104	0.08253029666822029	0.04953338072189376	0.0030139998376871404	-0.0320208552476671	0.0019805410333429835	0.023987121844991282	-0.011350552184955521	0.009062068274883766	0.018657019350447716	0.00796554332936627	0.03151429044530718	0.011023283946016737	-0.02802698475994076	-0.006495461192409835	-0.003997942092312267	-0.025135464547203765	0.0032846232562844745	-0.012256197887402294	0.016052943545166776	-0.018820451778521416	0.0025707273795087	-0.0021187468886765043	-0.0036047734026562325	-0.015711213385708935	-0.010449316946080768	-0.00242865523003978	-0.0009461097538605946	-0.006202452599716175	-0.015080324031034693	-0.004194451923862847	0.009580457266190704	0.008311285483808412	0.00881197089584465	-0.002234321795967551	9.821831389270359e-05	-0.003389352604265307	-0.0008469649606961821	0.0008320356953431035	-0.0	0.0	0.0	0.0	0.0	0.0	0.0	0.0	0.0	0.0	0.0	0.0	0.0	0.0	0.0	0.0	0.0	0.0	0.0	0.0	0.0	0.0	0.0	0.0	0.0	0.0	0.0	0.0
2019.3.14.cow.oral.13.rep	-0.09037438664045219	-0.05918981841348806	0.6022114938153933	0.6100259598520931	0.033212613009123516	0.039220602336226575	-0.010761794620703308	-0.11336151641345164	-0.07630832386592551	0.07801976733144526	-0.028870376633341594	-0.02002486454165857	-0.03753139391041859	0.012486756455238607	0.04011704880615161	-0.010475028807828482	0.04383542288850175	0.02827086986926158	0.0027277695088847513	-0.0048204384370518095	-0.04217677284498073	0.029960410704829327	-0.0040574940561832785	-0.020903742233552312	-0.028779094206697088	-0.01128204405157188	-0.00124465240558077	0.03016898482452631	0.006704231936112589	0.017271152855907725	-0.009353008410937426	0.021108995028521316	0.011275348944715956	-0.0016504921663300664	0.01708600541598252	-0.013174055933316914	0.008281716075302006	-0.009803974719528557	-0.002383373622006457	0.004020459801013723	-0.009504623226350928	-0.005474086752095055	0.0020946014459155707	-0.0037920379843520593	-0.00020478636960699414	-8.139185536361981e-05	-0.0035321319079069276	-0.0009590121415780293	0.0021365725465049955	0.002998091191170513	0.002341424386276957	0.0006015547706405533	-0.00010864075069183452	-0.00119202774303189	0.00025914463916344493	5.9601736663977636e-05	-0.0	0.0	0.0	0.0	0.0	0.0	0.0	0.0	0.0	0.0	0.0	0.0	0.0	0.0	0.0	0.0	0.0	0.0	0.0	0.0	0.0	0.0	0.0	0.0	0.0	0.0	0.0	0.0
2019.3.14.cow.oral.15	0.9547377004061249	-0.14538069097880446	-0.0718986210942719	0.07545200473924736	-0.07230138783666348	0.07739553119374985	0.21699217790711306	0.0743408696225217	-0.11796065064507236	-0.09940401108513787	0.03357390835562886	-0.1762085756145604	-0.09947864818983	0.04066251515935674	0.0008813044949018714	-0.12595240053399123	-0.05321504445938615	0.08166591633340345	-0.1053648079756481	-0.02213592899696142	0.030165547320109738	0.00022749247718957714	-0.014753938953683888	0.009262080082548701	-0.0016686334827569482	-0.001068270056055228	-0.03997929786648196	-0.016743370058363558	-0.002254757452786346	0.007377669720091372	0.012200098067998832	0.0094970747960739	0.0003977827897108061	-0.012354826427269526	-0.005158824946157856	0.004261241443385536	-0.02004607798453758	0.014141631224071033	0.0009666133909418764	0.009342407347361137	-0.015326619392494877	-0.010467059788131911	0.001786402695454112	-6.321201038301711e-05	0.009384796531597633	0.0018086042653114919	-0.0006881360461170803	-0.0012908462698470883	0.0018211674125458621	-0.0025004643519300584	-0.007370561143395988	-0.0011400584975188941	0.00030156240032919905	0.0010389561125180749	-0.0017045646475684335	-0.0005844141449290037	-0.0	0.0	0.0	0.0	0.0	0.0	0.0	0.0	0.0	0.0	0.0	0.0	0.0	0.0	0.0	0.0	0.0	0.0	0.0	0.0	0.0	0.0	0.0	0.0	0.0	0.0	0.0	0.0
2019.3.14.cow.oral.16	0.2842943243815152	0.20561388515870965	-0.14688710542833391	-0.043627599419010565	0.14178966074305216	-0.34076242851948607	0.17807398045076384	-0.3675602840297521	-0.22489370424519772	-0.0239552546998421	-0.08499601758787709	0.00016755966860118737	-0.06869245113451639	-0.1036876313557838	-0.03696888015060709	0.07234927322680472	-0.017227591278816436	-0.02048656522194265	0.000136857249821789	-0.01124646005229903	-0.010339347090394404	0.005189592244391011	0.0041363412119560655	0.05404221108999905	-0.020734928583832683	-0.0018463659128106252	-0.0033690109852764836	-0.0033446572507987516	0.018438709397397626	-0.013578152999456108	0.014676077430944224	-0.01391602694283583	-0.00910395938855132	0.0027491853471783992	0.009437519559123966	0.0058231659701842645	-0.0037844941129052197	0.005059661705809319	-0.0037530952649177736	-0.0020872971407505476	0.005582568606124685	-0.001250422530580318	0.003324182687531569	0.009739999089135525	-0.0016563715789732186	-0.0005542362379514176	-0.007760942010633795	0.001960593631005807	-0.006038220011229019	0.0023026584061792412	0.0017826894264543188	-0.0012366533190250402	0.0005592283405358883	0.002642507967042252	-6.864466867866785e-05	0.001391279898499375	-0.0	0.0	0.0	0.0	0.0	0.0	0.0	0.0	0.0	0.0	0.0	0.0	0.0	0.0	0.0	0.0	0.0	0.0	0.0	0.0	0.0	0.0	0.0	0.0	0.0	0.0	0.0	0.0
2019.3.14.cow.oral.17	0.3064836037437789	0.1419289051744793	0.05137532986114267	-0.009923098663304524	0.21911066741517007	-0.1982947967658832	0.025396289485674482	0.12489100900725822	-0.23224721753201677	0.11632299736667188	0.014705557342625403	-0.006077078821906676	-0.03448341457859507	0.08536299013887469	0.011370292430141269	-0.01902496216081123	-0.07375986193226712	0.048330680112431634	0.0048957022451007045	0.09071526256249986	-0.005746475208099141	0.031975925995737245	0.060038071365510357	-0.03225908554628383	0.005496447262334909	0.02378999985201575	0.028178374349744576	0.003926375591143165	-0.02105435949793487	-0.003986333537169106	0.0062785522071123106	-0.015271278525774569	0.011826891425491122	-0.0004783344021590042	-0.00033530305430838956	0.0024722408658496156	-0.003761170277868173	-0.013918991552291524	0.00024326415792590435	-0.0045380731279922575	-0.006362547459328967	0.014489652624100454	-0.003613168734188675	-0.005735410033633327	-0.003918702893634268	0.0038393343695689026	0.010819755704758058	0.005077498587385122	0.00439037497794655	-0.004653324578641905	-0.0010126613093884877	-0.001058525130052452	0.0009702038752466625	-0.0006426989894537349	0.00012024036970486896	-8.854473274888956e-05	-0.0	0.0	0.0	0.0	0.0	0.0	0.0	0.0	0.0	0.0	0.0	0.0	0.0	0.0	0.0	0.0	0.0	0.0	0.0	0.0	0.0	0.0	0.0	0.0	0.0	0.0	0.0	0.0
2019.3.14.cow.oral.2	0.8896444442675817	0.0415280085578024	-0.07984790388826594	0.01802655155232696	0.10612550068868846	0.13628762068277223	0.2196222339575674	0.13313004907277154	-0.04858987178019534	-0.09130222861914926	-0.04515213707602686	0.027066909271311924	-0.0014958006486211217	-0.06496904466311622	-0.05800303901321712	-0.014630221746776586	0.004763653223685741	0.02375793644783089	0.10497616021469455	-0.08546759008144685	-0.044301318727314215	-0.021476972357143898	-0.01920935987150446	0.0014778176397359634	0.006891729491032762	-0.031388051171381465	0.015221610452405764	-0.0033546383710474394	0.01291071412595052	0.005522720571431879	-0.016702171718993214	0.009833167970741987	0.002868228547850588	-0.009093145154343937	0.005156930254284491	0.0031056400669630954	0.009342366318407033	-0.0005998917570487397	-0.002873787164734004	-0.008429220420036389	-0.004978705450799526	0.0100011785946825	0.0016817378744682138	0.005303756012125229	-0.00469873770976948	0.0050868895135952365	0.002632428792988537	0.003526219635760908	-0.004520499256499442	0.00031986086444716705	0.003012561304803265	0.001802958481494951	-0.00020616680573730113	-0.00021386031673908818	-0.0011613520149260845	-8.457221773730018e-05	-0.0	0.0	0.0	0.0	0.0	0.0	0.0	0.0	0.0	0.0	0.0	0.0	0.0	0.0	0.0	0.0	0.0	0.0	0.0	0.0	0.0	0.0	0.0	0.0	0.0	0.0	0.0	0.0
2019.3.14.cow.oral.3	-0.2357181387535957	-0.5025766481476013	-0.7418734780592208	0.5299838077866911	-0.003950013770052546	0.0784233194375865	-0.004170636501001025	-0.08531485191707	-0.03656837844170603	-0.09674972748845079	0.0695491517201361	0.001253838067743938	-0.026112047104748928	0.010514982042839937	0.10631384536213874	0.043664429884612894	-0.016566487352817086	-0.0053224970861923205	0.05611419078706148	-0.006064895900141906	0.029226130549860223	0.0012593627821718644	0.011675141083126988	-0.04039325117146714	0.008652094177137675	0.0010088766592242931	-0.007057193529738806	-0.0024008764894318355	-0.021584784903228633	0.0015202502493527447	-0.02190029399411343	0.028058783661183813	0.0027419742922916747	0.021985366706828394	0.007508951931451562	-0.004455761617206546	0.00722989445325075	0.004969714730597393	-0.0041724505828427795	0.008279907534032646	-0.00688902227619785	-0.0009916901282368007	-0.006313579472187924	0.0005639716717112857	-0.0031836322807170616	-0.0017616495359719481	-0.0011335003276765133	0.00214159415644211	0.00021064149194680113	0.00013695680166465215	0.0005752636127700659	0.0025623541770842047	-0.0023079623476420326	0.00018934109887298897	0.0007767889200550031	-0.00036531280105943505	-0.0	0.0	0.0	0.0	0.0	0.0	0.0	0.0	0.0	0.0	0.0	0.0	0.0	0.0	0.0	0.0	0.0	0.0	0.0	0.0	0.0	0.0	0.0	0.0	0.0	0.0	0.0	0.0
2019.3.14.cow.oral.3.rep	-0.2789584245778498	-0.5835435457026035	-0.7971150688647038	0.5523976769777129	0.0012368141532669095	0.131521441951053	-0.057009469811566175	-0.07812471436892367	-0.006792470847266812	0.05132976468735225	-0.012263456215560282	0.01886399668819641	0.002265354347094391	0.0092910541241004	-0.07203367253211179	0.0013840416270529802	0.0013658141673230785	-0.02636875258374002	-0.039601286448204674	0.008548592255707664	-0.04305590982903125	-0.0014892433042310354	4.9430837515074835e-05	0.040434036258904196	-0.004524944446352042	-0.004377840189691255	0.015192579433577193	0.00867028173015187	0.019744244489405992	-0.0003966135101032169	0.020649245333589753	-0.01751093052676677	-0.002755698276804397	-0.016766471359819412	-0.005079331192770256	0.006490806475305911	-0.004838140296445371	-0.002736782559683311	0.003990014866124674	-0.007508061325837631	0.008046080674890141	-0.0019149960512272301	0.004972240214635996	-0.0007283179213990615	0.0026433887713140287	0.0015268285162644817	0.0019193548313792505	-0.002076479704173643	-0.0008298365003160348	-0.0006321353652881332	0.0008176437429553006	-0.0015838550050978934	0.0018973866541942051	-0.0010128151170749776	-0.00013335380265888565	0.00028795039065316415	-0.0	0.0	0.0	0.0	0.0	0.0	0.0	0.0	0.0	0.0	0.0	0.0	0.0	0.0	0.0	0.0	0.0	0.0	0.0	0.0	0.0	0.0	0.0	0.0	0.0	0.0	0.0	0.0
2019.3.14.cow.oral.9	0.2931991903493393	0.46082516686169145	-0.10643607617445099	0.057007152707576614	0.12041643350109257	-0.013513516801382679	-0.060712097079322645	-0.03966468064576618	-0.10613508604610493	0.09414369029394211	0.14434093925332242	-0.07590980839759309	0.06204840236473509	-0.060880695068491184	-0.03459412082503221	0.006855213892835461	0.014120484281707892	-0.033758018629495165	-0.019330409701122344	-0.09426512705587273	0.034177068740985535	0.04407443224935417	-0.004285354045607375	-0.025889193651510056	0.034448621431481925	0.0013076401027400874	0.006997077729465863	0.0028465499173948	-0.010795797291468782	0.016241018134208498	-0.00032783142878216656	0.016884387748837954	0.04406547283775279	0.017694972699836317	-0.014227406756045276	0.007955512935457383	0.0003671126973879642	0.01624535716393048	0.006776972597230669	-0.007944666228909363	0.022419006751559892	0.009169050328233192	0.007842861677906961	-0.005418450697650003	0.005858132602153943	0.0012684254483176702	0.003802478487460432	-0.006740725343121465	-0.010215511179915844	-0.002056681611899665	-0.006075706404426833	-0.003794363139253486	0.00033352428648292617	0.0019437894472408717	0.0007850456365531746	-0.002108647530141186	-0.0	0.0	0.0	0.0	0.0	0.0	0.0	0.0	0.0	0.0	0.0	0.0	0.0	0.0	0.0	0.0	0.0	0.0	0.0	0.0	0.0	0.0	0.0	0.0	0.0	0.0	0.0	0.0
2019.3.14.cow.skin.rump.1	-0.1127705427237768	0.26751217237019426	0.05323367864485819	-0.04244974416801755	-0.036334744596177845	0.03666781746199871	0.048639570701328204	0.03182249619268017	0.0013012618418856187	0.012465057292921166	-0.01926128318146272	0.0005152248185286461	0.02344701081806884	0.038792290749599806	-0.004466340314648144	-0.0003634034347490087	-0.019391375629979	-0.02147380593399765	-0.0022430085594118796	-0.050377781964678355	0.0511926416937283	-0.01889026136245806	-0.01845920572526583	0.016013472492819564	-0.009408637165587907	0.010286080481662086	0.04706447608085495	-0.0011549328836332818	0.017608802445444945	-0.01102242306556875	-0.006270825644776546	-0.010555623845118992	0.015216973640914221	-0.01469575323170655	-0.027548162174826824	0.0427482895718565	-0.00392477150579675	0.004351759172548113	-0.04113822513900748	0.009122984025005748	-0.00257411054539715	0.009564131814722585	0.002695770006562762	0.017223811716153663	-0.003265979001910733	0.011818209528234782	0.010621921564546133	-0.007282878161684744	0.007657319057414952	-0.01542870500549921	-0.001380908325483966	0.012195316703610385	-0.001527981757435571	0.0007926925412203226	-0.0027603990123715423	0.003223643714275862	-0.0	0.0	0.0	0.0	0.0	0.0	0.0	0.0	0.0	0.0	0.0	0.0	0.0	0.0	0.0	0.0	0.0	0.0	0.0	0.0	0.0	0.0	0.0	0.0	0.0	0.0	0.0	0.0
2019.3.14.cow.skin.rump.10	-0.06358779779191337	0.3195754925429649	0.03302873811252224	0.009971855262358878	-0.044929231643950254	0.07685868760717317	0.01636366201307103	0.05116163108329223	-0.014253542002210944	0.027069520740817195	-0.015961071984448325	0.05879511456638956	-0.009099292532434931	-0.02619077979229009	-0.0031138262959037317	0.010708471725905765	-0.03220525074466504	0.014240963238437432	0.012174192464343644	-0.016970703157797834	-0.006654161730649064	0.01824348602333066	-0.014730118558423759	-0.006280663614778441	0.0012910957060228573	0.0043169426791665735	-0.005490136891344497	-0.034130907620771034	0.01886476387689301	-0.03601179581475391	0.01886717012766462	0.03611204782653504	-0.014961167288693051	0.03483148106425014	0.02740665693784075	0.007799832135454533	0.0013682636027295754	-0.011921308519617315	-0.02302796914114645	-0.01521335103011483	-0.020298797569338202	0.002839291421989625	0.009289612223249455	0.015953327992983914	-0.0010579105307859508	-0.019672534637329462	0.011107001058297867	-0.001573948476766933	0.004521800111121583	0.015542151072361407	-0.007460946622887879	-0.014025220299527914	-0.0001658340791609931	0.0037072271817572577	0.0036344325849141795	-0.002645219906095255	-0.0	0.0	0.0	0.0	0.0	0.0	0.0	0.0	0.0	0.0	0.0	0.0	0.0	0.0	0.0	0.0	0.0	0.0	0.0	0.0	0.0	0.0	0.0	0.0	0.0	0.0	0.0	0.0
2019.3.14.cow.skin.rump.11	-0.12024468136670174	0.25766773745818067	-0.04456595469822477	0.03542340856982468	-0.06312718939891916	0.05447500534436839	0.0936558823429747	0.03366719251111233	0.012362543879641754	-0.07355093776965016	-0.03646621856075645	0.0037164122338245826	0.011173911265818954	0.00221768977911931	-0.01994568381396677	-0.015146562594268748	-0.008181090093666368	-0.003896492275927013	0.008495574491481606	0.011232328349065198	0.006361552527890154	0.013997155335171122	-0.0029193277332367146	0.042201568061576156	-0.020527151782585983	0.00469977251676968	0.0027153564789270776	-0.04587323230766937	0.014994087421152645	0.03176927293021673	-0.028569115886917528	-0.03191792266345323	0.009004083489877909	0.011080904311948877	0.015847077391338824	-0.01697486767480953	-0.0371870135336224	0.004893726002616328	0.017399432010601318	0.0007800479496240574	-0.0027907436072645508	0.031524838877483946	0.010318351449968332	-0.013777096782989415	-0.0058643423256084124	-0.031477472059780506	0.02585319638233184	-0.017264505564900962	0.013664022694792602	-0.003999710355643294	0.010155854289786286	0.0035525399542294723	0.0013109222391145163	0.00574137057173178	4.6621991768516236e-05	0.0012539627703986962	-0.0	0.0	0.0	0.0	0.0	0.0	0.0	0.0	0.0	0.0	0.0	0.0	0.0	0.0	0.0	0.0	0.0	0.0	0.0	0.0	0.0	0.0	0.0	0.0	0.0	0.0	0.0	0.0
2019.3.14.cow.skin.rump.12	0.0966189382721819	0.38630329861719076	-0.028135355532139347	-0.0025128802455752102	-0.04267316040486955	0.0447170261647988	-0.04893156361536865	0.043876545829302435	0.01505264420796945	0.01301188130056092	-0.006158511983468782	0.029864170286646285	-0.010522714226742273	-0.12651852865986604	-0.05019487907565278	0.01438189774240537	-0.035158281807661625	0.05390037092297392	0.04077383622093954	0.03964497640634235	-0.009594816630304238	0.0519112207766609	0.010909413745270373	-0.046018212525229515	0.015337975175027697	0.06118773964349974	0.006549607645488207	0.06790238783234274	-0.00986152833238646	-0.0182566178451855	-0.0038966149235791984	0.016666169647595458	-0.02236623044304502	0.000564228852011419	0.004206331378267206	-0.022428748919591818	-0.03231625428494668	0.02896615854135801	0.0010669418519050338	0.004872621505370457	-0.003713033262119285	-0.01010640639182068	0.012188848713158373	-0.005985775390160271	-0.006119527495270785	0.005587401240081393	0.022155099385902058	0.0024772960108461863	0.004553476377447418	-0.005608487151943569	-0.0005718912331995696	0.00834194821766283	0.0036262965862900215	-0.0030148519932038384	0.0022542895953268126	0.0009475449255494389	-0.0	0.0	0.0	0.0	0.0	0.0	0.0	0.0	0.0	0.0	0.0	0.0	0.0	0.0	0.0	0.0	0.0	0.0	0.0	0.0	0.0	0.0	0.0	0.0	0.0	0.0	0.0	0.0
2019.3.14.cow.skin.rump.13	0.14780175570069035	0.4682323231151332	-0.06232064850991117	0.02621109587956566	0.019688853577556942	0.0791172994953593	-0.12380014623121248	-0.005512973159878992	0.004316590407073475	0.00735718821227938	0.05662259021860432	0.0028868329136646264	-0.007462872666041399	-0.053824587885914064	-0.004162349415120236	0.03663957280796643	0.008135492094123987	0.01336987042480725	-0.0031365861154873335	0.042544950843784124	-0.011171463523623911	-0.003627670205742477	-0.01837546485100042	-0.0004089714198791919	-0.01772563171519842	-0.03813172993807977	-0.02213753088515854	0.0006135025855316126	-0.07960509170695979	-0.020433547990526938	-0.01866039629100488	-0.009689917671019803	0.011938683269254085	-0.011525151706182587	-0.018969225650574243	0.012803197114237455	0.012451756945918073	-0.015480021335924705	-0.019728190394574435	0.04173509738872544	0.020187569650621313	-0.006883368674991553	0.0075497066695239855	-0.004225197784663749	0.010028306077703218	-0.009795830242122392	0.002081769610694445	-0.0012866631993685503	0.014819545123445233	0.006111192783630821	-0.0008039545018364307	-0.00920392885621466	0.002452804513770951	0.0032008731077441555	0.000430563360011165	-0.0015028251046162635	-0.0	0.0	0.0	0.0	0.0	0.0	0.0	0.0	0.0	0.0	0.0	0.0	0.0	0.0	0.0	0.0	0.0	0.0	0.0	0.0	0.0	0.0	0.0	0.0	0.0	0.0	0.0	0.0
2019.3.14.cow.skin.rump.14	0.041636399532188256	0.38462072134978575	0.031701503539772205	4.64513718157966e-05	-0.013835057534996935	0.09368023897043587	-0.01946753274791862	0.07192889061172403	-0.05317164814265577	-0.016649805599255985	0.014461769468700533	0.07035303368625805	-0.02255766424059742	-0.03299542675496228	0.06526617409547104	0.04855434673020493	-0.019339129753722133	-0.0002173635672140445	-0.036532418084845655	-0.0033324583490110184	-0.06413973880049863	0.03300604276704721	-0.01877842814404744	0.0027222119220121667	-0.005104088658377645	0.027567819598454106	0.018691817055751927	-0.03386124523922576	-0.017973438028086257	-0.007691883643703882	0.02035386869280393	0.004190846213079092	-0.034903010888536735	-0.015671956649100885	0.0060048611529395215	0.04080028370953737	-0.022138435772260052	0.019401541383634712	0.005794073695057426	-0.0033250329739491773	0.015632313207274495	-0.005421226175423707	-0.020135771032760246	-0.013208020856016326	-0.01245058356514742	0.002385660021666549	-0.017653430342807724	-7.813432438705191e-05	-0.010409938062458397	-0.0028648862983301124	0.006864363354901434	-0.0040043918681192696	-0.004685860735371624	0.008953119755498886	0.005638569860999919	0.0024328503888388017	-0.0	0.0	0.0	0.0	0.0	0.0	0.0	0.0	0.0	0.0	0.0	0.0	0.0	0.0	0.0	0.0	0.0	0.0	0.0	0.0	0.0	0.0	0.0	0.0	0.0	0.0	0.0	0.0
2019.3.14.cow.skin.rump.15	-0.04034175900160152	0.34566312145066125	0.0013065650841014881	0.0028499443666792673	-0.03161007620830977	0.0575464368616556	-0.010511632978949935	0.03029063511759047	0.016308840515569332	0.013365629177190702	-0.027493946769932373	0.011287308288621793	0.0025983912577380213	-0.007600567249179903	-0.0002444840920620627	-0.003297869010979677	0.0012621388358008954	-0.0105989681904287	-0.0051871620193802755	-0.02152952020276755	0.01605494454901634	0.014367498348182765	0.022686641919150992	0.01584015011848418	-0.021459552769205373	0.001341033732072643	-0.009618054543744346	-0.02087182125439904	0.024622047681673174	0.030305488208373373	0.006829289477048895	0.012023073460766748	0.017161806386234355	0.005116224707190436	0.010057549491436606	-0.0069829612626529985	0.004915323494272984	-0.021988871716582994	-0.01564331359914956	0.005621209979212175	0.013526360397690793	0.010188524996375422	0.013762986925915351	-0.0012445016541596328	-0.035080281947407706	0.0015508283104758202	-0.017527493408422124	0.022407343031527013	-0.008120043891322416	-0.011852706006177298	-0.015253180966101553	0.006052130051868048	0.019318586063856995	-0.004686562643806994	0.004646967933864644	-0.007502757638015648	-0.0	0.0	0.0	0.0	0.0	0.0	0.0	0.0	0.0	0.0	0.0	0.0	0.0	0.0	0.0	0.0	0.0	0.0	0.0	0.0	0.0	0.0	0.0	0.0	0.0	0.0	0.0	0.0
2019.3.14.cow.skin.rump.16	-0.04642553911082584	0.33002950162124967	0.034341709739209136	0.05170341777983163	-0.01848541613896297	0.052851636306815934	-0.00930676494409892	0.06147661736044424	-0.034853813566063936	-0.009281946377862211	-0.017063474363987606	0.08185954519993696	0.0037070846144668028	-0.029961699930820623	0.05112236798062346	0.01852911251106206	0.006962904139078794	-0.0013387428318950238	-0.0168019691958803	-0.02176977453460087	-0.020551170393728158	-0.01324929630339582	-0.04020795240985165	-0.0057134004360279616	0.008568345726842687	0.005204002583664166	0.025193329837814086	0.021414751697130637	0.01870715636206916	0.03868772953778705	0.026015508478801262	-0.023276580833195965	0.014537115978476086	0.011478723524819823	0.003212398046025437	-0.050272981180797476	0.006325902266218725	0.010862493340470557	0.028097746886142607	-0.00544197207103235	-0.0011838260248223293	-0.027091715885376632	0.015230846990069954	0.01756276251440291	0.011057254730341581	-0.005758602910116502	0.015749186336493252	0.0034712781853664674	-0.0020030020539179173	-0.0148002501084563	-0.0016935206866202906	-0.002918574098518332	-0.0028901921960456317	-0.006464325026815964	-0.0015689545368687873	-0.00048730788653123436	-0.0	0.0	0.0	0.0	0.0	0.0	0.0	0.0	0.0	0.0	0.0	0.0	0.0	0.0	0.0	0.0	0.0	0.0	0.0	0.0	0.0	0.0	0.0	0.0	0.0	0.0	0.0	0.0
2019.3.14.cow.skin.rump.18	-0.07994015212633056	0.28666995306263693	0.025885692933225866	-7.06535885437583e-05	-0.03534931761948989	0.03232108924294424	0.01890253157994281	0.05741307916704691	0.002997848274640858	-0.010740277568975314	-0.037790937543175716	0.0462522613017291	-0.017054869147565783	-0.02399248355991403	-0.05068651706718866	-0.0001052965116406774	-0.02016218778530462	-0.008255834935227668	0.006580018938571535	0.008574626304439174	0.0366698194087575	-0.0031919656579145047	-0.00039278233855147716	0.039906882398834144	0.005213609336996351	0.002669102794142155	0.008753751306920314	0.0038597763002480795	-0.0021597742317482718	-0.009356141350207082	-0.00679232999244195	0.013010366763871736	0.014437916662524265	0.00477551798830976	-0.02665406583678799	0.013937648261179728	0.016994340946500267	0.02643018037483878	0.03120746288866389	0.01019484408413793	-0.03845644321457379	-0.010211389784085274	-0.026441616306479777	0.001192717691335885	-0.01821206580114242	-0.0035764176712127665	-0.011823075032408297	0.0037568975070096607	-0.0012386198149200482	0.011049484469150717	-0.014281979746517065	0.012658380110479801	-0.016003322409821382	-0.002491490049805286	0.0005125647851520613	-0.0035312246487703655	-0.0	0.0	0.0	0.0	0.0	0.0	0.0	0.0	0.0	0.0	0.0	0.0	0.0	0.0	0.0	0.0	0.0	0.0	0.0	0.0	0.0	0.0	0.0	0.0	0.0	0.0	0.0	0.0
2019.3.14.cow.skin.rump.19	-0.0664486116424304	0.3099872789979685	0.030889015279451204	-0.009307824512281971	-0.04836565484780252	0.0563055177461991	0.0324854801639361	0.036544228805895335	-0.015384968739422874	0.013606837095333321	-0.05124949846460036	0.05968716982812433	0.005711596667233797	-0.01616873691097216	0.01645277129454518	0.005180364421001257	-0.0017359348262549477	0.008753990822489848	0.004278192536528029	-0.011495105763207435	0.005044198146284304	-0.014749972067127555	0.0017949301454974836	-0.008943782385392653	-0.027024061302531068	0.019794818808896344	0.005915690821179413	0.011276673349240754	-0.014980660653785298	-0.00673582526269649	-0.0006819222656786532	0.011418068360466573	0.010392834769666766	0.005483405999925575	-0.001396628380541336	-0.0016606587909140118	-0.010255621886227374	-0.009744570069569393	-0.0031429445876682803	0.03722631034160036	-0.009927597045811488	0.011733971969656922	0.0077603612797144846	-0.014576337034698069	0.006013521146392723	-0.011172314015843421	-0.0033671959321273878	-0.0020486281979264073	-0.03620956860846269	0.023096152171276557	0.005548728528437065	0.0025545426034650222	0.011742446521739412	-0.0014557523068627412	-0.012887397385394562	0.0028047345294309645	-0.0	0.0	0.0	0.0	0.0	0.0	0.0	0.0	0.0	0.0	0.0	0.0	0.0	0.0	0.0	0.0	0.0	0.0	0.0	0.0	0.0	0.0	0.0	0.0	0.0	0.0	0.0	0.0
2019.3.14.cow.skin.rump.2	-0.03466205155942415	0.30856447809413157	-0.08811370170942741	0.09431238340074427	-0.10088290007454709	0.04780666598908799	0.06088370746386471	0.04816214797040211	0.04310932293543678	-0.04263353546408469	0.011170969453469595	0.03379157798252574	0.02228964412773092	-0.026710903466143073	-0.024548207257255372	-0.03336132302997239	-0.03555287486295927	-0.022901193076701003	0.0062667780979831205	-0.003894512469624729	0.04757910521524517	-0.0016514436805833978	0.03805633614762515	0.02730268529923846	-0.003839828273104596	0.003056730729782689	0.03177471108363105	0.030001851944648807	-0.000694004372415713	-0.028123885919279452	0.01517706757976586	-0.014414546426155325	-0.02971927712816277	-0.005455432808857384	0.009815105224174026	0.0024137108267782304	0.0035593297556882433	0.014385808470066609	0.0008722990119943725	0.0060332666679384405	-0.012927035943008272	0.006268932147444317	0.0009471115310841753	-0.026182660674427066	0.020596287714774692	-0.015628112871435472	-0.030800182157567555	0.006583959946314968	0.006100812683688573	-0.017906384316512963	-0.008867307702153234	-0.006217909089416599	0.002747457815041639	0.001563245416111691	-0.00047571518562297704	0.0022541239040903957	-0.0	0.0	0.0	0.0	0.0	0.0	0.0	0.0	0.0	0.0	0.0	0.0	0.0	0.0	0.0	0.0	0.0	0.0	0.0	0.0	0.0	0.0	0.0	0.0	0.0	0.0	0.0	0.0
2019.3.14.cow.skin.rump.20	-0.11012703750081704	0.2665015196541934	0.051943371251538986	-0.0028999389655126897	-0.04086935537920813	0.06200987912241751	0.06600780996613798	0.049206621370655734	-0.029643321099746846	-0.0094696902182479	-0.04081241966751388	0.0621799331976849	0.03589924125202487	-0.014780235601400156	0.01829433667356692	0.02945901782152397	-0.019951713205247374	0.026564307613790642	0.004926550144213123	-0.026165552500578042	0.016619805949856972	-0.052042267814717894	-0.01754948314175816	0.03545610613956004	0.026217774327769665	-0.02186106871029357	-0.030732500308650025	0.024857280326670297	-0.021104152688893842	-0.022049534847566287	-0.041658526046708104	-0.0227977158760172	-0.012959004742632741	-0.000518087005674119	-0.008357662566196708	0.026615274560847845	-0.004396816468144257	-0.0016051980683887618	-0.009157103540363589	-0.015723964271451413	-0.004545183182245918	0.0035940029371648425	0.003314866329841124	-0.011148704732813305	0.0119477165481829	0.010731425559660264	0.00011464748204995344	0.0037101953355515326	0.005318298788629301	0.0011667330695521911	0.005980094727453952	-0.0068292118757115276	0.0045297517236907	-0.004940282489215412	0.004181774004785448	-0.0043390841386747895	-0.0	0.0	0.0	0.0	0.0	0.0	0.0	0.0	0.0	0.0	0.0	0.0	0.0	0.0	0.0	0.0	0.0	0.0	0.0	0.0	0.0	0.0	0.0	0.0	0.0	0.0	0.0	0.0
2019.3.14.cow.skin.rump.3	0.1241113073449264	0.4785723654983603	-0.0706237128977535	0.029603855511684134	0.02500086494556462	0.09370356958907873	-0.16342444531408123	-0.02490406823428471	0.051239351150249024	-0.02228686211062821	0.0942594883506836	-0.03138525877672936	-0.006843059164936273	0.005997449205866994	-0.02418710685219464	-0.022470581425785847	0.01844252768037222	0.005943910246027687	0.00296527678506528	-0.0019571456331568893	-0.050331096190302946	0.007910864777584698	-0.04043607881326681	-0.025888800576932526	0.006598163483486092	0.05956438340076615	-0.01813988018615362	-0.024015279388836665	-0.0033592956508001416	0.021187651846634233	0.02842160402745324	-0.07142188970766133	0.01782574889566869	0.03655933169163048	-0.010933021793652497	0.03653570870243224	-0.008515922464189725	-0.0062847291866454	0.005097576193216007	-0.013397497848396651	-0.013023584787540817	-0.00808583825389112	-0.005004932887668246	0.017349712299209546	-0.014697160870521786	0.0004060896588110132	-0.010074083100009144	0.004523332760872125	0.001990642820994871	0.0015593809833088228	0.0002509578112494449	-0.0023540057942880214	0.0016416682207281862	-0.0028515282416858123	-0.001317702009721054	0.004248129309233917	-0.0	0.0	0.0	0.0	0.0	0.0	0.0	0.0	0.0	0.0	0.0	0.0	0.0	0.0	0.0	0.0	0.0	0.0	0.0	0.0	0.0	0.0	0.0	0.0	0.0	0.0	0.0	0.0
2019.3.14.cow.skin.rump.4	-0.021794658621872572	0.36794875489118734	-0.0015970286354522138	0.00656684030937575	-0.03184935141697417	0.06384565440988792	-0.03504036926775438	0.011050731649410653	0.023620390483368187	0.008228589634169973	-0.022969606774179502	0.035608042637739507	-0.018852913202780795	-0.0017367172622517752	0.005874727691573972	0.004009603849507338	-0.011514429632349417	0.027169590039353278	-0.012720528919938558	0.006327048036723347	-0.04388811838155519	0.02476760633678186	0.0039860365179282715	-0.0311366701271028	-0.00044036982126996043	-0.008209181180129985	-0.05119145852483575	-0.04556734883035679	0.02528847207513383	-0.016487344803505756	-0.024788134025266334	0.01129134181953224	0.007626913612654858	0.002876154089770566	-0.0025818002239653016	-0.00496269808860828	0.027368271799710516	0.010585221148441624	0.02794786899050194	0.014867362844978485	0.003939733860501155	0.007290839340164902	-0.0003819891046873978	-0.024536032359101723	0.0025144069462128046	0.019055951456300138	-0.0036538167605891336	-0.010412099377767364	0.0012570479144425205	-0.013304115748927725	-0.002107153541921067	-0.008596425196097787	-0.0008103867076059678	0.003149569870865861	-0.004253989324341206	0.00026491979515379157	-0.0	0.0	0.0	0.0	0.0	0.0	0.0	0.0	0.0	0.0	0.0	0.0	0.0	0.0	0.0	0.0	0.0	0.0	0.0	0.0	0.0	0.0	0.0	0.0	0.0	0.0	0.0	0.0
2019.3.14.cow.skin.rump.5	-0.18673200143990806	0.17636733358320394	0.006635249618448282	-0.022805581858247406	-0.06496114844456805	0.03032627941361234	0.12378263579896726	0.0076915259247163125	0.014691739675965897	-0.06420853661566048	-0.01972894077208877	0.02161958240789621	0.03539364822895363	0.05986512260078302	-0.03849002593308211	-4.363436434096313e-05	-0.03490609017424169	0.05103602137887889	-0.023726761620835674	0.02642132024287989	-0.0024024881487164826	0.011432319825704518	-0.0589586576175736	0.004089950767648371	-0.04447671175337981	-0.007246341828919579	0.007546282351884689	-0.027627803832442684	-0.060640855667268505	0.01203808250271484	-0.017664944680486624	0.046111504494872085	-0.007042817455537233	-0.02102244991858916	-0.008800157795373907	-0.020979434444780343	-0.0015129338073820422	-0.009704286962293234	0.01268665212228804	-0.020412462133402053	0.01967430786775505	-0.025016356173460437	0.00046737335527914837	0.023027086997871545	-0.010573877560170348	0.0004473043985457491	-0.010094840549888295	-0.009950637505087604	-0.00011866447433908829	-0.006825523338425046	-0.004184783410493395	0.0003872002137401052	0.005811528507545961	-0.006490442838417159	-0.0007174808852787473	-0.00013026621127788267	-0.0	0.0	0.0	0.0	0.0	0.0	0.0	0.0	0.0	0.0	0.0	0.0	0.0	0.0	0.0	0.0	0.0	0.0	0.0	0.0	0.0	0.0	0.0	0.0	0.0	0.0	0.0	0.0
2019.3.14.cow.skin.rump.6	-0.2318720711152381	0.14241857556188586	-0.07504664582232348	0.1251981535211852	-0.05548736803413656	0.06403708420304335	0.07296354742958233	0.1320502413345748	-0.005847512682463471	-0.1624925244328117	0.0666563194448909	0.03494110785051715	0.03232268914246648	0.02023451730711853	-0.01182985781630752	0.025300952924572594	-0.026745863173478965	-0.031250249106648156	-0.0142754793384584	0.08104625776973616	-0.059385574614190806	-0.05139607739776076	-0.0259689716220197	-0.01373401536539842	0.051208995981522336	-0.011263339245828827	0.013913972863278654	0.019090215471555386	0.056013133216673144	-0.00679056756742777	0.030783555466373548	0.006879726141709674	0.020741152472411213	-0.022171159709497498	-0.00802609168455953	0.0017126152339186885	0.002174564087694033	-0.009343378008831638	-0.01785546145083888	0.009117138450730155	0.014840439238454949	0.00960676540118687	0.005865013946318157	0.0011606697578769173	0.006500762934736354	0.007243874615927795	0.0022123445273885913	-0.0011666666853776873	0.005629350079490144	0.005282079457996579	-0.0034378749516365287	-0.0002814085732625645	0.0011724880811014836	0.0016045874493676876	0.00044751457740299465	-0.0010802944723209617	-0.0	0.0	0.0	0.0	0.0	0.0	0.0	0.0	0.0	0.0	0.0	0.0	0.0	0.0	0.0	0.0	0.0	0.0	0.0	0.0	0.0	0.0	0.0	0.0	0.0	0.0	0.0	0.0
2019.3.14.cow.skin.rump.7	0.05809311093594924	0.41000137558181937	-0.025492652548507223	-0.003249135074689785	-0.0030865115997213304	0.06820188667078532	-0.04917170883671006	0.021129145495724873	0.0006349242536254017	-0.010926552947753675	0.00667005896657089	-0.0014933556989856396	-0.060842665284647046	-0.008663218060374464	0.022244359225063383	0.03866621771071	-0.029514145619447187	-0.002306073361834107	-0.022105281848064245	0.0068622041558998445	-0.0351809892183833	0.04965286979936306	0.05527597170968411	-0.011324250184770984	0.021522196473792977	-0.04735580934545558	-0.002522871173185642	-0.009571118366437113	-0.007023128581575877	0.015168889980151708	-0.013570414464409307	-0.003051680391628799	-0.018183991216838984	0.001180199523860844	-0.009919379160331615	0.016706112164595135	0.017665421188002507	-0.015562783562277183	0.013742715252030115	-0.014429877095221337	0.013378979990626115	0.029150100029316024	0.0023839794666788905	0.011831648113550301	-0.007468690027229649	-0.013472954020356606	-0.0023506216306027777	-0.00039979758220035343	0.01496297285610484	0.006668760869679741	0.003139797122645305	0.01921154582540381	0.00028083880867400075	-0.00718791563974485	-0.004607046937028388	-0.0003638301238144339	-0.0	0.0	0.0	0.0	0.0	0.0	0.0	0.0	0.0	0.0	0.0	0.0	0.0	0.0	0.0	0.0	0.0	0.0	0.0	0.0	0.0	0.0	0.0	0.0	0.0	0.0	0.0	0.0
2019.3.14.cow.skin.rump.8	-0.043580672647466664	0.32995262863709607	-0.028880102651002503	0.03379150688649117	-0.05604489308867397	0.04335727669766136	0.018475133381920854	0.027088452000849476	0.024488645931296578	-0.03252083455458199	-0.026825762945447723	0.044294480400276184	-0.004036377469292838	-0.025766220737127157	-0.0261107547426006	-0.02380351514080878	-0.017480431345502288	0.01785007661563876	0.015876136559085284	-0.01001924183706397	0.03667493308649279	-0.005446438214837107	0.04362279396429358	0.011519750946066536	-0.008356590124222666	0.03561150440633895	-0.019545551820415064	0.008196894542708404	0.004386090141619784	0.0317860696289377	0.03375983919227533	-0.005499013753166268	-0.010101526621354839	-0.005766199219130447	-0.015388676069594619	-0.020382564346257695	0.02456756435114885	-0.020573663433391256	-0.014744747066541017	0.002445187753792991	-0.009757367882881429	-0.023007578200960707	-0.021511361547947448	0.014542047923486491	0.006440839867419165	0.005941984252949474	0.0035255517906879496	-0.02566809961910201	-0.008621815968981133	0.00481075749850408	0.024266044514227935	-0.005787011834508431	0.002252930865373569	0.00771201955452737	0.0039239598112122895	-0.0034771657949023904	-0.0	0.0	0.0	0.0	0.0	0.0	0.0	0.0	0.0	0.0	0.0	0.0	0.0	0.0	0.0	0.0	0.0	0.0	0.0	0.0	0.0	0.0	0.0	0.0	0.0	0.0	0.0	0.0
2019.3.14.cow.skin.rump.8.rep	-0.04853696832940365	0.3247419297833565	-0.017760088339498055	0.028868638960002194	-0.05214849851285971	0.0684900774948228	0.028392390719692497	0.02667028031783868	0.0031655005048638763	-0.009250839217424705	-0.01930799911626229	0.038698419910815726	0.006970998156903631	-0.04546479893722434	-0.01790129791739934	-0.0032386898792214377	-0.023340270495741746	0.001426990356370369	0.013213482228571901	-0.019421729323103175	0.038910539237993085	0.015514852437001276	0.02597933812569445	0.015434497618244853	0.0028002603174657214	0.009023151583331652	-0.00940302960614687	-0.028593679581368974	-0.0021467133205982313	-0.016092672682113278	0.004590911606627702	0.006225360627666619	-0.01759645771625394	0.0027266920998175745	0.02316408240226247	-0.009738614541597457	0.01641659446619325	-0.02673201570948853	0.003038881665400177	-0.0034756985126840664	0.04647107027845055	-0.008470392915731189	-0.00948475656522656	0.008436497935106759	0.012509546849619342	0.03051935780376162	0.01688539831195465	0.0039605213514165944	0.0010920996813555846	0.008632451165509508	-0.016144725199728465	0.004689690869305195	-0.014954785954737482	-0.0016335850086451502	-0.0022807859923784576	0.006189702191642504	-0.0	0.0	0.0	0.0	0.0	0.0	0.0	0.0	0.0	0.0	0.0	0.0	0.0	0.0	0.0	0.0	0.0	0.0	0.0	0.0	0.0	0.0	0.0	0.0	0.0	0.0	0.0	0.0
2019.3.14.cow.skin.rump.9	-0.2035195126658737	0.1869869575815729	-0.027605790521935326	-0.028942061253551424	-0.08608457638248133	0.025878190897876702	0.15757595725772278	-0.06581348312450755	0.014759610528894346	-0.05243864315978939	-0.02484106807063225	-0.002995919192365731	0.00733048727430071	0.033211249968977404	-0.013964161831181975	-0.001954895190221548	0.038515614232392	-0.042294598709207036	-0.014695135639467338	0.05034224056706533	0.00967861698100843	0.047954477457067615	-0.02940841280332982	0.008448635022513175	-0.009892254637982491	0.025751448783800302	-0.03144405195811566	-0.040586580485579025	-0.04732367021775897	0.017243186612127363	-6.59962018684205e-05	-0.029539248935272617	0.008949315725598674	-0.0012868768003598467	-0.00311730904111256	-0.024259766629721898	0.020139583234555974	0.0035650035868636095	-0.011499799770545088	-0.002888796290620194	-0.0035543561450918763	0.010652592592210647	-0.006735755237898133	-0.006054879235497281	0.024127631130110128	-0.002903297423984883	0.007282527622017537	0.03039733195333135	-0.010574323925604107	-0.006053037448153934	0.012596881904264738	0.00859245681457631	-0.004977564041734213	-0.0006344918107309663	0.0024847080228905883	-0.0016511540963516146	-0.0	0.0	0.0	0.0	0.0	0.0	0.0	0.0	0.0	0.0	0.0	0.0	0.0	0.0	0.0	0.0	0.0	0.0	0.0	0.0	0.0	0.0	0.0	0.0	0.0	0.0	0.0	0.0
2019.3.14.cow.udder.1	-0.01935623523259564	0.3708387510533117	-0.004052403972289672	-0.06138978105497517	-0.008367694863004907	0.026784341263065836	-0.04988489680879192	-0.03803086003094568	0.04055089677459734	0.05605367992403877	-0.027815257674475728	-0.061967074379039595	0.020707035778320036	-0.0007955784988934173	0.02683338274786714	0.006853144508419652	0.027570475278196362	-0.02135810294873258	-0.050406387139457116	-0.01566789896396494	0.02981404194877682	0.02025084781425781	0.026311741715771036	-0.039722121682886954	-0.011756713094505511	0.0034798212626017165	0.012577746853334276	0.0012810849502323043	0.011899623820976158	-0.015808135700799475	-0.019854476750316163	-0.00476724876388105	-0.007595839941363458	-0.04455093473294095	0.023376199297502075	0.017491087353524122	0.018400607156567852	0.005264163839009301	0.02427583667971434	0.0012357739682491262	-0.0071044441946119165	-0.01556498835320328	0.006203115607508178	0.01252907890824842	0.0004413595932117601	-0.020833977127156296	0.0020559585940678237	-0.011964518880906955	0.003084580658755713	0.006337477525393075	-0.0028981834771763682	-0.013767397023939988	0.001954865531174026	-0.0023081330913257044	0.0038408796983162934	0.0013630045019006	-0.0	0.0	0.0	0.0	0.0	0.0	0.0	0.0	0.0	0.0	0.0	0.0	0.0	0.0	0.0	0.0	0.0	0.0	0.0	0.0	0.0	0.0	0.0	0.0	0.0	0.0	0.0	0.0
2019.3.14.cow.udder.10	-0.052747808586860116	0.35639957032463665	-0.043123861353725736	-0.02194194682332885	-0.05674792439984193	0.05131636756118504	0.017066900247516822	-0.09480720463112076	0.07800123064830458	0.00699474677246238	-0.005271604607375461	-0.058648799336273975	0.029520261157681214	0.03969113893226153	0.019156364096265338	-0.009648317276186518	0.007792988828692174	0.04994983407809216	-0.03458782182814518	-0.04781741518378466	-0.014085101188361763	0.06501066317947239	0.007719565201212734	-0.014101541319370662	-0.011019603608976292	-0.010213209820054588	0.03599830751183189	-0.016463860233843573	0.04935960290258224	-0.007706484868655572	0.0270971594888628	0.004426112927789518	-0.0035606305218073356	0.010222462545370781	0.006447016247909565	0.0017439185274180321	0.013089241435240885	0.0006141536478754075	-0.02750348638394478	0.003806667746992951	-0.022130155140057558	-0.0045183098988937	-0.0003536217807532776	-0.012304888657156515	0.00884365463283765	0.010621220308462914	-0.0007962388738044562	0.015166895401239467	0.018452369007091768	0.012762317374888211	0.014646790736725201	-0.0033244242357080827	-0.003713565198860985	-0.008081381466197855	-0.003021601754706248	-0.0019160459804468159	-0.0	0.0	0.0	0.0	0.0	0.0	0.0	0.0	0.0	0.0	0.0	0.0	0.0	0.0	0.0	0.0	0.0	0.0	0.0	0.0	0.0	0.0	0.0	0.0	0.0	0.0	0.0	0.0
2019.3.14.cow.udder.12	0.009353878636449011	0.40388797979305974	-0.002801892434708232	-0.007481860913397087	0.026826526591147287	0.03459562991700462	-0.1300607857561458	0.0038759845989726135	0.02171343635959711	0.053872929044333565	0.006997694820174233	-0.024603619006908734	0.004261810135313346	-0.003336258046181512	0.008840675579621418	-0.006391493240866407	0.02020526026127808	0.012193883324806034	-0.053660452028563274	0.040796586915189684	0.011656572143442965	0.015381595498574603	0.007121136986729476	-0.033017497419466454	0.019709572169070124	-0.0440271778252274	-0.0016191763676889539	0.005039000518903617	0.016538409550797176	-0.020751818216040593	-0.030068090777479073	-0.012151068719185218	-0.0186327772686594	0.0046494911956042025	0.01802916479287478	-0.03461735176365788	-0.017450215208403282	0.0020314384668130092	-0.03336176280210252	-0.02318002215348286	-0.007207950903537302	0.01567871782471992	-0.00690995056008274	0.018856419638224597	0.012400486619855381	0.017462321159719525	-0.020444818432593454	-0.004628915279129917	-0.013428639681660524	-0.009543647208453238	0.007311604078037726	0.011266363353077796	-0.0038786057052964413	0.00936118906999243	-0.002392301818515597	-0.0011440041140538379	-0.0	0.0	0.0	0.0	0.0	0.0	0.0	0.0	0.0	0.0	0.0	0.0	0.0	0.0	0.0	0.0	0.0	0.0	0.0	0.0	0.0	0.0	0.0	0.0	0.0	0.0	0.0	0.0
2019.3.14.cow.udder.13	-0.0903675842546169	0.30738133747771146	0.01150243866573057	-0.020774988996076747	0.008981044938027802	-0.002716582730648164	-0.06997895487726281	0.03627962386612901	0.030205372978883257	-0.007338024354872541	-0.03153965350996634	-0.014239716049056815	-0.015293684775897308	0.04277623136588054	-0.04493100833781617	-0.003081807849330081	-0.0032334024095445175	-0.05851040638680739	0.00992862826650338	0.01498309899188359	0.051575359007459104	-0.0047437781186349046	0.0003796887654397999	0.015603685692860376	0.01105793641409834	-0.04095727914986675	-0.037462198202368645	0.02295842041527069	0.0018473276142008973	0.030732770427486372	-0.014958942302792062	0.040618650088607544	0.03249269348792607	0.027379336293304607	-0.010847878252171794	0.023873163800466654	-0.007580856039324836	0.008903245902342321	-0.01177773936812188	-0.03323939695210722	0.004140390745480974	-0.004802594801602241	0.01389901819311289	-0.013775635914413213	0.0002690956762858086	-0.005253227183555193	0.005495863083851313	0.0059722417138064424	-0.007046763513401673	-0.004576595233840383	0.01560512674295059	-0.011492320035252947	-0.0034935505744906055	-0.004079043589601682	0.0016049738082483185	0.0071657838318775575	-0.0	0.0	0.0	0.0	0.0	0.0	0.0	0.0	0.0	0.0	0.0	0.0	0.0	0.0	0.0	0.0	0.0	0.0	0.0	0.0	0.0	0.0	0.0	0.0	0.0	0.0	0.0	0.0
2019.3.14.cow.udder.14	-0.03656388295444974	0.3549669267240465	-0.0014867556045740655	-0.061193391541821546	0.01045056939158601	-0.027519796535353996	-0.022284882254851732	-0.11653037568812645	-0.006053169462085374	0.0017577773881309626	-0.04551604457614072	-0.04458227794472391	-0.046062407709584655	0.051869487516886616	0.040243983114202846	0.0019506578542547225	0.05384353693490528	-0.07793592669636375	0.026296352896665418	0.018885177259156883	-0.020270212416289787	0.02143880014499443	-0.03430606174511378	0.009087360400869719	0.007004859284116204	-0.021178045264030058	0.006957219630861274	0.001684373230398625	0.024960793590155853	0.028128407540859036	-0.02829408347584172	-0.013411727157889953	-0.060469407950288635	-0.020057091765218398	-0.04446775169179709	-0.010594199924900485	-0.023291619466058885	0.01487710603006506	-0.014354747860147168	0.012737754398682235	-0.007295503171732415	-0.010037413698319522	0.010316915587070676	0.004635277603284838	-0.010289545541659771	0.010034364028584028	0.00795926606550973	-0.013187396643871037	-0.0023759717484010436	0.002762990144262236	-0.012998880240978108	-0.002553079485559723	0.0037463729357237177	0.0011351279985096002	-0.0022869496353996547	0.0002499198767462182	-0.0	0.0	0.0	0.0	0.0	0.0	0.0	0.0	0.0	0.0	0.0	0.0	0.0	0.0	0.0	0.0	0.0	0.0	0.0	0.0	0.0	0.0	0.0	0.0	0.0	0.0	0.0	0.0
2019.3.14.cow.udder.15	-0.10706623712051978	0.31931432834833945	0.017091191444883268	-0.05097628734980966	0.010850506333334484	-0.004261972097060564	-0.06074383494243151	-0.02676607382662874	0.04201003775253201	0.004083137779122785	-0.0590822789027882	-0.021741480510721688	-0.006727592499634631	0.07495812619458127	-0.025864767375438594	-0.014388017712912279	0.007603131747537779	-0.032434213423084786	0.036374948755951035	-0.028983406232147065	0.027232719806927912	-0.016333576223410015	-0.02245876403130256	0.013314290976138872	0.014634398049311137	0.02258034527778563	-0.013885518529747468	0.041607453124790646	0.015309079962617416	0.019246338961327412	0.004039548124960206	-0.017758649371050136	-0.012439193504777285	0.030188889018725292	0.026719709107526173	-0.0019402697154310684	-0.016013687244233157	-0.009179155301871182	0.030760217787211448	0.03353357016002067	0.02488655801340693	0.011279214063901215	-0.010772631488595691	0.011097943441270611	0.01722830561938033	0.003816057626880424	-0.01133993409889683	0.012923377645203068	0.014746119546375539	0.0034854519464662267	-0.004747681777035789	-0.0033352390611227725	0.0014245277046624717	0.003286380648942556	-0.0009230830828092438	-0.003665964746757764	-0.0	0.0	0.0	0.0	0.0	0.0	0.0	0.0	0.0	0.0	0.0	0.0	0.0	0.0	0.0	0.0	0.0	0.0	0.0	0.0	0.0	0.0	0.0	0.0	0.0	0.0	0.0	0.0
2019.3.14.cow.udder.19	-0.10514832485489407	0.29201836890322685	0.03023965844371405	-0.0669001803182631	-0.05421725765015244	0.04487294742866366	0.09837714435207086	-0.11672085702320661	-0.02170972243649552	0.03875125093369797	-0.07675913752854464	0.010845161441550625	0.045639182569494806	0.031456156618139844	0.053507410864999265	-0.03469304841842766	0.03798024812963648	0.020891948291709386	-0.0037428597109989375	0.011775050630704055	-0.027555091794956736	-0.06333119446611553	0.005971044259356222	-0.01367312603104499	-0.012968350019732969	-0.016088323452536014	0.014765284982478196	0.01935264575303257	-0.013951472143430826	0.012931239597989431	0.018523904339421048	0.03235518023094339	0.026101289667396204	0.01577331988015496	0.014563331297158973	-0.01013038022718269	0.001763480168142762	0.008036190007241107	0.00863041621953094	-0.003525858011599059	-0.006135375110749207	-0.006269768954091918	0.015663943009185218	0.0041232737566161935	-0.005701010148537589	0.0027741904405009636	-0.014917794579257864	0.0074615803352677075	0.018720215158593886	0.007486251852295505	0.003081028591626435	0.003332310095031716	-0.007087148755767268	0.006779051724464728	-0.00021081476856754178	0.004331259430679232	-0.0	0.0	0.0	0.0	0.0	0.0	0.0	0.0	0.0	0.0	0.0	0.0	0.0	0.0	0.0	0.0	0.0	0.0	0.0	0.0	0.0	0.0	0.0	0.0	0.0	0.0	0.0	0.0
2019.3.14.cow.udder.20	-0.03648914962228365	0.37328837307713375	-0.02135038698165951	-0.08616032299295584	-0.06382102372111194	0.08231514950131304	0.07280512763374415	-0.20823900415689947	0.0109546140256014	0.003396155706033073	-0.051001975671778645	-0.015046513534632032	0.016165138330842266	-0.05759956832697812	0.04031316146782949	-0.03301937130596332	0.060836817173844225	0.04217638222832439	0.027873030844379785	0.05352305641536801	-0.038581878842081516	-0.07873313572970447	0.027027330477986937	-0.034996622329325815	0.015218318978812146	-0.03516510667053518	-0.00600893190176673	0.020854772458704644	-0.01732259616619952	-0.0050703718605096945	0.02838747512091347	0.00560064943534785	0.014383519245631795	-0.001641787926503466	-0.01795532893340746	0.023208840073712413	-0.01601128389949832	-0.006273449275734993	0.012106158083466677	-0.018501894789406365	-0.007873655563769299	0.01250674288726094	-0.009418416714883852	-0.0031762399777489994	0.010003087926053618	-0.003540133757918269	0.0011894069785100057	-0.012053076544647112	0.0012617442222906097	-0.014697244946353862	-0.0063183431164296954	-0.0009058676258249099	-0.0013827989319305902	-0.006934952550667684	0.0001964291849085064	-0.0025087373774926956	-0.0	0.0	0.0	0.0	0.0	0.0	0.0	0.0	0.0	0.0	0.0	0.0	0.0	0.0	0.0	0.0	0.0	0.0	0.0	0.0	0.0	0.0	0.0	0.0	0.0	0.0	0.0	0.0
2019.3.14.cow.udder.4	-0.05311372242791519	0.3609209945863943	-0.0009170138244069477	-0.0471811904955225	-0.02330295337165307	0.032123376518926994	-0.012599932754137956	-0.06062213881178301	0.032961070636712185	0.013137353552360398	-0.040066191117696215	-0.026575050080263507	-0.023443768873807894	0.052828251578795095	0.016578983023636508	-0.024611676849600493	0.00825341006553605	-0.00272728347888406	0.05135953350630233	-0.02021264823175376	-0.021824722574307537	-0.0019170096023503707	0.012737440110708268	-0.012299014876255041	0.003984451020838942	-0.01888736662715509	0.003436931731511627	0.009568864220128724	0.005173183601611228	0.009353189353902308	-0.002720258372198156	-0.01899255792360913	0.039820601619014594	-0.04534133930065926	0.009008231943889259	-0.0110685372147738	0.02217106691913795	0.010176276773189268	-0.01533646572000288	5.9693708889846156e-05	0.00629943304106097	-0.015107753083224852	-0.022226327533520284	-0.02230262772784042	-0.009404192400476238	-0.0027826442121386317	0.01055757007512128	0.007180842145562848	-0.016283243382975023	-0.0011806207410429688	-0.0018156677294048655	0.0051059462304091805	0.0015246958497491614	0.004187088001422946	0.005959415816427998	0.0011609120671647892	-0.0	0.0	0.0	0.0	0.0	0.0	0.0	0.0	0.0	0.0	0.0	0.0	0.0	0.0	0.0	0.0	0.0	0.0	0.0	0.0	0.0	0.0	0.0	0.0	0.0	0.0	0.0	0.0
2019.3.14.cow.udder.5	0.22139320444815616	0.5332028306001643	-0.07813685672659212	-0.0008081627821762988	0.03646906019667097	0.08134712671279833	-0.20649164929100683	-0.012131489671921602	0.08079492585745889	0.08377506830499833	0.13288146022222003	-0.1016009871148829	-0.03801012392620057	0.00014287508684063328	0.046615538335380256	0.04384957234692598	0.008388433531617355	-0.024917712059802827	-0.012955801056211278	0.007645382570745228	0.018734509526083753	-0.08465297281611896	-0.038365747445790646	0.06954767419590223	-0.031904982018494746	0.0040798326266998225	0.0006919916866882615	-0.02454729235807396	0.019972391662196422	-0.020573744625789918	0.013927168395544488	0.050302516932942645	-0.01786707446277641	-0.022051718758465327	0.012550819633660098	-0.024384133017888984	-0.012076975097636963	-0.004411859717309405	0.014373313023750979	-0.0037372549843579595	-0.01312277107314732	0.007006055440973857	-0.0042253821041779134	-0.004023706935376044	0.003218754767069515	-0.002019320279651361	0.012361653624422101	0.004388353996597258	-0.007190364225045087	-0.0016752355444584386	0.0008120553427300784	0.005932177473718034	-0.0015307951361290912	-0.0004850959453570207	0.00023880204573848617	-0.0004951637596181625	-0.0	0.0	0.0	0.0	0.0	0.0	0.0	0.0	0.0	0.0	0.0	0.0	0.0	0.0	0.0	0.0	0.0	0.0	0.0	0.0	0.0	0.0	0.0	0.0	0.0	0.0	0.0	0.0
2019.3.14.cow.udder.9	-0.17370837518278548	0.22427316372722753	-0.12027280904080392	0.06385048667317854	-0.10942964575262301	0.025834553998169488	0.12598775357529557	-0.07043434392721369	0.07969313304586723	-0.11092274690295369	0.019858431517338352	-0.039436955401305596	0.048107835701851655	0.11036507244756813	-0.004020077744471287	-0.06624067416460909	0.00891516474784154	-0.058895879888286505	-0.02612107771620151	0.022263833307264436	0.028986219923848623	0.020627544769082278	0.031062148029361695	-0.007980043484873871	0.01726591872761988	0.014694909751406108	0.01027718722533911	0.05487371685181295	-0.030314165680732218	-0.05330417763006248	-0.016250342847579292	-0.011378308082537448	-0.006954936976858071	0.030382613553788247	0.01368961911015459	-0.008060484984759671	0.003918843979104582	-0.008994469926996637	0.01175903180669221	-0.01007161106495213	0.004211701522968915	-0.0023344590092299095	0.009626019071399856	0.0005825387643578797	-0.028414332208723653	0.007371163493709931	0.0027858942610702883	-0.011599759672379905	-0.011176243276540383	0.008856303266584162	-0.001384021444028365	-0.0017908330859219912	0.0017074623429036218	0.001547931488435645	0.00014586063806935266	-6.341123501861371e-05	-0.0	0.0	0.0	0.0	0.0	0.0	0.0	0.0	0.0	0.0	0.0	0.0	0.0	0.0	0.0	0.0	0.0	0.0	0.0	0.0	0.0	0.0	0.0	0.0	0.0	0.0	0.0	0.0
PC1.3	0.9618787281158355	-0.10991043857988593	-0.03710544444946346	-0.028651929574163636	0.3797181820299105	-0.14775723753656597	-0.24177209889979026	-0.049685674271361176	-0.03697656793388556	-0.09750937759326332	-0.016470862479555985	0.04384891844881159	0.1405160667003834	0.014123938958004928	-0.03411302889096518	-0.05619565375074325	0.019897730193143538	0.008359860263157111	-0.017072623365819457	-0.01052076379598162	-0.010247923827881129	-0.0328505899490448	-0.02683276870215412	-0.002519633348214472	-0.02841485280841863	-0.01392994808872416	-0.014919454449011075	-0.026608646086184705	-0.03091330753310628	-0.008184488146061005	0.015139926521375505	-0.003566054180203694	-0.005137310406839055	0.009744484554202256	0.005062224065164416	0.006030049707521863	0.008187010507459652	0.00207008440242465	0.0006989843272516911	0.0083293353588237	-0.020012328001834508	0.006263176254583017	0.0019803730609398913	0.00013791393798922926	-0.0015161548060268872	0.006947597524250516	0.015598945620360407	0.004522232555690904	-0.0007536582494938497	0.003793297106317126	-0.0060754878762317305	-0.002069850229057613	0.0018648073871536965	-0.0003790125763619959	-0.0003494922372276358	0.0002508868100963185	-0.0	0.0	0.0	0.0	0.0	0.0	0.0	0.0	0.0	0.0	0.0	0.0	0.0	0.0	0.0	0.0	0.0	0.0	0.0	0.0	0.0	0.0	0.0	0.0	0.0	0.0	0.0	0.0
PC1.4	0.9807281096141294	-0.1345197076339745	-0.023589549296826617	-0.020929834761457818	0.36617527861682864	-0.1145293038778402	-0.2192769439580447	-0.0734377710438798	-0.04480805058727338	-0.11435461029690912	-0.06549487464565003	0.07118065557747931	0.11667605853045385	0.01559148381093757	-0.012938599249774474	-0.07217211744552125	0.01758655649356789	0.021646195465062742	-0.03346720503384331	0.006501811212308783	0.03201548701727037	0.010642463707704847	-0.015043813474517055	-0.03039249833430193	0.02724416790063791	-0.004230427026157506	-0.009552296426827037	0.0013682122614256079	0.029192622001911465	-0.004928262589025277	-0.003202798385466599	0.02099348484304241	-0.023165457753337358	-0.0009375352773964106	0.007172521721392565	-0.0029812308004387336	-0.0032708313264776107	0.01278789877119618	-0.0022454982088139994	0.005539700889426912	0.018612918000220174	-0.005693272529178307	-0.0018335312877705728	-0.007528161050759213	-0.0014283176778070452	-0.012379952672973506	-0.005556550472482766	-0.0017864228887118333	-0.003041432089353144	-0.006411178059724336	0.00549068576627849	0.009700688416131874	-0.003249227546087241	-0.0008702569565732324	0.0009028549579147906	-0.001689220842129908	-0.0	0.0	0.0	0.0	0.0	0.0	0.0	0.0	0.0	0.0	0.0	0.0	0.0	0.0	0.0	0.0	0.0	0.0	0.0	0.0	0.0	0.0	0.0	0.0	0.0	0.0	0.0	0.0

Biplot	0	0

Site constraints	0	0
